date,btc_price,sp500,nasdaq,vix,dgs10,dollar_index,btc_return,sp500_return,nasdaq_return,dollar_index_return,vix_change,dgs10_change
2017-01-04,1130.3,2270.75,5477,11.85,2.46,118.8803,10.202380981317827,0.570599837235708,0.8787815308078706,-0.17649243605033504,-1,0.009999999999999787
2017-01-05,1007,2269,5487.94,11.67,2.37,117.9999,-11.550747047812315,-0.07709676024818535,0.19954516176277082,-0.7433327511749077,-0.17999999999999972,-0.08999999999999986
2017-01-06,895.71,2276.98,5521.06,11.32,2.42,118.3495,-11.711419284735136,0.3510797758279338,0.6016913420092251,0.2958334186313749,-0.34999999999999964,0.04999999999999982
2017-01-09,902.66,2268.9,5531.82,11.56,2.38,118.4111,0.7729259941199551,-0.3554871008026872,0.19470044728819857,0.05203568616565235,0.2400000000000002,-0.040000000000000036
2017-01-10,907,2268.9,5551.82,11.49,2.38,118.5386,0.47964903027253314,0,0.36089266174723633,0.1076177874928419,-0.07000000000000028,0
2017-01-11,795.77,2275.32,5563.65,11.26,2.38,119.0219,-13.083225074694127,0.28255693040186713,0.212856576763798,0.406886386228944,-0.23000000000000043,0
2017-01-12,812.25,2270.44,5547.49,11.54,2.36,117.8001,2.0497975181014816,-0.21470565426557897,-0.2908794488099886,-1.0318389679306428,0.27999999999999936,-0.020000000000000018
2017-01-13,831.42,2274.64,5574.12,11.23,2.4,117.9884,2.332690778946933,0.1848152813804127,0.47888841441192653,0.15971944350967604,-0.3099999999999987,0.040000000000000036
2017-01-17,906,2267.89,5538.73,11.87,2.33,117.2656,8.590422370430062,-0.2971914315658353,-0.6369224751315627,-0.614486703199546,0.6399999999999988,-0.06999999999999984
2017-01-18,887.99,2271.89,5555.65,12.48,2.42,117.7242,-2.00788243754797,0.17622003864135038,0.30501953454269426,0.39031530918842705,0.6100000000000012,0.08999999999999986
2017-01-19,902.92,2263.69,5540.08,12.78,2.47,118.3182,1.6673474247877351,-0.36158590231876175,-0.28064868592849734,0.503300469653567,0.29999999999999893,0.050000000000000266
2017-01-20,894.31,2271.31,5555.33,11.54,2.48,NA,-0.9581484695758036,0.3360532379786285,0.2748886179581689,NA,-1.2400000000000002,0.009999999999999787
2017-01-23,910.7,2265.2,5552.94,11.77,2.41,117.2479,1.8161063354154017,-0.269370229296495,-0.04303100369149604,NA,0.23000000000000043,-0.06999999999999984
2017-01-24,887,2280.07,5600.96,11.07,2.47,117.0516,-2.63685522641941,0.6543088991933566,0.8610494389523993,-0.1675633502675744,-0.6999999999999993,0.06000000000000005
2017-01-25,896,2298.37,5656.34,10.81,2.53,116.9355,1.0095430665351124,0.7994031790009792,0.9839028321387389,-0.09923624809040632,-0.2599999999999998,0.05999999999999961
2017-01-26,917.02,2296.68,5655.18,10.63,2.51,117.2766,2.3188869294512138,-0.07355741836105878,-0.020510064148204776,0.29127465332514646,-0.17999999999999972,-0.020000000000000018
2017-01-27,922.63,2294.69,5660.78,10.58,2.49,117.0735,0.6099005125964396,-0.08668437196783785,0.09897526073174845,-0.1733304580185724,-0.05000000000000071,-0.019999999999999574
2017-01-30,923.23,2280.9,5613.71,11.88,2.49,116.7325,0.06501034976995612,-0.6027656215803034,-0.8349871874965942,-0.29169503073998015,1.3000000000000007,0
2017-01-31,970.01,2278.87,5614.79,11.99,2.45,116.2241,4.942798982953267,-0.08903958463326589,0.01923676365187532,-0.4364768434427013,0.10999999999999943,-0.040000000000000036
2017-02-01,992.75,2279.55,5642.65,11.81,2.48,116.3914,2.3172489288722176,0.02983489915555637,0.4949625648107414,0.143842546043782,-0.17999999999999972,0.029999999999999805
2017-02-02,1008.38,2280.85,5636.2,11.93,2.48,115.903,1.5621491706274249,0.05701254430370284,-0.11437337500037614,-0.42050150125305663,0.11999999999999922,0
2017-02-03,1018,2297.42,5666.77,10.97,2.49,115.6259,0.9494835392832357,0.7238573675816262,0.5409210948750243,-0.239365480772058,-0.9599999999999991,0.010000000000000231
2017-02-06,1022.58,2292.56,5663.55,11.37,2.42,116.0504,0.4488927354731942,-0.21176570774645853,-0.056838643333811945,0.36645999186033507,0.3999999999999986,-0.07000000000000028
2017-02-07,1053.96,2293.08,5674.22,11.29,2.4,116.4082,3.022565325182658,0.022679495216770817,0.18822049045006395,0.307840004679516,-0.08000000000000007,-0.020000000000000018
2017-02-08,1056.7,2294.67,5682.45,11.45,2.34,116.1382,0.25963457299589265,0.06931502647971044,0.14493687745975592,-0.2322118263927031,0.16000000000000014,-0.06000000000000005
2017-02-09,994.24,2307.87,5715.18,10.88,2.4,116.306,-6.092749724230284,0.5735978912330353,0.5743315052052722,0.14437876199844268,-0.5699999999999985,0.06000000000000005
2017-02-10,1001.99,2316.1,5734.13,10.85,2.41,116.148,0.7764675350406591,0.35597154352586813,0.3310246172752329,-0.1359408952583685,-0.030000000000001137,0.010000000000000231
2017-02-13,1002.82,2328.25,5763.96,11.07,2.43,116.3427,0.08280086865291025,0.5232175748100865,0.5188699501408323,0.16749060974587948,0.22000000000000064,0.020000000000000018
2017-02-14,1013.92,2337.58,5782.57,10.74,2.47,116.3949,1.1007975333588327,0.3999293774357149,0.32234820529541963,0.04485738520569882,-0.33000000000000007,0.040000000000000036
2017-02-15,1014.53,2349.25,5819.44,11.97,2.51,116.2162,0.06014444707913569,0.4979922087049893,0.6355816641749001,-0.1536470401931389,1.2300000000000004,0.03999999999999959
2017-02-16,1038.94,2347.22,5814.9,11.76,2.45,116.0067,2.3775511551303197,-0.08644791200298485,-0.07804482644377941,-0.18043014434470095,-0.21000000000000085,-0.05999999999999961
2017-02-17,1057.3,2351.16,5838.58,11.49,2.42,116.4035,1.7517526141179296,0.16771742275309975,0.40640276710810497,0.34146555147156477,-0.2699999999999996,-0.03000000000000025
2017-02-21,1128.29,2365.38,5865.95,11.57,2.43,116.5921,6.498472347556916,0.6029862181035739,0.46768302337749645,0.16189150455341306,0.08000000000000007,0.010000000000000231
2017-02-22,1128.71,2362.82,5860.63,11.74,2.42,116.2136,0.0372175458438484,-0.10828646208507209,-0.09073404803423557,-0.3251641463206667,0.16999999999999993,-0.010000000000000231
2017-02-23,1186.9,2363.81,5835.51,11.71,2.38,115.6527,5.026947838997131,0.04189031146832889,-0.42954408246966835,-0.48381424477028645,-0.02999999999999936,-0.040000000000000036
2017-02-24,1186.91,2367.34,5845.31,11.47,2.31,115.8143,8.425274137913163e-4,0.14922378935526837,0.1677964783187491,0.13963115801027826,-0.2400000000000002,-0.06999999999999984
2017-02-27,1195.81,2369.75,5861.9,12.09,2.36,115.6764,0.7470488677681963,0.10175023940544037,0.283415281776378,-0.11914086942752533,0.6199999999999992,0.04999999999999982
2017-02-28,1195.08,2363.64,5825.44,12.92,2.36,116.0032,-0.061065128273085634,-0.2581660667547503,-0.623925003925585,0.28211393385122463,0.8300000000000001,0
2017-03-01,1230,2395.96,5904.03,12.54,2.46,116.438,2.880104063491462,1.3581181939564146,1.3400635506359393,0.3741165569040028,-0.3800000000000008,0.10000000000000009
2017-03-02,1269.17,2381.92,5861.22,11.81,2.49,116.8429,3.134897412656823,-0.5877100476419983,-0.7277395539638576,0.34713549767451113,-0.72999999999999865,0.03000000000000025
2017-03-03,1292.86,2383.12,5870.75,10.96,2.49,116.6438,1.8493675087936978,0.05036683953827392,0.16246209453516514,-0.17054508737146534,-0.8499999999999996,0
2017-03-06,1284.99,2375.31,5849.17,11.24,2.49,116.4313,-0.6105882383096173,-0.32825982574173906,-0.36826231558695355,-0.1823447111076959,0.27999999999999936,0
2017-03-07,1237.36,2368.39,5833.93,11.45,2.52,116.4303,-3.7770858467987445,-0.29175558777589927,-0.2608898091100542,-8.588792656638589e-4,0.20999999999999908,0.029999999999999805
2017-03-08,1150.22,2362.98,5837.55,11.86,2.57,116.875,-7.302684932110637,-0.228686505504605,0.06203155240083191,0.38121769077452683,0.41000000000000014,0.04999999999999982
2017-03-09,1197.3,2364.87,5838.81,12.3,2.6,116.9959,4.011579331401993,0.07995177937871745,0.021582068468184445,0.10339038398514688,0.4400000000000013,0.03000000000000025
2017-03-10,1109.01,2372.6,5861.73,11.66,2.58,116.616,-7.660129628053358,0.3263348099308061,0.3917772909023398,-0.32524056769913656,-0.6400000000000006,-0.020000000000000018
2017-03-13,1245.49,2373.47,5875.78,11.35,2.62,116.4004,11.606130132368442,0.0366619122661227,0.23940353125198044,-0.18505140541611453,-0.3100000000000005,0.040000000000000036
2017-03-14,1247.42,2365.45,5856.82,12.3,2.6,116.5646,0.1548391546907446,-0.33847406821552184,-0.32320229965456804,0.14096540440879934,0.9500000000000011,-0.020000000000000018
2017-03-15,1263,2385.26,5900.05,11.63,2.51,116.3584,1.2412425037634733,0.8339854388316859,0.7354031273530737,-0.17705426588765505,-0.6699999999999999,-0.0900000000000003
2017-03-16,1175.11,2381.38,5900.76,11.21,2.53,115.4456,-7.212808313275509,-0.1627981495114561,0.012033072320605243,-0.7875659765210763,-0.41999999999999993,0.020000000000000018
2017-03-17,1069.57,2378.25,5901,11.28,2.5,115.2783,-9.410506169171384,-0.13152284741453357,0.004067189978940178,-0.14502184586957512,0.06999999999999851,-0.029999999999999805
2017-03-20,1044.96,2373.47,5901.53,11.34,2.47,115.0426,-2.3278091371675025,-0.20119037369017434,0.008981125239415633,-0.2046710327021195,0.0600000000000005,-0.029999999999999805
2017-03-21,1114.42,2344.02,5793.83,12.47,2.43,114.8119,6.435548302744909,-1.2485615265953598,-1.8418081107986595,-0.2007357501957685,1.1300000000000008,-0.040000000000000036
2017-03-22,1034.57,2348.45,5821.64,12.81,2.4,114.7937,-7.434820874650061,0.1888131971474749,0.478845077100587,-0.015853271904564536,0.33999999999999986,-0.03000000000000025
2017-03-23,1025.14,2345.96,5817.69,13.12,2.41,114.7899,-0.9156692823864887,-0.10608362855029085,-0.06787332521103195,-0.0033103409828427743,0.3099999999999987,0.010000000000000231
2017-03-24,934.87,2343.98,5828.74,12.96,2.4,114.63720000000001,-9.217698542249853,-0.08443605323886771,0.18975777668757132,-0.1331141984080908,-0.15999999999999837,-0.010000000000000231
2017-03-27,1042.08,2341.59,5840.37,12.5,2.38,114.2347,10.856651260915928,-0.1020153452953032,0.19932974923921876,-0.35172549792843455,-0.46000000000000085,-0.020000000000000018
2017-03-28,1045.4,2358.57,5875.14,11.53,2.42,114.419,0.31808714807297633,0.7225317380816776,0.5935738535930213,0.16120451137382474,-0.9700000000000006,0.040000000000000036
2017-03-29,1043.27,2361.13,5897.55,11.42,2.39,114.7167,-0.20395761306257754,0.10848148191859863,0.38071208989371996,0.2598461675818342,-0.10999999999999943,-0.029999999999999805
2017-03-30,1042.34,2368.06,5914.34,11.54,2.42,114.5245,-0.08918254722978247,0.2930736536392864,0.2842900045322949,-0.1676836842900542,0.11999999999999922,0.029999999999999805
2017-03-31,1088.99,2362.72,5911.74,12.37,2.4,114.7938,4.378247547844616,-0.22575567952731745,-0.04397061480876374,0.23487015541032719,0.8300000000000001,-0.020000000000000018
2017-04-03,1152.6,2358.84,5894.68,12.38,2.35,114.8734,5.676959884822175,-0.16435249677559938,-0.28899551046865923,0.06931769376494756,0.010000000000001563,-0.04999999999999982
2017-04-04,1143.99,2360.16,5898.61,11.79,2.36,115.0038,-0.7498108359768274,0.055944057403145564,0.06664807098744063,0.11345188995415256,-0.5900000000000016,0.009999999999999787
2017-04-05,1132.99,2352.95,5864.48,12.89,2.34,114.9494,-0.9661995779072008,-0.30595532989128316,-0.5802913311699243,-0.047313976074114805,1.1000000000000014,-0.020000000000000018
2017-04-06,1192.3,2357.49,5878.95,12.39,2.34,115.0181,5.102405894836082,0.19276336842422026,0.2464357912995041,0.05974757480400328,-0.5,0
2017-04-07,1194,2355.54,5877.81,12.87,2.38,115.0547,0.1424800140461535,-0.08274931885736692,-0.019393098159170563,0.031816016764008026,0.47999999999999865,0.040000000000000036
2017-04-10,1210,2357.16,5880.93,14.05,2.37,115.11,1.3311344638238687,0.06875040056906201,0.053066911475418976,0.04805254764441713,1.1800000000000015,-0.009999999999999787
2017-04-11,1223.99,2353.78,5866.77,15.07,2.32,115.009,1.1495654513470122,-0.14349580253538718,-0.24106858121086816,-0.08778067563772751,1.0199999999999996,-0.050000000000000266
2017-04-12,1214.17,2344.93,5836.16,15.77,2.28,114.9162,-0.8055298339582073,-0.3766995820262409,-0.5231180534133628,-0.08072190872425722,0.6999999999999993,-0.040000000000000036
2017-04-13,1177.05,2328.95,5805.15,15.96,2.24,114.5059,-3.1049407523082273,-0.6838028476069624,-0.5327591713813362,-0.3576817032318047,0.19000000000000128,-0.03999999999999959
2017-04-17,1189.91,2349.01,5856.79,14.66,2.26,114.3283,1.0866365751770246,0.857644056804574,0.8856217322524174,-0.15522158458720625,-1.3000000000000007,0.019999999999999574
2017-04-18,1201.94,2342.19,5849.47,14.42,2.18,114.2575,1.0059244050580674,-0.2907573671845576,-0.12506130829255113,-0.061946107119581484,-0.2400000000000002,-0.07999999999999963
2017-04-19,1214.21,2338.17,5863.03,14.93,2.21,114.7923,1.0156741493949184,-0.17178170006362237,0.2315475954478785,0.46697353312641354,0.5099999999999998,0.029999999999999805
2017-04-20,1236.15,2355.84,5916.78,14.15,2.24,114.6205,1.7908051339610154,0.752877964253873,0.9125847196067127,-0.14977371107054438,-0.7799999999999994,0.03000000000000025
2017-04-21,1249.99,2348.69,5910.52,14.63,2.24,114.8128,1.1133840386844618,-0.30396258521454556,-0.10585679883927668,0.16763045733139137,0.4800000000000004,0
2017-04-24,1257.29,2374.15,5983.82,10.84,2.28,114.3659,0.5823059751898008,1.078175277383675,1.2325345994806725,-0.39000183389727994,-3.790000000000001,0.03999999999999959
2017-04-25,1281.16,2388.61,6025.49,10.76,2.35,114.5111,1.8807306500815635,0.607212810606228,0.6939643864768641,0.126880393817963,-0.08000000000000007,0.07000000000000028
2017-04-26,1298.44,2387.45,6025.23,10.85,2.32,114.9479,1.3397626356048242,-0.04857560511428716,-0.004315094866313984,0.380722070274242,0.08999999999999986,-0.03000000000000025
2017-04-27,1349.26,2388.77,6048.94,10.36,2.3,114.9946,3.8392750123099617,0.05527383720211887,0.3927397158749457,0.040618850923301864,-0.4900000000000002,-0.020000000000000018
2017-04-28,1353.34,2384.2,6047.61,10.82,2.29,114.7877,0.3019317027701085,-0.1914950815332439,-0.02198974096518924,-0.18008354509024826,0.46000000000000085,-0.009999999999999787
2017-05-01,1436.5,2388.33,6091.6,10.11,2.33,114.5921,5.963398839543466,0.17307386358744736,0.7247620324342563,-0.1705468811207922,-0.7100000000000009,0.040000000000000036
2017-05-02,1471.99,2391.17,6095.37,10.59,2.29,114.6792,2.4405627368140337,0.11884089692433264,0.06186935916403513,0.07597985808969199,0.4800000000000004,-0.040000000000000036
2017-05-03,1533,2388.13,6072.55,10.68,2.33,114.6637,4.061137308432983,-0.12721529972958834,-0.3750850885660739,-0.013516878022912238,0.08999999999999986,0.040000000000000036
2017-05-04,1563.39,2389.52,6075.34,10.46,2.36,114.9076,1.9629940578236749,0.05818760433342618,0.045933903732375825,0.21248308631394153,-0.21999999999999886,0.029999999999999805
2017-05-05,1551.3,2399.29,6100.76,10.57,2.36,114.7725,-0.7763251379765634,0.40803513003337955,0.41753988437882583,-0.11764189895524524,0.10999999999999943,0
2017-05-08,1713,2399.38,6102.66,9.77,2.39,115.0895,9.91529302538341,0.0037510393508632944,0.031138812158282292,0.2758178393697186,-0.8000000000000007,0.03000000000000025
2017-05-09,1720.43,2396.92,6120.59,9.96,2.42,115.3933,0.43280402385867944,-0.10257908036237495,0.29337554022337287,0.26362069181766756,0.19000000000000128,0.029999999999999805
2017-05-10,1794.99,2399.63,6129.14,10.21,2.41,115.1145,4.242519131351408,0.11299789591925347,0.139594936189269,-0.24190082587409734,0.25,-0.009999999999999787
2017-05-11,1837.93,2394.44,6115.96,10.6,2.39,115.0669,2.3640487439300806,-0.21651757390088733,-0.21526986451387842,-0.041358685522396854,0.3899999999999988,-0.020000000000000018
2017-05-12,1695.61,2390.9,6121.23,10.4,2.33,114.7479,-8.059738023706764,-0.14795189665717245,0.0861308899477109,-0.2776150229472307,-0.1999999999999993,-0.06000000000000005
2017-05-15,1747.81,2402.32,6149.67,10.42,2.34,114.3504,3.0321017577052523,0.4765073002474196,0.4635365119632695,-0.3470129624571605,0.019999999999999574,0.009999999999999787
2017-05-16,1777.48,2400.67,6169.87,10.65,2.33,113.9923,1.6833055200501157,-0.06870720384215545,0.3279346161097152,-0.31365162413719005,0.23000000000000043,-0.009999999999999787
2017-05-17,1813.23,2357.03,6011.24,15.59,2.22,113.7506,1.991315440803021,-1.834551314368671,-2.604671794243174,-0.21225697112337016,4.9399999999999995,-0.10999999999999988
2017-05-18,1899.16,2365.72,6055.13,14.66,2.23,114.2683,4.6301897869990505,0.3680063440703485,0.7274796573364384,0.45408594599409824,-0.9299999999999997,0.009999999999999787
2017-05-19,1976.23,2381.73,6083.7,12.04,2.23,113.7001,3.9779306161340955,0.6744699024732626,0.4707216882389176,-0.4984911738784348,-2.620000000000001,0
2017-05-22,2123.29,2394.02,6133.62,10.93,2.25,113.5442,7.177578323121558,0.5146846937212679,0.8172050468436609,-0.13720918364823476,-1.1099999999999994,0.020000000000000018
2017-05-23,2272.75,2398.42,6138.71,10.72,2.29,113.6862,6.802377947538307,0.18362259042570273,0.08295083805371917,0.12498329315500101,-0.20999999999999908,0.040000000000000036
2017-05-24,2432.97,2404.39,6163.02,10.02,2.26,113.675,6.812218124930691,0.2486045908441703,0.3952294782081367,-0.00985216475735129,-0.7000000000000011,-0.03000000000000025
2017-05-25,2355,2415.07,6205.26,9.99,2.25,113.3719,-3.2572005800756365,0.4432039059246051,0.6830402323258156,-0.26699345382406037,-0.02999999999999936,-0.009999999999999787
2017-05-26,2272.7,2415.82,6210.19,9.81,2.25,113.4839,-3.5572175470552025,0.031050179409053413,0.07941718196455838,0.09874114666654776,-0.17999999999999972,0
2017-05-30,2191.58,2412.91,6203.19,10.38,2.21,113.5552,-3.6345807110220285,-0.12052860078259897,-0.1127815428509038,0.06280856675697777,0.5700000000000003,-0.040000000000000036
2017-05-31,2303.29,2411.8,6198.52,10.41,2.21,113.2956,4.971579073284982,-0.04601312906196142,-0.07531219841041548,-0.22887299786606974,0.02999999999999936,0
2017-06-01,2419.99,2430.06,6246.83,9.89,2.21,113.3017,4.942487230819381,0.7542591718300073,0.7763581200945779,0.005384000604991002,-0.5199999999999996,0
2017-06-02,2478.99,2439.07,6305.8,9.75,2.15,113.1908,2.4087811231633616,0.3700870703284842,0.9395709714832279,-0.09792819529357288,-0.14000000000000057,-0.06000000000000005
2017-06-05,2698,2436.1,6295.68,10.07,2.18,112.9755,8.465953862527797,-0.12184192007351768,-0.16061608915123315,-0.19039093360611048,0.3200000000000003,0.03000000000000025
2017-06-06,2871.29,2429.33,6275.06,10.45,2.14,112.7095,6.22506483531966,-0.2782900738150573,-0.3280637177079271,-0.2357268964919612,0.379999999999999,-0.040000000000000036
2017-06-07,2685.64,2433.14,6297.38,10.39,2.18,112.8191,-6.684234531517141,0.15671051049048756,0.3550627157325792,0.09719388904816384,-0.05999999999999872,0.040000000000000036
2017-06-08,2799.73,2433.79,6321.76,10.16,2.19,112.8351,4.160392313660655,0.026710883610991942,0.38639765203356546,0.014180990229206714,-0.23000000000000043,0.009999999999999787
2017-06-09,2811.39,2431.77,6207.92,10.7,2.21,112.9562,0.41560390022894467,-0.08303258478186137,-1.8171754202837676,0.10726720791431887,0.5399999999999991,0.020000000000000018
2017-06-12,2655.71,2429.39,6175.46,11.46,2.21,112.9837,-5.696698405659273,-0.09791902303826205,-0.5242522533315253,0.024342756755935113,0.7600000000000016,0
2017-06-13,2709.01,2440.35,6220.37,10.42,2.21,112.6271,1.987121558929239,0.45012746082839783,0.7246016845810388,-0.3161198816403754,-1.040000000000001,0
2017-06-14,2432.21,2437.92,6194.89,10.64,2.15,112.0734,-10.778294543488709,-0.09962549022448641,-0.4104631844024098,-0.49283479183763745,0.22000000000000064,-0.06000000000000005
2017-06-15,2409.98,2432.46,6165.5,10.9,2.16,112.8708,-0.9181860347355908,-0.22421257837548225,-0.47555223399697866,0.7089787957303528,0.2599999999999998,0.010000000000000231
2017-06-16,2480.43,2433.15,6151.76,10.38,2.16,112.6155,2.881348353091795,0.028362322694341913,-0.22310165895920164,-0.22644400931817188,-0.5199999999999996,0
2017-06-19,2596.98,2453.46,6239.01,10.37,2.19,112.7576,4.591729921341248,0.8312558992557229,1.4083296209474128,0.1261020226728249,-0.010000000000001563,0.029999999999999805
2017-06-20,2725.08,2437.03,6188.03,10.86,2.16,113.2698,4.814855402516827,-0.6719188389873842,-0.82047351561787,0.45322016423829936,0.4900000000000002,-0.029999999999999805
2017-06-21,2643.35,2435.61,6233.95,10.75,2.16,113.3327,-3.0450733353431403,-0.058284627643256925,0.7393379988267057,0.0555157172718701,-0.10999999999999943,0
2017-06-22,2679.99,2434.5,6236.69,10.48,2.15,113.1654,1.3766011043511384,-0.045584186772806845,0.04394321452760863,-0.1477275353970242,-0.2699999999999996,-0.010000000000000231
2017-06-23,2690.76,2438.3,6265.25,10.02,2.15,112.8665,0.40106184187820304,0.15596785299303306,0.4568898856033954,-0.2644760976019178,-0.46000000000000085,0
2017-06-26,2407.91,2439.07,6247.15,9.9,2.14,112.7633,-11.10645302584885,0.03157439383913996,-0.2893132033035428,-0.09147728464640181,-0.11999999999999922,-0.009999999999999787
2017-06-27,2575.75,2419.38,6146.62,11.06,2.21,112.55,6.738160251022585,-0.8105510111855452,-1.6223022508064844,-0.1893364161994704,1.1600000000000001,0.06999999999999984
2017-06-28,2553.12,2440.69,6234.41,10.03,2.22,112.07470000000001,-0.8824613163059603,0.8769477216596933,1.4181610308893866,-0.42319540937629796,-1.0300000000000011,0.010000000000000231
2017-06-29,2530,2419.7,6144.35,11.44,2.27,111.998,-0.9096837940551161,-0.863722067177175,-1.4550987180825814,-0.06845992661812517,1.4100000000000001,0.04999999999999982
2017-06-30,2455.19,2423.41,6140.42,11.18,2.31,111.9896,-3.001515141227884,0.1532073698797376,-0.06398166402910022,-0.007500415205097255,-0.2599999999999998,0.040000000000000036
2017-07-03,2542.41,2429.01,6110.06,11.22,2.35,112.4268,3.4908298756806566,0.23081276913972104,-0.4956550625848877,0.38963333616379714,0.040000000000000924,0.040000000000000036
2017-07-05,2616.96,2432.54,6150.86,11.07,2.33,112.6534,2.8900888670128744,0.14522119983846338,0.665531633790728,0.20135051999856657,-0.15000000000000036,-0.020000000000000018
2017-07-06,2604.84,2409.75,6089.46,12.54,2.37,112.4199,-0.4642085780551142,-0.9412971248548452,-1.0032501600809596,-0.20748803502739221,1.4699999999999989,0.040000000000000036
2017-07-07,2501.15,2425.18,6153.08,11.19,2.39,112.3137,-4.062062686694556,0.6382740756956551,1.0393361621922281,-0.09451190912725949,-1.3499999999999996,0.020000000000000018
2017-07-10,2331.05,2427.43,6176.39,11.11,2.38,112.1587,-7.0431816261566915,0.09273360773853767,0.37811889355623407,-0.1381016326592821,-0.08000000000000007,-0.010000000000000231
2017-07-11,2310.01,2425.53,6193.3,10.89,2.37,112.1434,-0.9066956316361008,-0.0783027305841344,0.2734104174637153,-0.013642315452067066,-0.21999999999999886,-0.009999999999999787
2017-07-12,2383.42,2443.25,6261.17,10.3,2.33,111.5904,3.1284577484368192,0.7279063026366828,1.0899006034890135,-0.49433847379374285,-0.5899999999999999,-0.040000000000000036
2017-07-13,2340,2447.83,6274.44,9.9,2.35,111.5365,-1.8385501643419566,0.18727975574499567,0.2117169400897012,-0.04831331502241909,-0.40000000000000036,0.020000000000000018
2017-07-14,2217.24,2459.27,6312.47,9.51,2.33,110.9075,-5.388775019668479,0.4662640144142749,0.6042804107375233,-0.5655371027791567,-0.39000000000000057,-0.020000000000000018
2017-07-17,2235.19,2459.14,6314.43,9.82,2.31,110.9304,0.8063056465043239,-0.005286261211612242,0.03104483310618633,0.020645705789146263,0.3100000000000005,-0.020000000000000018
2017-07-18,2308.15,2460.61,6344.31,9.89,2.27,110.4356,3.2120102230528857,0.05975913588072146,0.47208577620452274,-0.4470431990803547,0.07000000000000028,-0.040000000000000036
2017-07-19,2258.99,2473.83,6385.04,9.79,2.27,110.4339,-2.1528527129923702,0.5358270292070699,0.6399405939685465,-0.0015393705333544005,-0.10000000000000142,0
2017-07-20,2873.48,2473.45,6390,9.58,2.27,110.2512,24.060602804974085,-0.01536197671230255,0.07765142417142101,-0.1655753304047991,-0.20999999999999908,0
2017-07-21,2657.45,2472.54,6387.75,9.36,2.24,110.191,-7.8156822406793225,-0.03679748686389317,-0.03521746822805483,-0.05461749292692275,-0.22000000000000064,-0.029999999999999805
2017-07-24,2762.26,2469.91,6410.81,9.43,2.26,110.2004,3.868216886019926,-0.10642496123312029,0.36035342966265205,0.008530278409857317,0.07000000000000028,0.019999999999999574
2017-07-25,2564,2477.13,6412.17,9.43,2.33,110.2835,-7.448064618329653,0.2918919243124485,0.02121191805795064,0.07537965714030648,0,0.07000000000000028
2017-07-26,2525.99,2477.83,6422.75,9.6,2.29,110.3811,-1.4935473966147583,0.028254516874248736,0.16486277119529547,0.0884600487477627,0.16999999999999993,-0.040000000000000036
2017-07-27,2664.99,2475.42,6382.19,10.11,2.32,110.216,5.356724017327608,-0.09730985474876164,-0.6335076251836824,-0.1496846792874429,0.5099999999999998,0.029999999999999805
2017-07-28,2786.07,2472.1,6374.68,10.29,2.3,109.92,4.443169540455916,-0.13420867417748283,-0.11774049382928808,-0.26892482682594476,0.17999999999999972,-0.020000000000000018
2017-07-31,2856.88,2470.3,6348.12,10.26,2.3,109.8177,2.5098119596306923,-0.07283910972732954,-0.417518762901814,-0.09311102044922137,-0.02999999999999936,0
2017-08-01,2732.59,2476.35,6362.94,10.09,2.26,109.8495,-4.448024286927144,0.24461011054492943,0.23318286146416511,0.028952888935762644,-0.16999999999999993,-0.040000000000000036
2017-08-02,2699.9,2477.57,6362.65,10.28,2.27,109.7503,-1.2035142109787955,0.04925392516081928,-0.004557745456956752,-0.09034617221654884,0.1899999999999995,0.010000000000000231
2017-08-03,2787.02,2472.16,6340.34,10.44,2.24,109.8332,3.1758189361802636,-0.21859786914877333,-0.3512562465777691,0.07550658764303719,0.16000000000000014,-0.029999999999999805
2017-08-04,2857.34,2476.83,6351.56,10.03,2.27,110.2808,2.4918197469125936,0.18872543230461503,0.17680572527112304,0.40669890779936324,-0.41000000000000014,0.029999999999999805
2017-08-07,3398.23,2480.91,6383.77,9.93,2.26,110.373,17.336358571543187,0.1645911613383788,0.5058379905396038,0.08356983234909521,-0.09999999999999964,-0.010000000000000231
2017-08-08,3422.43,2474.92,6370.46,10.96,2.29,110.396,0.709611725226722,-0.24173560904774405,-0.2087151451988234,0.020836258789280748,1.0300000000000011,0.03000000000000025
2017-08-09,3342.8,2474.02,6352.33,11.11,2.24,110.3671,-2.354204594084308,-0.03637142539298921,-0.2850005741160899,-0.026181911891143272,0.14999999999999858,-0.04999999999999982
2017-08-10,3444.98,2438.21,6216.87,16.04,2.2,110.1886,3.0109319788387268,-1.4580194485226627,-2.155511007480193,-0.1618639091825358,4.93,-0.040000000000000036
2017-08-11,3656.15,2441.32,6256.56,15.51,2.19,110.0422,5.9492582263118265,0.12747131060235617,0.6363948641736172,-0.1329514505371776,-0.5299999999999994,-0.010000000000000231
2017-08-14,4320.6,2465.84,6340.23,12.33,2.22,110.095,16.6983600304091,0.9993643603759317,1.328453209027991,0.04797008503105715,-3.1799999999999997,0.03000000000000025
2017-08-15,4159.93,2464.61,6333.01,12.04,2.27,110.4846,-3.789603429221877,-0.04989402693533762,-0.11394088301202032,0.3532515292806515,-0.2900000000000009,0.04999999999999982
2017-08-16,4370.01,2468.11,6345.11,11.74,2.23,110.4394,4.926705022587896,0.14190955851409726,0.1908800937975741,-0.04091904965566329,-0.29999999999999893,-0.040000000000000036
2017-08-17,4280.01,2430.01,6221.91,15.55,2.19,110.1673,-2.0809951394825887,-1.5557302982010413,-1.960750393298305,-0.24668347605363294,3.8100000000000005,-0.040000000000000036
2017-08-18,4101.72,2425.55,6216.53,14.26,2.19,110.041,-4.2548948104828455,-0.18370697733356423,-0.08650603026580939,-0.11470958528727593,-1.290000000000001,0
2017-08-21,4002,2428.37,6213.13,13.19,2.18,109.7349,-2.461216177320402,0.1161947587631218,-0.05470785338932416,-0.27855665514628924,-1.0700000000000003,-0.009999999999999787
2017-08-22,4092,2452.51,6297.48,11.35,2.22,109.8386,2.2239611927838965,0.9891739536413091,1.348475864418397,0.09445584982703537,-1.8399999999999999,0.040000000000000036
2017-08-23,4143.49,2444.04,6278.41,12.25,2.17,109.8095,1.25045797960599,-0.34595821335070553,-0.3032789666075786,-0.02649692865110964,0.9000000000000004,-0.050000000000000266
2017-08-24,4312.03,2438.97,6271.33,12.23,2.19,109.7524,3.987036302543956,-0.2076588752393249,-0.11283103476440459,-0.05201266821543982,-0.019999999999999574,0.020000000000000018
2017-08-25,4360,2443.05,6265.64,11.28,2.17,109.3415,1.106326645006206,0.1671439670407615,-0.09077154034322632,-0.3750907549287419,-0.9500000000000011,-0.020000000000000018
2017-08-28,4384.99,2444.24,6283.02,11.32,2.16,109.1815,0.5715287958892645,0.04869774552016537,0.27700186494907797,-0.14643770092117592,0.040000000000000924,-0.009999999999999787
2017-08-29,4599,2446.3,6301.89,11.7,2.13,109.0946,4.765154323795251,0.08424428066566847,0.2998831797999202,-0.07962393005120916,0.379999999999999,-0.03000000000000025
2017-08-30,4581.98,2457.59,6368.31,11.22,2.15,109.4052,-0.3707669442164274,0.4604515985120017,1.0484539855243113,0.2843025112238884,-0.47999999999999865,0.020000000000000018
2017-08-31,4743.94,2471.65,6428.66,10.59,2.12,109.3686,3.473679494501347,0.5704748858195607,0.9431990136143042,-0.03345921709225763,-0.6300000000000008,-0.029999999999999805
2017-09-01,4947.99,2476.55,6435.33,10.13,2.16,109.0504,4.211341944896851,0.1980518815597243,0.10370033866227146,-0.2913667996943481,-0.4599999999999991,0.040000000000000036
2017-09-05,4432.51,2457.85,6375.57,12.23,2.07,108.8664,-11.001541848275487,-0.7579478568344733,-0.9329622972291673,-0.16887182973235326,2.0999999999999996,-0.0900000000000003
2017-09-06,4616.18,2465.54,6393.31,11.63,2.1,108.4897,4.0601508219364035,0.3123866382146012,0.27786323332836815,-0.346620478705173,-0.5999999999999996,0.03000000000000025
2017-09-07,4624.18,2465.1,6397.87,11.55,2.05,107.9224,0.17315347018538318,-0.017847581700003445,0.07129913257699627,-0.5242787251163783,-0.08000000000000007,-0.050000000000000266
2017-09-08,4350,2461.43,6360.19,12.12,2.06,107.808,-6.112321284747502,-0.14898927557061015,-0.5906871351614384,-0.10605831234116181,0.5699999999999985,0.010000000000000231
2017-09-11,4210.72,2488.11,6432.26,10.73,2.14,108.153,-3.2542190651119185,1.078090425084266,1.1267702825612957,0.31950240412399467,-1.3899999999999988,0.08000000000000007
2017-09-12,4164.52,2496.48,6454.28,10.58,2.17,108.3239,-1.1032631570449425,0.33583535924837093,0.3417522691398389,0.15789216817534424,-0.15000000000000036,0.029999999999999805
2017-09-13,3855.32,2498.37,6460.19,10.5,2.2,108.6628,-7.714701022967674,0.07567795189853399,0.09152524900457593,0.3123696296293055,-0.08000000000000007,0.03000000000000025
2017-09-14,3250.4,2495.62,6429.08,10.44,2.2,108.618,-17.06759469579673,-0.1101323902514828,-0.48272804296995986,-0.04123696215669881,-0.0600000000000005,0
2017-09-15,3740.02,2500.23,6448.47,10.17,2.2,108.3147,14.031289331434493,0.18455323152091196,0.30114446697808717,-0.27962607539304685,-0.2699999999999996,0
2017-09-18,4100,2503.87,6454.64,10.15,2.23,108.6401,9.189601470453646,0.1454807314798856,0.09563586562109094,0.29997054133126255,-0.019999999999999574,0.029999999999999805
2017-09-19,3910.11,2506.65,6461.32,10.18,2.24,108.6142,-4.742146711638462,0.11096653781503818,0.10343792634213145,-0.02384302646500913,0.02999999999999936,0.010000000000000231
2017-09-20,3872.06,2508.24,6456.04,9.78,2.28,108.4329,-0.9778841431836938,0.06341116368568933,-0.08175045510920853,-0.16706055244801732,-0.40000000000000036,0.03999999999999959
2017-09-21,3617.47,2500.6,6422.69,9.67,2.27,108.9267,-6.801177869296637,-0.30506088934592057,-0.5179093675478086,0.4543630458686998,-0.10999999999999943,-0.009999999999999787
2017-09-22,3619.01,2502.22,6426.92,9.59,2.26,108.7542,0.042562130296630585,0.06476347566470864,0.06583857646731417,-0.15848890381118252,-0.08000000000000007,-0.010000000000000231
2017-09-25,3919.78,2496.66,6370.59,10.21,2.22,109.3302,7.983502200642789,-0.2224499204925401,-0.8803331865513186,0.5282370856096286,0.620000000000001,-0.03999999999999959
2017-09-26,3885.09,2496.84,6380.16,10.17,2.24,109.7769,-0.8889380204019304,0.0072093721870558625,0.15010884531463375,0.4077463659478475,-0.040000000000000924,0.020000000000000018
2017-09-27,4200,2507.04,6453.26,9.87,2.31,110.0722,7.793837571487394,0.40768420216066303,1.1392254067242646,0.2686389688115298,-0.3000000000000007,0.06999999999999984
2017-09-28,4189.42,2510.06,6453.45,9.55,2.31,110.2415,-0.2522225757878971,0.12038828664966417,0.002944204991273125,0.15368997327422917,-0.3199999999999985,0
2017-09-29,4156.99,2519.36,6495.96,9.51,2.33,110.0867,-0.7771044844783859,0.36982437735080254,0.6565573675647585,-0.14051766906941765,-0.040000000000000924,0.020000000000000018
2017-10-02,4392.71,2529.12,6516.72,9.45,2.34,110.3686,5.515509401459262,0.3866515132982862,0.3190736668047478,0.2557435939591457,-0.0600000000000005,0.009999999999999787
2017-10-03,4307.99,2534.58,6531.71,9.51,2.33,110.3281,-1.94749106725709,0.2156526696299288,0.22975954339763405,-0.036701953816820065,0.0600000000000005,-0.009999999999999787
2017-10-04,4214.84,2537.74,6534.63,9.63,2.33,110.2425,-2.1859806963203,0.1245978332918618,0.044694995669836146,-0.07761687577350074,0.120000000000001,0
2017-10-05,4320.04,2552.07,6585.36,9.19,2.35,110.5823,2.4653030406932785,0.5630873397280745,0.7733276141109968,0.3077555312600566,-0.4400000000000013,0.020000000000000018
2017-10-06,4362.99,2549.33,6590.18,9.65,2.37,110.7841,0.9892940665517713,-0.10742150246922932,0.07316588489008069,0.18232220960445744,0.46000000000000085,0.020000000000000018
2017-10-10,4750,2550.64,6587.25,10.08,2.35,110.3034,8.498701590862012,0.051372852342712605,-0.0444699770485002,-0.43485114037196126,0.4299999999999997,-0.020000000000000018
2017-10-11,4814.99,2555.24,6603.55,9.85,2.35,110.3037,1.358935035818476,0.18018446358105678,0.24714207321157033,2.7197674059564747e-4,-0.23000000000000043,0
2017-10-12,5440,2550.93,6591.51,9.91,2.33,110.3152,12.204509246311801,-0.16881541443298786,-0.18249258952138803,0.010425217431908607,0.0600000000000005,-0.020000000000000018
2017-10-13,5624.8,2553.17,6605.8,9.61,2.28,110.2669,3.3406331034962378,0.08777258062382387,0.21655936830704547,-0.04379321873528852,-0.3000000000000007,-0.050000000000000266
2017-10-16,5754.9,2557.64,6624,9.91,2.3,110.5432,2.286627392544993,0.1749233933479033,0.27513660797868766,0.2502604221511717,0.3000000000000007,0.020000000000000018
2017-10-17,5594,2559.36,6623.66,10.31,2.3,110.9141,-2.8357071048496607,0.06722689328819698,-0.00513298197670764,0.3349633060573787,0.40000000000000036,0
2017-10-18,5574.44,2561.26,6624.22,10.07,2.34,110.7214,-0.35027309093607073,0.07420976706713489,0.008454182862926984,-0.17388915454095155,-0.2400000000000002,0.040000000000000036
2017-10-19,5704.01,2562.1,6605.07,10.05,2.33,110.4577,2.2977572395731727,0.03279098121256041,-0.289509314189651,-0.23844940588482189,-0.019999999999999574,-0.009999999999999787
2017-10-20,5989.1,2575.21,6629.05,9.97,2.39,111.0375,4.877171415513182,0.5103849469401567,0.3623969896665358,0.5235339856578314,-0.08000000000000007,0.06000000000000005
2017-10-23,5905.99,2564.98,6586.83,11.07,2.38,111.2134,-1.39740602943359,-0.3980402867081345,-0.6389304931580853,0.1582896057810146,1.0999999999999996,-0.010000000000000231
2017-10-24,5525.43,2569.13,6598.43,11.16,2.42,111.4027,-6.660601769726604,0.16166388736671422,0.1759541031846723,0.17006860296859827,0.08999999999999986,0.040000000000000036
2017-10-25,5739.97,2557.15,6563.89,11.23,2.44,111.3904,3.809291140731297,-0.4673963111462065,-0.5248326933772418,-0.011041634604058714,0.07000000000000028,0.020000000000000018
2017-10-26,5891.61,2560.4,6556.77,11.3,2.46,111.6418,2.6075321126622697,0.12701392021270408,-0.10853113637416811,0.22543839541828703,0.07000000000000028,0.020000000000000018
2017-10-27,5780,2581.07,6701.26,9.8,2.42,112.1495,-1.9125622279318577,0.8040545353815709,2.1797464768063435,0.4537270850065056,-1.5,-0.040000000000000036
2017-10-30,6124.16,2572.83,6698.96,10.5,2.37,111.901,5.783792148442046,-0.31975812572380136,-0.03432779495540217,-0.22182508130823564,0.6999999999999993,-0.04999999999999982
2017-10-31,6445.01,2575.26,6727.67,10.18,2.38,111.8052,5.106458381162149,0.09440395099815646,0.42765822483818994,-0.0856480561166606,-0.3200000000000003,0.009999999999999787
2017-11-01,6783.69,2579.36,6716.53,10.2,2.37,111.7942,5.121501371047366,0.15908062532812295,-0.16572205932021689,-0.009839024620728054,0.019999999999999574,-0.009999999999999787
2017-11-02,7039.98,2579.85,6714.94,9.93,2.35,111.5474,3.708412756602364,0.01899515629224524,-0.023675740740536355,-0.22100683478205596,-0.2699999999999996,-0.020000000000000018
2017-11-03,7170.01,2587.84,6764.44,9.14,2.34,111.9383,1.8301720053871762,0.30922932168460093,0.7344584471146831,0.3498213967484176,-0.7899999999999991,-0.010000000000000231
2017-11-06,6969.76,2591.13,6786.44,9.4,2.32,111.7197,-2.8326258416612404,0.12705230741127949,0.3247024448469915,-0.19547708519995766,0.2599999999999998,-0.020000000000000018
2017-11-07,7126.63,2590.64,6767.78,9.89,2.32,111.9446,2.2257681026147225,-0.018912456610831185,-0.27533877698129317,0.20110502730865676,0.4900000000000002,0
2017-11-08,7467.96,2594.38,6789.12,9.78,2.32,111.6935,4.67833975585048,0.14426176364308319,0.31482149496593337,-0.2245593264459167,-0.11000000000000121,0
2017-11-09,7156,2584.62,6750.05,10.5,2.33,111.5626,-4.26707038322629,-0.3769071849442085,-0.5771418550676088,-0.11726444652575552,0.7200000000000006,0.010000000000000231
2017-11-10,6577.62,2582.3,6750.94,11.29,2.4,NA,-8.427818786690011,-0.08980205445068279,0.01318421836149497,NA,0.7899999999999991,0.06999999999999984
2017-11-13,6535.87,2584.84,6757.6,11.5,2.4,111.7833,-0.6367510260558262,0.09831358177203597,0.09860429831238804,NA,0.21000000000000085,0
2017-11-14,6605,2578.87,6737.87,11.59,2.38,111.5097,1.052147045527363,-0.23122919993499025,-0.2923946191831561,-0.2450593049698746,0.08999999999999986,-0.020000000000000018
2017-11-15,7294,2564.62,6706.21,13.13,2.33,111.4809,9.922515441219915,-0.5540998994613133,-0.47098884455110124,-0.025830685383265717,1.540000000000001,-0.04999999999999982
2017-11-16,7838.53,2585.64,6793.29,11.76,2.37,111.2568,7.1999224395506545,0.8162740022441106,1.2901397509569534,-0.20122330042608993,-1.370000000000001,0.040000000000000036
2017-11-17,7714.71,2578.85,6782.79,11.43,2.35,111.0016,-1.5922420785477343,-0.26294963926014603,-0.1546838571020004,-0.22964271510224066,-0.33000000000000007,-0.020000000000000018
2017-11-20,8256.01,2582.14,6790.71,10.65,2.37,111.2599,6.781252398226734,0.12749493588080085,0.1166979909207555,0.23242902282669675,-0.7799999999999994,0.020000000000000018
2017-11-21,8109,2599.03,6862.48,9.73,2.36,110.9828,-1.7966864016363715,0.6519786005639183,1.0513390800037214,-0.249367150050972,-0.9199999999999999,-0.010000000000000231
2017-11-22,8250,2597.08,6867.36,9.88,2.32,110.5632,1.7238644384168111,-0.07505615129561605,0.07108604623944359,-0.378793119005838,0.15000000000000036,-0.040000000000000036
2017-11-24,8215.01,2602.42,6889.16,9.67,2.34,110.0253,-0.42502315726444806,0.20540443802277153,0.31694088692031386,-0.4876963814090196,-0.21000000000000085,0.020000000000000018
2017-11-27,9768.71,2601.42,6878.52,9.87,2.32,110.1136,17.322145171562298,-0.038433157526274186,-0.15456492478431727,0.08022208227220773,0.1999999999999993,-0.020000000000000018
2017-11-28,9949,2627.04,6912.36,10.03,2.34,110.3018,1.8287623117656082,0.9800287295721688,0.4907600953441005,0.17076850867550064,0.16000000000000014,0.020000000000000018
2017-11-29,9935.98,2626.07,6824.34,10.7,2.37,110.3265,-0.1309531300574207,-0.03693050444502077,-1.2815480380542255,0.02239060003015325,0.6699999999999999,0.03000000000000025
2017-11-30,9903,2647.58,6873.97,11.28,2.42,110.4648,-0.3324770767482832,0.8157583185788297,0.7246181048696343,0.12527669168811428,0.5800000000000001,0.04999999999999982
2017-12-01,10869.84,2642.22,6847.59,11.43,2.37,110.1413,9.31542400743961,-0.20265423397498594,-0.3845048595207956,-0.2932831248837253,0.15000000000000036,-0.04999999999999982
2017-12-04,11643.98,2639.44,6775.37,11.68,2.37,110.397,6.87973266455284,-0.10526994379516097,-1.0602787731064822,0.23188726364402612,0.25,0
2017-12-05,11718.35,2629.57,6762.21,11.33,2.36,110.4905,0.6366680995704144,-0.3746438721674572,-0.1944218116587848,0.08465848505174733,-0.34999999999999964,-0.010000000000000231
2017-12-06,14090,2629.27,6776.38,11.02,2.33,110.8711,18.430933665579374,-0.011409360251590783,0.2093276356575302,0.34387208535102687,-0.3100000000000005,-0.029999999999999805
2017-12-07,17390.01,2636.98,6812.84,10.16,2.37,111.0178,21.04305774985651,0.29280818451757895,0.5366030940201938,0.1322283551584924,-0.8599999999999994,0.040000000000000036
2017-12-08,16367.03,2651.5,6840.08,9.58,2.38,111.2273,-6.062695793052697,0.5491194628844731,0.39903604716275964,0.18853064661810137,-0.5800000000000001,0.009999999999999787
2017-12-11,16885.76,2659.99,6875.08,9.34,2.39,111.0827,3.120171771019642,0.31968457929973937,0.5103852376073803,-0.1300886333428508,-0.2400000000000002,0.010000000000000231
2017-12-12,17730.12,2664.11,6862.32,9.92,2.4,111.5214,4.879422506389908,0.15476797289268873,-0.18577028651165506,0.3941531786325392,0.5800000000000001,0.009999999999999787
2017-12-13,16689.61,2662.85,6875.8,10.18,2.36,111.2759,-6.047851813779737,-0.047306532187096906,0.19624234358222026,-0.22037977961177901,0.2599999999999998,-0.040000000000000036
2017-12-14,16749.78,2652.01,6856.53,10.49,2.35,111.0893,0.3598753741536953,-0.40791347395288113,-0.28065175608809056,-0.1678320562755964,0.3100000000000005,-0.009999999999999787
2017-12-15,17738.67,2675.81,6936.58,9.42,2.35,111.1286,5.7361878399337485,0.893429519491562,1.1607374807715232,0.03537068832866197,-1.0700000000000003,0
2017-12-18,19039.01,2690.16,6994.76,9.53,2.39,110.9086,7.074302995727244,0.5348533148324286,0.8352439641139853,-0.1981650570209048,0.10999999999999943,0.040000000000000036
2017-12-19,17838.73,2681.47,6963.85,10.03,2.46,111.1255,-6.5118095936025355,-0.32355197885935993,-0.44288149784854625,0.19537545718888438,0.5,0.06999999999999984
2017-12-20,16496.89,2679.25,6960.96,9.72,2.49,110.8361,-7.820005798449792,-0.08282469992488828,-0.04150864595633408,-0.2607659739258139,-0.3099999999999987,0.03000000000000025
2017-12-21,15758.8,2684.57,6965.36,9.62,2.48,110.8786,-4.577293889375511,0.1983661548850435,0.0631897033301243,0.03833755769964142,-0.10000000000000142,-0.010000000000000231
2017-12-22,14210.57,2683.34,6959.96,9.9,2.48,111.0997,-10.341288549751049,-0.04582789284945932,-0.07755656991257354,0.19920872726562067,0.28000000000000114,0
2017-12-26,15790.88,2680.5,6936.25,10.25,2.47,110.9758,10.544650428894364,-0.10589429458702782,-0.3412444545402238,-0.11158368469779134,0.34999999999999964,-0.009999999999999787
2017-12-27,15367.08,2682.62,6939.34,10.47,2.42,110.8553,-2.7204999169757826,0.0790584626270352,0.04453864738120927,-0.10864122465434889,0.22000000000000064,-0.050000000000000266
2017-12-28,14450.01,2687.54,6950.16,10.18,2.43,110.5154,-6.153245242074412,0.1832348152224661,0.15580117626559087,-0.3070869515355845,-0.2900000000000009,0.010000000000000231
2017-12-29,14565.05,2673.61,6903.39,11.04,2.4,110.0783,0.792971669283915,-0.5196657936668458,-0.6752085593866752,-0.3962947011203255,0.8599999999999994,-0.03000000000000025
2018-01-02,14781.51,2695.81,7006.9,9.77,2.46,109.6445,1.4752252096950969,0.8269096661867259,1.488278254314146,-0.3948616744692046,-1.2699999999999996,0.06000000000000005
2018-01-03,15098.14,2713.06,7065.53,9.15,2.44,109.6751,2.1194482036284157,0.6378433382130844,0.8332653171938986,0.027904482954177467,-0.6199999999999992,-0.020000000000000018
2018-01-04,15144.99,2723.99,7077.91,9.22,2.46,109.4777,0.3098226769260748,0.40205680372942254,0.17506353704295208,-0.18014832882435883,0.07000000000000028,0.020000000000000018
2018-01-05,16960.01,2743.15,7136.56,9.22,2.47,109.3496,11.318843579116411,0.7009177903581687,0.8252201148918559,-0.11707864113175148,0,0.010000000000000231
2018-01-08,14993.74,2747.71,7157.39,9.52,2.49,109.5681,-12.322543932513952,0.16609423836406734,0.29145218424471153,0.19961846169200825,0.29999999999999893,0.020000000000000018
2018-01-09,14480.99,2751.29,7163.58,10.08,2.55,109.9025,-3.4796025874900494,0.13020551030287209,0.086446663675410207,0.3047335349489977,0.5600000000000005,0.05999999999999961
2018-01-10,14875.18,2748.23,7153.57,9.82,2.55,109.628,2.68572974126311,-0.11128245067881792,-0.13983232181047356,-0.25007927651001793,-0.2599999999999998,0
2018-01-11,13308.06,2767.56,7211.78,9.88,2.54,109.4888,-11.132418548647216,0.7008997490407509,0.8104267365327544,-0.12705554181700052,0.0600000000000005,-0.009999999999999787
2018-01-12,13820,2786.24,7261.06,10.16,2.55,108.901,3.774695162718089,0.6726951075669341,0.6810023527151543,-0.5383048287050052,0.27999999999999936,0.009999999999999787
2018-01-16,11570.01,2776.42,7223.69,11.66,2.54,108.3218,-17.770041283007743,-0.3530688627795264,-0.5159921008505819,-0.5332786177475235,1.5,-0.009999999999999787
2018-01-17,11200.01,2802.56,7298.28,11.91,2.57,108.1526,-3.2501734351653155,0.9370957160522941,1.027280127400232,-0.15632336614039843,0.25,0.029999999999999805
2018-01-18,11305.53,2798.03,7296.05,12.22,2.62,108.0655,0.9377315383876095,-0.16176870607855776,-0.030559813535191438,-0.0805668024197459,0.3100000000000005,0.050000000000000266
2018-01-19,11498.99,2810.3,7336.38,11.27,2.64,107.9455,1.6967218883642943,0.43756410828246217,0.5512427139592546,-0.11110546439248026,-0.9500000000000011,0.020000000000000018
2018-01-22,10766.7,2832.97,7408.03,11.03,2.66,108.107,-6.580116789437085,0.8034392098314136,0.9719014053388264,0.14950072790638202,-0.2400000000000002,0.020000000000000018
2018-01-23,10824.94,2839.13,7460.29,11.1,2.63,107.9979,0.5394693617077451,0.21720359026726754,0.7029740443028842,-0.10096949145417256,0.07000000000000028,-0.03000000000000025
2018-01-24,11356.79,2837.54,7415.06,11.47,2.65,107.0802,4.796307179190684,-0.0560187589407235,-0.6081220191573422,-0.8533696077901887,0.370000000000001,0.020000000000000018
2018-01-25,11118,2839.25,7411.16,11.58,2.63,106.5052,-2.1250386408647515,0.06024531651585008,-0.05260949979106755,-0.5384276164233093,0.10999999999999943,-0.020000000000000018
2018-01-26,11086.89,2872.87,7505.77,11.08,2.66,106.6911,-0.2802087320000979,1.177159731499433,1.2685085825154374,0.17439331462592023,-0.5,0.03000000000000025
2018-01-29,11123.01,2853.53,7466.51,13.84,2.7,107.1142,0.3252606436239702,-0.6754705760661395,-0.5244370260504283,0.3957811637933517,2.76,0.040000000000000036
2018-01-30,9995,2822.43,7402.48,14.79,2.73,107.1064,-10.693096769515265,-1.0958608318405894,-0.8612608629876561,-0.007282212824932799,0.9499999999999993,0.029999999999999805
2018-01-31,10099.99,2823.81,7411.48,13.54,2.72,106.7696,1.0449465795350221,0.04888208887612322,0.12150702590396634,-0.31494910920484287,-1.25,-0.009999999999999787
2018-02-01,9014.23,2821.98,7385.86,13.47,2.78,106.4877,-11.372999394057004,-0.06482706810171379,-0.3462787987647431,-0.2643756290582111,-0.06999999999999851,0.05999999999999961
2018-02-02,8787.52,2762.13,7240.95,17.31,2.84,107.1151,-2.547190671278088,-2.1436645011316813,-1.9814948212173888,0.5874471722902896,3.839999999999998,0.06000000000000005
2018-02-05,6905.19,2648.94,6967.53,37.32,2.77,107.33,-24.105923031913257,-4.184256124518182,-3.8491627189484845,0.20042432486224726,20.01,-0.06999999999999984
2018-02-06,7688.46,2695.14,7115.88,29.98,2.79,107.5204,10.744720060957214,1.7290591086863927,2.106812018523563,0.17723965125817642,-7.34,0.020000000000000018
2018-02-07,7575.75,2681.66,7051.98,27.73,2.84,107.7175,-1.47681469895371,-0.5014145306667217,-0.902047779826276,0.18314623502053706,-2.25,0.04999999999999982
2018-02-08,8218.1,2581,6777.16,33.46,2.85,108.3025,8.138668240272295,-3.8259085020510675,-3.975029331481039,0.5416178410146522,5.73,0.010000000000000231
2018-02-09,8671.01,2619.55,6874.49,29.06,2.83,108.2582,5.364623886588937,1.4825626559633598,1.425932384092654,-0.040912317533070564,-4.400000000000002,-0.020000000000000018
2018-02-12,8872.28,2656,6981.96,25.61,2.86,108.0332,2.2946531850113416,1.3818684318076535,1.5512220666114018,-0.20805272993849044,-3.4499999999999993,0.029999999999999805
2018-02-13,8520.01,2662.94,7013.51,24.97,2.83,107.7574,-4.051429496453629,0.26095439836835155,0.4508609349242576,-0.255618317178552,-0.6400000000000006,-0.029999999999999805
2018-02-14,9472.98,2698.63,7143.62,19.26,2.91,107.4691,10.602602107812231,1.3313461230303858,1.8381361671917062,-0.2679039731942723,-5.709999999999997,0.08000000000000007
2018-02-15,10031.23,2731.2,7256.43,19.13,2.9,106.9867,5.7259690931253715,1.1996836229864805,1.5668321687826392,-0.44988367172065225,-0.13000000000000256,-0.010000000000000231
2018-02-16,10167.49,2732.22,7239.47,19.46,2.87,107.0359,1.3492148713986296,0.037339249475554226,-0.2339973059784839,0.045976453763962866,0.33000000000000185,-0.029999999999999805
2018-02-20,11235.57,2716.26,7234.31,20.6,2.88,107.6249,9.988926338994908,-0.5858531424819624,-0.07130134931720988,0.5487741386958511,1.1400000000000006,0.009999999999999787
2018-02-21,10454.27,2701.33,7218.23,20.02,2.94,107.8679,-7.207413127108353,-0.5511689809003073,-0.22252153095756455,0.22552967245204059,-0.5800000000000018,0.06000000000000005
2018-02-22,9830,2703.96,7210.09,18.72,2.92,107.8668,-6.157157323260876,0.09731208529206725,-0.11283366134939854,-0.0010197710428982987,-1.3000000000000007,-0.020000000000000018
2018-02-23,10144.99,2747.3,7337.39,16.49,2.88,107.6804,3.1541053410972353,1.590124602558518,1.7501759677809758,-0.17295520096354267,-2.2300000000000004,-0.040000000000000036
2018-02-26,10300,2779.6,7421.46,15.8,2.86,107.7347,1.5163907665543874,1.168842126055658,1.1392609762420847,0.050414294216238886,-0.6899999999999977,-0.020000000000000018
2018-02-27,10566.57,2744.28,7330.35,18.59,2.9,108.1731,2.555134867270503,-1.2788286983878905,-1.2352539586727218,0.40609982825712265,2.789999999999999,0.040000000000000036
2018-02-28,10307.27,2713.83,7273.01,19.85,2.87,108.3903,-2.4845772407473987,-1.115782419577016,-0.7853027615524866,0.20058797823301333,1.2600000000000016,-0.029999999999999805
2018-03-01,10895.92,2677.67,7180.56,22.47,2.81,108.5358,5.553893573547519,-1.341390789066299,-1.279286167220306,0.13414708679082565,2.6199999999999974,-0.06000000000000005
2018-03-02,11000,2691.25,7257.87,19.59,2.86,NA,0.9506865562073585,0.5058756308713441,1.0709022912452681,NA,-2.879999999999999,0.04999999999999982
2018-03-05,11377.54,2720.94,7330.7,18.73,2.88,108.3614,3.3745963814942215,1.0971639144904621,0.9984611932388532,NA,-0.8599999999999994,0.020000000000000018
2018-03-06,10700,2728.12,7372.01,18.36,2.88,107.7969,-6.139749514545301,0.2635318442213652,0.5619386998114706,-0.5223035925994601,-0.370000000000001,0
2018-03-07,9920,2726.8,7396.65,17.76,2.89,108.0911,-7.569082017107753,-0.04839667770610845,0.33367987159671486,0.27254889768482116,-0.5999999999999979,0.010000000000000231
2018-03-08,9304.9,2738.97,7427.95,16.54,2.86,108.2671,-6.401177817057935,0.44531768119453474,0.42227171741640035,0.16269319935302562,-1.2200000000000024,-0.03000000000000025
2018-03-09,9255,2786.57,7560.81,14.64,2.9,107.923,-0.5377197100742137,1.7229511513169093,1.7728415128416941,-0.31833121921618357,-1.8999999999999986,0.040000000000000036
2018-03-12,9120,2783.02,7588.32,15.78,2.87,107.9438,-1.4694141939219918,-0.1274779824276706,0.36318957246521677,0.019271143190469076,1.1399999999999988,-0.029999999999999805
2018-03-13,9145.41,2765.31,7511.01,16.35,2.84,107.7384,0.27823099938171225,-0.6383924585162681,-1.0240278950220727,-0.1904654738261513,0.5700000000000021,-0.03000000000000025
2018-03-14,8207.03,2749.48,7496.81,17.23,2.81,107.8623,-10.826101002305677,-0.5740941532719646,-0.18923473545768843,0.11493470442287546,0.879999999999999,-0.029999999999999805
2018-03-15,8259.99,2747.33,7481.74,16.59,2.82,108.2032,0.6432272821399465,-0.07822719394123823,-0.20122114737226582,0.315552721625334,-0.6400000000000006,0.009999999999999787
2018-03-16,8275,2752.01,7481.99,15.8,2.85,108.4332,0.18155443847263086,0.17020228353894495,0.0033414128699504886,0.21233743398356708,-0.7899999999999991,0.03000000000000025
2018-03-19,8589,2712.92,7344.24,19.02,2.85,108.3145,3.724339352096173,-1.4306008195446474,-1.8582466861248648,-0.1095282781469642,3.219999999999999,0
2018-03-20,8900,2716.94,7364.3,18.2,2.89,108.4953,3.556896195400583,0.14807014304167865,0.27276687472017613,0.16678216751264685,-0.8200000000000003,0.040000000000000036
2018-03-21,8891.81,2711.93,7345.29,17.86,2.89,NA,-0.09206483858008596,-0.18456884848019328,-0.2584709782308181,NA,-0.33999999999999986,0
2018-03-22,8715.09,2643.69,7166.68,23.34,2.83,107.9935,-2.007462241125779,-2.5484890016140405,-2.4616784558782356,NA,5.48,-0.06000000000000005
2018-03-23,8927.1,2588.26,6992.67,24.87,2.82,107.7495,2.4035588164995403,-2.1189833248421053,-2.4580049367838086,-0.22619515259725276,1.5300000000000011,-0.010000000000000231
2018-03-26,8145,2658.55,7220.54,21.03,2.85,107.1819,-9.168735205202339,2.6795026112632847,3.2067284790647577,-0.5281697504372573,-3.84,0.03000000000000025
2018-03-27,7793.61,2612.62,7008.81,22.5,2.78,107.3359,-4.410007488060508,-1.7427312133270867,-2.976181320493687,0.1435778536376553,1.4699999999999989,-0.07000000000000028
2018-03-28,7942.72,2605,6949.23,22.87,2.77,107.5733,1.8951618691708916,-0.2920874045064359,-0.8537067074787075,0.22093060377414986,0.370000000000001,-0.009999999999999787
2018-03-29,7079.99,2640.87,7063.44,19.97,2.74,107.665,-11.498329058985846,1.3675733119263178,1.6301322889049175,0.08520788869654794,-2.900000000000002,-0.029999999999999805
2018-04-02,7045.01,2581.88,6870.12,23.62,2.73,107.7033,-0.49529304792006457,-2.2590592580476354,-2.775061163041137,0.035566980287971006,3.650000000000002,-0.010000000000000231
2018-04-03,7424.9,2614.45,6941.28,21.1,2.79,107.5624,5.251965178854867,1.25359346035534,1.0304622221838144,-0.1309080082164904,-2.5199999999999996,0.06000000000000005
2018-04-04,6791.68,2644.69,7042.11,20.06,2.79,107.6361,-8.914088293752798,1.1500105825438922,1.442164562074666,0.06849490389697621,-1.0400000000000027,0
2018-04-05,6785.85,2662.84,7076.55,18.94,2.83,107.7281,-0.08587718617878437,0.6839366240059874,0.48786596333876275,0.08543667480136463,-1.1199999999999974,0.040000000000000036
2018-04-06,6619.01,2604.47,6915.11,21.49,2.77,107.7886,-2.4893749847404223,-2.2164022802027894,-2.307762836881011,0.056144142508873784,2.549999999999997,-0.06000000000000005
2018-04-09,6771.13,2613.16,6950.34,21.77,2.78,107.5316,2.2722173908714893,0.3331017352751431,0.508170680564568,-0.23871436311306837,0.28000000000000114,0.009999999999999787
2018-04-10,6824.99,2656.87,7094.3,20.47,2.8,107.3659,0.7922890021887952,1.6588521255115118,2.0501065472370072,-0.15421308562322267,-1.3000000000000007,0.020000000000000018
2018-04-11,6942.99,2642.19,7069.03,20.24,2.79,107.1224,1.7141641602032465,-0.5540619488903609,-0.3568373654244894,-0.2270521092375688,-0.23000000000000043,-0.009999999999999787
2018-04-12,7916,2663.99,7140.25,18.49,2.83,107.2905,13.115351026980271,0.8216880187238651,1.002451868257026,0.1568002992742734,-1.75,0.040000000000000036
2018-04-13,7893.19,2656.3,7106.65,17.41,2.82,107.2368,-0.2885665341279875,-0.28908218745016256,-0.4716824333094394,-0.05006355938990126,-1.0799999999999983,-0.010000000000000231
2018-04-16,8048.93,2677.84,7156.28,16.56,2.83,107.0595,1.9538800942227041,0.8076322362107646,0.6959327474438837,-0.16547186344828546,-0.8500000000000014,0.010000000000000231
2018-04-17,7892.1,2706.39,7281.1,15.25,2.82,107.0344,-1.9676904201874734,1.0605144127270982,1.7291656809939937,-0.02344765555202244,-1.3099999999999987,-0.010000000000000231
2018-04-18,8152.05,2708.64,7295.24,15.6,2.87,107.1096,3.2407170226402826,0.08310203745827138,0.1940130984236177,0.07023311705314228,0.34999999999999964,0.050000000000000266
2018-04-19,8274,2693.13,7238.06,15.96,2.92,107.5197,1.4848638673425896,-0.5742577941307836,-0.7868865989689056,0.38214773013836023,0.3600000000000012,0.04999999999999982
2018-04-20,8866.27,2670.14,7146.13,16.88,2.96,108.1787,6.913612123749502,-0.8573180471046271,-1.2782263258682036,0.6110402770011625,0.9199999999999982,0.040000000000000036
2018-04-23,8931.3,2670.29,7128.6,16.34,2.98,108.9332,0.7307771724159196,0.005617525182088912,-0.24560897211092225,0.6950360964394164,-0.5399999999999991,0.020000000000000018
2018-04-24,9650,2634.56,7007.35,18.02,3,108.7906,7.739595435002045,-1.347089561834558,-1.7155263519274655,-0.13099166962033948,1.6799999999999997,0.020000000000000018
2018-04-25,8865.98,2639.4,7003.74,17.84,3.03,109.3447,-8.473643483928583,0.18354334726682353,-0.05153061010787496,0.5080344096269229,-0.17999999999999972,0.029999999999999805
2018-04-26,9272.11,2666.94,7118.68,16.24,3,109.3646,4.478948913105185,1.0380129158368057,1.6278022888197796,0.018197671571229534,-1.6000000000000014,-0.029999999999999805
2018-04-27,8922.55,2669.91,7119.8,15.41,2.96,109.1735,-3.8429189465592373,0.11130162199064486,0.015732016371217128,-0.17488945745265383,-0.8299999999999983,-0.040000000000000036
2018-04-30,9243.82,2648.05,7066.27,15.93,2.95,109.3363,3.5373439955478148,-0.8221243907144071,-0.7546875782795226,0.1490093626218325,0.5199999999999996,-0.009999999999999787
2018-05-01,9072.29,2654.8,7130.7,15.49,2.97,109.7445,-1.8730507167768806,0.25458022179103423,0.9076646966358126,0.37264833100696393,-0.4399999999999995,0.020000000000000018
2018-05-02,9190.48,2635.67,7100.9,15.97,2.97,110.1625,1.294345272436992,-0.7231903167589593,-0.4187869748070838,0.38016116214576456,0.4800000000000004,0
2018-05-03,9725.74,2629.73,7088.15,15.9,2.94,110.1803,5.660781346545818,-0.22562397993910466,-0.17971609701348257,0.016156643229336964,-0.07000000000000028,-0.03000000000000025
2018-05-04,9685,2663.42,7209.62,14.77,2.95,110.25,-0.4197682295647098,1.2729831933829594,1.6991869723872455,0.06323994688832713,-1.1300000000000008,0.010000000000000231
2018-05-07,9356.25,2672.63,7265.21,14.75,2.95,110.5721,-3.453372767315699,0.3451995069662317,0.7680956985858245,0.29172825404435443,-0.019999999999999574,0
2018-05-08,9177.81,2671.92,7266.9,14.71,2.97,111.063,-1.9255955105368372,-0.026569121971942167,0.023258838635520362,0.4429811006949613,-0.03999999999999915,0.020000000000000018
2018-05-09,9300.08,2697.79,7339.91,13.42,3,110.8818,1.323438819231626,0.9635604216150284,0.9996790267710054,-0.16328387982875725,-1.290000000000001,0.029999999999999805
2018-05-10,9010.51,2723.07,7404.97,13.23,2.97,110.405,-3.163132848085226,0.9327000979503453,0.8824815424008037,-0.43093464035477425,-0.1899999999999995,-0.029999999999999805
2018-05-11,8403.33,2727.72,7402.88,12.65,2.97,110.2847,-6.976361792824726,0.17061751151761229,-0.028228271003172267,-0.10902186365333577,-0.5800000000000001,0
2018-05-14,8670,2730.13,7411.32,12.93,3,110.408,3.124073492880086,0.08831316934818645,0.11394474103436636,0.11173909497594892,0.27999999999999936,0.029999999999999805
2018-05-15,8477.46,2711.45,7351.63,14.63,3.08,111.2292,-2.2457914158087178,-0.6865679959648929,-0.8086503750005747,0.7410342288099336,1.700000000000001,0.08000000000000007
2018-05-16,8344,2722.46,7398.3,13.42,3.09,111.3068,-1.5868158935893106,0.4052336187627681,0.6328186743294495,0.06974152779353204,-1.2100000000000009,0.009999999999999787
2018-05-17,8059,2720.13,7382.47,13.43,3.11,111.3547,-3.4753238356096006,-0.08562100552644836,-0.21419731248641938,0.043024951092984765,0.009999999999999787,0.020000000000000018
2018-05-18,8238.51,2712.97,7354.34,13.42,3.06,111.7171,2.203002298543133,-0.2635697537312076,-0.381765581086313,0.32491809258425874,-0.009999999999999787,-0.04999999999999982
2018-05-21,8393.44,2733.01,7394.04,13.08,3.06,111.6394,1.8630946038340923,0.7359590175901154,0.538365513877892,-0.06957487526388917,-0.33999999999999986,0
2018-05-22,7987.7,2724.44,7378.46,13.22,3.06,111.1945,-4.954758985233632,-0.3140663512949615,-0.21093255409176948,-0.3993114074287263,0.14000000000000057,0
2018-05-23,7505,2733.29,7425.96,12.58,3.01,111.6933,-6.233339342838562,0.3243109408800571,0.6417024509834945,0.44758020196402626,-0.6400000000000006,-0.050000000000000266
2018-05-24,7584.15,2727.76,7424.43,12.53,2.98,111.4885,1.0491078152716327,-0.20252522464270228,-0.020605519524075078,-0.18352756137334225,-0.05000000000000071,-0.029999999999999805
2018-05-25,7459.11,2721.33,7433.85,13.22,2.93,111.5843,-1.6624439088696263,-0.2360028182485152,0.12679800437336297,0.08589124795985725,0.6900000000000013,-0.04999999999999982
2018-05-29,7460,2689.86,7396.59,17.02,2.77,112.2127,0.011931006622489804,-1.1631583739264428,-0.5024810915555733,0.561581836672076,3.799999999999999,-0.16000000000000014
2018-05-30,7380.01,2724.01,7462.45,14.94,2.84,111.6731,-1.0780420590656092,1.2615911702765992,0.8864695335386585,-0.4820323976095331,-2.08,0.06999999999999984
2018-05-31,7485,2705.27,7442.12,15.43,2.83,111.9894,1.4126024246577273,-0.6903336878120392,-0.27280240366795994,0.2828370521283041,0.4900000000000002,-0.009999999999999787
2018-06-01,7514.32,2734.62,7554.33,13.46,2.89,111.8265,0.3909515543993436,1.0790764075641945,1.4965154308645978,-0.14556609138560717,-1.9699999999999989,0.06000000000000005
2018-06-04,7487.37,2746.87,7606.46,12.74,2.94,111.82470000000001,-0.35929323951933156,0.4469595089461542,0.687697744612592,-0.001609649311085093,-0.7200000000000006,0.04999999999999982
2018-06-05,7612.51,2748.8,7637.86,12.4,2.92,112.264,1.657534564366081,0.07023711683356026,0.411957298287291,0.3920773896767038,-0.33999999999999986,-0.020000000000000018
2018-06-06,7655,2772.35,7689.24,11.64,2.97,111.7525,0.55660824455952,0.8530883175666304,0.6704489754950416,-0.45666358407379093,-0.7599999999999998,0.050000000000000266
2018-06-07,7684.93,2770.37,7635.07,12.13,2.93,112.0725,0.3902239186206913,-0.07144506972114328,-0.7069842052255026,0.28593786934250076,0.4900000000000002,-0.040000000000000036
2018-06-08,7618.83,2779.03,7645.51,12.18,2.93,112.1066,-0.8638453693366799,0.31210606659346496,0.13664404917133055,0.030422104703742292,0.049999999999998934,0
2018-06-11,6881,2782,7659.93,12.35,2.96,112.1106,-10.185882438214477,0.10681475490628145,0.18842979053985687,0.003567968916229347,0.16999999999999993,0.029999999999999805
2018-06-12,6544.99,2786.85,7703.79,12.34,2.96,112.2138,-5.006411874352779,0.174183223690072,0.5709570227782734,0.09200961400592789,-0.009999999999999787,0
2018-06-13,6302.32,2775.63,7695.7,12.94,2.98,112.2577,-3.778205189992434,-0.40341772794629804,-0.1050684242692057,0.03911409738845961,0.5999999999999996,0.020000000000000018
2018-06-14,6638.49,2782.49,7761.04,12.12,2.94,112.8593,5.196670841140438,0.2468461812028977,0.8454614519090242,0.5344788995470751,-0.8200000000000003,-0.040000000000000036
2018-06-15,6391.22,2779.66,7746.38,11.98,2.93,113.3379,-3.7959354504705445,-0.10175922059643128,-0.18907083663428637,0.42317121008226266,-0.1399999999999988,-0.009999999999999787
2018-06-18,6709.02,2773.75,7747.03,12.31,2.92,113.4899,4.852771616292273,-0.2128422800087293,0.008390664164714678,0.13402239297990448,0.33000000000000007,-0.010000000000000231
2018-06-19,6736.41,2762.59,7725.59,13.35,2.89,113.639,0.40742524245658274,-0.4031549765964648,-0.2771348837141474,0.1312911051103427,1.0399999999999991,-0.029999999999999805
2018-06-20,6756.1,2767.32,7781.51,12.79,2.93,113.4784,0.2918658422718323,0.1710697336311462,0.7212211489489917,-0.1414246788383089,-0.5600000000000005,0.040000000000000036
2018-06-21,6719.01,2749.76,7712.95,14.64,2.9,113.6109,-0.5504978240177039,-0.6365707692292055,-0.8849672392434726,0.11669419478241849,1.8500000000000014,-0.03000000000000025
2018-06-22,6059.82,2754.88,7692.82,13.77,2.9,113.3047,-10.326072558383537,0.18602493447312796,-0.261330806006832,-0.2698802425673108,-0.870000000000001,0
2018-06-25,6246.01,2717.07,7532.01,17.33,2.87,113.286,3.026276321447696,-1.3819790665146492,-2.1125487846234137,-0.01650553181784531,3.5599999999999987,-0.029999999999999805
2018-06-26,6074,2723.06,7561.63,15.92,2.88,113.3016,-2.7925493260704926,0.22021541473096207,0.3924836954245947,0.013769509032801608,-1.4099999999999984,0.009999999999999787
2018-06-27,6132.17,2699.63,7445.08,17.91,2.83,113.8971,0.9531317419858354,-0.8641521386802076,-1.553336387188864,0.5242119463582107,1.9900000000000002,-0.04999999999999982
2018-06-28,5851.66,2716.31,7503.68,16.85,2.84,113.8405,-4.682330236833643,0.6159615039220689,0.7840155326407583,-0.04970632971046385,-1.0599999999999987,0.009999999999999787
2018-06-29,6202.36,2718.37,7510.3,16.09,2.85,113.2586,5.820448311026816,0.07580943491278802,0.08818448444731786,-0.5124646231425167,-0.7600000000000016,0.010000000000000231
2018-07-02,6611.79,2726.71,7567.69,15.6,2.87,114.1673,6.392455423348586,0.3063318269638238,0.7612457249704718,0.7991216794208,-0.4900000000000002,0.020000000000000018
2018-07-03,6502.62,2713.22,7502.67,16.14,2.83,113.3222,-1.6649246407844487,-0.4959632808581027,-0.8628911776282777,-0.7429827641461273,0.5400000000000009,-0.040000000000000036
2018-07-05,6532.95,2736.61,7586.43,14.97,2.84,112.9759,0.46534297666305235,0.858380669408465,1.1102167835058907,-0.3060567192725294,-1.17,0.009999999999999787
2018-07-06,6600,2759.82,7688.39,13.37,2.82,112.6428,1.0211046654761802,0.8445532084703444,1.3350273764899612,-0.29527715745283345,-1.6000000000000014,-0.020000000000000018
2018-07-09,6664.01,2784.17,7756.2,12.69,2.86,112.6425,0.9651756431276581,0.8784343615274359,0.8781124746562341,-2.663289615512099e-4,-0.6799999999999997,0.040000000000000036
2018-07-10,6303.7,2793.84,7759.2,12.64,2.87,112.5794,-5.558464287295095,0.3467189799676085,0.03867125613759015,-0.0560336287465546,-0.049999999999998934,0.010000000000000231
2018-07-11,6390.04,2774.02,7716.61,13.63,2.85,112.8582,1.3603765560052494,-0.7119461953973172,-0.550408767255206,0.24734129722476794,0.9900000000000002,-0.020000000000000018
2018-07-12,6249.75,2798.29,7823.92,12.58,2.85,112.779,-2.2199065202469725,0.8710984661528975,1.381055930672126,-0.0702011931123181,-1.0500000000000007,0
2018-07-13,6216.29,2801.31,7825.98,12.18,2.83,113.0705,-0.5368197174542289,0.10786485794733736,0.026326046963909278,0.2581366457453882,-0.40000000000000036,-0.020000000000000018
2018-07-16,6728.81,2798.43,7805.72,12.83,2.85,112.8437,7.922504204033132,-0.10286192765862623,-0.25921699296294065,-0.2007842589744513,0.6500000000000004,0.020000000000000018
2018-07-17,7315.01,2809.55,7855.12,12.06,2.86,113.1504,8.353009371107412,0.39657825363441646,0.6308750213216641,0.2714231816579371,-0.7699999999999996,0.009999999999999787
2018-07-18,7378.99,2815.62,7854.44,12.1,2.88,113.3348,0.8708371352978972,0.2158157835582486,-0.008657148900681477,0.16283628311759557,0.03999999999999915,0.020000000000000018
2018-07-19,7470.01,2804.49,7825.3,12.87,2.84,113.9463,1.225956495378533,-0.3960781746415343,-0.37169026461292276,0.5381014747940505,0.7699999999999996,-0.040000000000000036
2018-07-20,7334.46,2801.83,7820.2,12.86,2.89,113.3213,-1.8312548578931498,-0.09489291369755293,-0.06519446717110355,-0.5500137948383887,-0.009999999999999787,0.050000000000000266
2018-07-23,7720.09,2806.98,7841.87,12.62,2.96,113.4246,5.124223274683359,0.1836397184893812,0.27671966512645696,0.09111521500200226,-0.2400000000000002,0.06999999999999984
2018-07-24,8385.5,2820.4,7840.77,12.41,2.95,113.2045,8.267800178972706,0.4769546552918058,-0.014028250368625095,-0.19423813552652547,-0.20999999999999908,-0.009999999999999787
2018-07-25,8157.15,2846.07,7932.24,12.29,2.94,112.9221,-2.760918052653416,0.9060376426541339,1.159842356056906,-0.2497717179799075,-0.120000000000001,-0.010000000000000231
2018-07-26,7931.99,2837.44,7852.18,12.14,2.98,112.9179,-2.799089332234317,-0.3036858079784821,-1.0144267138658236,-0.00371944739683272,-0.14999999999999858,0.040000000000000036
2018-07-27,8184.21,2818.82,7737.42,13.03,2.96,112.8125,3.1302738203496716,-0.6583879546122162,-1.4722901546836198,-0.09338574481754236,0.8899999999999988,-0.020000000000000018
2018-07-30,8170.01,2802.6,7630,14.26,2.98,112.6044,-0.17365552827932618,-0.5770799909402768,-1.3980453404032644,-0.18463572085174462,1.2300000000000004,0.020000000000000018
2018-07-31,7727.27,2816.29,7671.79,12.83,2.96,112.7299,-5.57145021106642,0.4872858193981422,0.5462119647370756,0.11139006620508596,-1.4299999999999997,-0.020000000000000018
2018-08-01,7603.99,2813.36,7707.29,13.15,3,112.8899,-1.6082521222706703,-0.10409173801422256,0.4616669274470908,0.14183154742761772,0.3200000000000003,0.040000000000000036
2018-08-02,7533.92,2827.22,7802.69,12.19,2.98,113.1679,-0.9257618843861337,0.49143981274095694,1.230191181760354,0.24595491962147165,-0.9600000000000009,-0.020000000000000018
2018-08-03,7414.08,2840.35,7812.01,11.64,2.95,113.012,-1.6034595617266945,0.4633387321150373,0.11937470597285227,-0.1378548886875386,-0.5499999999999989,-0.029999999999999805
2018-08-06,6938,2850.4,7859.68,11.27,2.94,113.229,-6.63673465193142,0.3532051293110072,0.6083600048608417,0.19183089408638665,-0.370000000000001,-0.010000000000000231
2018-08-07,6718.22,2858.45,7883.66,10.93,2.98,112.9759,-3.2190310052035542,0.28201845679713955,0.304636989930529,-0.22377950753611486,-0.33999999999999986,0.040000000000000036
2018-08-08,6282.5,2857.7,7888.33,10.85,2.96,113.1411,-6.705524805991203,-0.02624143888114716,0.059218908159053285,0.14611907056334417,-0.08000000000000007,-0.020000000000000018
2018-08-09,6546.45,2853.58,7891.78,11.27,2.93,113.3806,4.115492755190964,-0.1442759141442096,0.04372593163122218,0.2114588485283342,0.41999999999999993,-0.029999999999999805
2018-08-10,6146.01,2833.28,7839.11,13.16,2.87,114.3005,-6.311982720603027,-0.7139295225622178,-0.6696403931131911,0.8080644423621663,1.8900000000000006,-0.06000000000000005
2018-08-13,6253.67,2821.93,7819.71,14.78,2.88,114.851,1.7365400632360917,-0.40140031013784494,-0.24778380396242028,0.48046908619534534,1.6199999999999992,0.009999999999999787
2018-08-14,6195.01,2839.96,7870.89,13.31,2.89,114.658,-0.9424362129044184,0.6368919546678065,0.6523674239497623,-0.1681851652821642,-1.4699999999999989,0.010000000000000231
2018-08-15,6269.01,2818.37,7774.12,14.64,2.86,115.1526,1.1874318156495534,-0.7631263915858,-1.2370875330251607,0.43044208027280817,1.33,-0.03000000000000025
2018-08-16,6315.9,2840.69,7806.52,13.45,2.87,114.6416,0.7451816021180946,0.7888276759113744,0.4159013583901583,-0.4447465099604031,-1.1900000000000013,0.010000000000000231
2018-08-17,6585.49,2850.13,7816.33,12.64,2.87,114.5339,4.179848050574186,0.3317626865218415,0.12558529704040922,-0.09398911133908783,-0.8099999999999987,0
2018-08-20,6258.74,2857.05,7821.01,12.49,2.82,114.3504,-5.088985707061511,0.24250166951826913,0.059856729338036985,-0.16034305482266475,-0.15000000000000036,-0.050000000000000266
2018-08-21,6475.89,2862.96,7859.17,12.86,2.85,113.8604,3.410716297981864,0.20664306891218231,0.4867300673350172,-0.42942818920179704,0.3699999999999992,0.03000000000000025
2018-08-22,6359.99,2861.82,7889.1,12.25,2.82,113.663,-1.8059244853677825,-0.03982685850179024,0.38010570095377005,-0.1735206572422321,-0.6099999999999994,-0.03000000000000025
2018-08-23,6526.36,2856.98,7878.46,12.41,2.82,114.0932,2.5822555585449436,-0.16926632005294096,-0.13496066119316197,0.37777282166056025,0.16000000000000014,0
2018-08-24,6690.88,2874.69,7945.98,11.99,2.82,113.5985,2.4896044491722336,0.6179719474591394,0.8533687101071052,-0.434535627267163,-0.41999999999999993,0
2018-08-27,6911.9,2896.74,8017.9,12.16,2.85,113.2721,3.249915870358322,0.7641124395723509,0.9010401804841806,-0.2877413161534115,0.16999999999999993,0.03000000000000025
2018-08-28,7071.01,2897.52,8030.04,12.5,2.88,113.3444,2.2758763043723818,0.026923196567363306,0.1512967061913173,0.0638082420769237,0.33999999999999986,0.029999999999999805
2018-08-29,7030.9,2914.04,8109.69,12.25,2.89,113.6461,-0.568860646026792,0.5685235804660849,0.9870133716132656,0.26582625938971205,-0.25,0.010000000000000231
2018-08-30,6983,2901.13,8088.36,13.53,2.86,114.0899,-0.6836096524063251,-0.4440118245784497,-0.2633651869077269,0.3897500279231636,1.2799999999999994,-0.03000000000000025
2018-08-31,7015.01,2901.52,8109.54,12.86,2.86,114.2755,0.4573515206260481,0.013442134217545032,0.26151553066640076,0.16254655115446326,-0.6699999999999999,0
2018-09-04,7360,2896.72,8091.25,13.16,2.9,114.8584,4.800779367062624,-0.16556752036844813,-0.22579155424491404,0.5087865718954809,0.3000000000000007,0.040000000000000036
2018-09-05,6687.96,2888.6,7995.17,13.91,2.9,114.7477,-9.575103783751437,-0.2807106722542585,-1.1945621528170136,-0.096426017059148,0.75,0
2018-09-06,6495,2878.05,7922.73,14.65,2.88,114.6479,-2.9276244780707117,-0.36589741948480636,-0.9101765947734819,-0.08701126464192299,0.7400000000000002,-0.020000000000000018
2018-09-07,6395.01,2871.68,7902.54,14.88,2.94,114.5816,-1.5514651371322685,-0.22157571246541607,-0.2551616617514796,-0.05784595948492566,0.23000000000000043,0.06000000000000005
2018-09-10,6300,2877.13,7924.16,14.16,2.94,114.6802,-1.496836535375401,0.18960451407243895,0.2732093670600122,0.0860152071380682,-0.7200000000000006,0
2018-09-11,6282.53,2887.89,7972.47,13.22,2.98,114.7051,-0.27768678041564243,0.373286215637858,0.6078036505142492,0.021710196858926167,-0.9399999999999995,0.040000000000000036
2018-09-12,6326,2888.92,7954.23,13.14,2.97,114.2192,0.6895359290126635,0.035659819551447924,-0.2290494323931469,-0.42450777806228857,-0.08000000000000007,-0.009999999999999787
2018-09-13,6485.99,2904.18,8013.71,12.37,2.97,113.9268,2.4976341218181375,0.5268348654683841,0.7449962249902242,-0.2563272291408403,-0.77000000000000135,0
2018-09-14,6478.04,2904.98,8010.04,12.07,2.99,114.0657,-0.1226470626273013,0.02754270858638108,-0.04580700602758725,0.12184612843384457,-0.29999999999999893,0.020000000000000018
2018-09-17,6250.7,2888.8,7895.79,13.68,2.99,113.9158,-3.5724537998586214,-0.5585314617481352,-1.4366048792775032,-0.13150191713062753,1.6099999999999994,0
2018-09-18,6335.7,2904.31,7956.11,12.79,3.05,113.7739,1.3506847429521684,0.5354649595431304,0.7610480906558692,-0.12464333553188212,-0.8900000000000006,0.05999999999999961
2018-09-19,6386.94,2907.95,7950.04,11.75,3.08,113.6532,0.8054975547297616,0.12525249991828247,-0.07632268392612218,-0.10614391278105373,-1.0399999999999991,0.03000000000000025
2018-09-20,6493.11,2930.75,8028.23,11.8,3.07,113.4989,1.648633425067203,0.780999739407573,0.9787120149532313,-0.13585612788302726,0.05000000000000071,-0.010000000000000231
2018-09-21,6750,2929.67,7986.96,11.68,3.07,113.5099,3.880089018016797,-0.0368574270180666,-0.5153868465169964,0.009691254267352178,-0.120000000000001,0
2018-09-24,6582.09,2919.37,7993.25,12.2,3.08,113.5301,-2.519018080134927,-0.3521949122205825,0.07872237379658031,0.017794221329570092,0.5199999999999996,0.010000000000000231
2018-09-25,6436.89,2915.56,8007.47,12.42,3.1,113.7202,-2.230681986454286,-0.1305928448663174,0.17774204840375063,0.16730454863393973,0.22000000000000064,0.020000000000000018
2018-09-26,6455.66,2905.97,7990.37,12.89,3.06,113.6739,0.2911761173942651,-0.32946695026323525,-0.2137789415627367,-0.04072225325097989,0.47000000000000064,-0.040000000000000036
2018-09-27,6680.01,2914,8041.97,12.41,3.06,113.9784,3.4162219160933205,0.2759466146894596,0.6437011461942532,0.2675133803542451,-0.4800000000000004,0
2018-09-28,6620.01,2913.98,8046.35,12.12,3.05,113.8077,-0.9022604031628134,-6.863441535109871e-4,0.054449440441395325,-0.1498774788751156,-0.2900000000000009,-0.010000000000000231
2018-10-01,6572.83,2924.59,8037.3,12,3.09,113.8235,-0.7152394955314278,0.3634455587306462,-0.1125366562330754,0.013882104057305611,-0.11999999999999922,0.040000000000000036
2018-10-02,6498.46,2923.43,7999.55,12.05,3.05,113.8954,-1.1379259812516196,-0.039671547471265,-0.4707915797142803,0.06314803241123101,0.05000000000000071,-0.040000000000000036
2018-10-03,6466.03,2925.51,8025.09,11.61,3.15,114.1569,-0.5002906807913376,0.0711240015347947,0.31875938087182476,0.22933345957110163,-0.4400000000000013,0.10000000000000009
2018-10-04,6547.45,2901.61,7879.51,14.22,3.19,114.6867,1.2513341922039345,-0.8203069104388838,-1.830716471121896,0.46302448181982925,2.610000000000001,0.040000000000000036
2018-10-05,6593.94,2885.57,7788.45,14.82,3.23,114.561,0.7075384558978826,-0.5543301253227106,-1.1623852152711223,-0.10966305232047446,0.5999999999999996,0.040000000000000036
2018-10-09,6589.48,2880.34,7738.02,15.95,3.21,114.6583,-0.06766074615160989,-0.18141113664018604,-0.6496026120355936,0.08489687024093584,1.129999999999999,-0.020000000000000018
2018-10-10,6524.56,2785.68,7422.05,22.96,3.22,114.6072,-0.9900919980690759,-3.3416333989062075,-4.169054157781815,-0.044577139470369787,7.010000000000002,0.010000000000000231
2018-10-11,6154.69,2728.37,7329.06,24.98,3.14,114.4074,-5.835912517328978,-2.0787647463574643,-1.260803177840586,-0.17448673638442713,2.0199999999999996,-0.08000000000000007
2018-10-12,6188.01,2767.13,7496.89,21.31,3.15,114.3691,0.539915592896989,1.4106320709680986,2.264100031164773,-0.033482460268263736,-3.6700000000000017,0.009999999999999787
2018-10-15,6440.42,2750.79,7430.74,21.3,3.16,114.045,3.9980206640462868,-0.5922538841602432,-0.8862817875813889,-0.2837830217186088,-0.00999999999999801,0.010000000000000231
2018-10-16,6457.11,2809.92,7645.49,17.62,3.16,113.8963,0.25880938933458,2.126787003864994,2.84904815044964,-0.13047220586557273,-3.6799999999999997,0
2018-10-17,6443.7,2809.21,7642.7,17.4,3.19,114.1755,-0.20789399781602214,-0.02527081607928139,-0.036498761867420626,0.24483530140111398,-0.22000000000000242,0.029999999999999805
2018-10-18,6394.96,2768.78,7485.14,20.06,3.17,114.8164,-0.7592729171575385,-1.4496515061646065,-2.083122211612043,0.5597592521348282,2.66,-0.020000000000000018
2018-10-19,6382.99,2767.78,7449.03,19.89,3.2,114.8567,-0.18735405133654126,-0.036123513910180094,-0.48358991992323297,0.03509335696136873,-0.16999999999999815,0.03000000000000025
2018-10-22,6407.65,2755.88,7468.63,19.64,3.2,115.1782,0.3855949437157946,-0.4308743988789665,0.26277594848469477,0.2795229848440606,-0.25,0
2018-10-23,6395.14,2740.69,7437.54,20.71,3.17,115.1651,-0.19542621540242777,-0.5527097324213415,-0.41714330485564943,-0.0113743269408495,1.0700000000000003,-0.03000000000000025
2018-10-24,6415.98,2656.1,7108.4,25.23,3.1,115.3755,0.3253426457989761,-3.1350832007118967,-4.526296567935262,0.18252755342409444,4.52,-0.06999999999999984
2018-10-25,6395.58,2705.57,7318.34,24.22,3.14,115.4831,-0.3184626578049077,1.8453729479332104,2.9106342970186105,0.09321724015611821,-1.0100000000000016,0.040000000000000036
2018-10-26,6404.87,2658.69,7167.21,24.16,3.08,115.473,0.14515117251470144,-1.7479090705259992,-2.0867068754116147,-0.008746250916402687,-0.05999999999999872,-0.06000000000000005
2018-10-29,6266,2641.25,7050.29,24.7,3.08,115.8936,-2.1920445969470848,-0.6581230333774002,-1.6447706815323926,0.3635792403271054,0.5399999999999991,0
2018-10-30,6267.63,2682.63,7161.65,23.35,3.12,116.2357,0.026010022781797204,1.5545366655689286,1.5671650621174038,0.294749734456623,-1.3499999999999979,0.040000000000000036
2018-10-31,6304.18,2711.74,7305.9,21.23,3.15,116.5281,0.5814612689615473,1.0792838671998872,1.994183954806772,0.25124194897010454,-2.120000000000001,0.029999999999999805
2018-11-01,6344,2740.37,7434.06,19.34,3.14,115.8657,0.6296578885114812,1.0502452503905246,1.7389901968327237,-0.5700683872610135,-1.8900000000000006,-0.009999999999999787
2018-11-02,6349.8,2723.06,7356.99,19.51,3.22,115.643,0.09138320130492872,-0.6336699810106872,-1.0421261168000129,-0.19239023733614857,0.1700000000000017,0.08000000000000007
2018-11-05,6404,2738.31,7328.85,19.96,3.2,115.703,0.8499478788872139,0.558469381702853,-0.3832267604618522,0.05187035984652866,0.4499999999999993,-0.020000000000000018
2018-11-06,6448.5,2755.45,7375.96,19.91,3.22,115.5622,0.692475048784047,0.6239826862748821,0.6407449151204503,-0.12176498443920991,-0.05000000000000071,0.020000000000000018
2018-11-07,6503.12,2813.89,7570.75,16.36,3.22,115.2519,0.8434516116132329,2.0987099015789212,2.6066074592854704,-0.26887455050532694,-3.5500000000000007,0
2018-11-08,6406.24,2806.83,7530.88,16.72,3.24,115.6478,-1.500954637658758,-0.25121349979597696,-0.5280236985576892,0.34291979414620144,0.35999999999999943,0.020000000000000018
2018-11-09,6334.89,2781.01,7406.9,17.36,3.19,116.4778,-1.1200065591124186,-0.9241561593021252,-1.6599902655897836,0.7151331324823929,0.6400000000000006,-0.050000000000000266
2018-11-13,6259.34,2722.18,7200.87,20.02,3.14,116.6694,-1.1997701526897941,-2.138114118410517,-2.82101461418911,0.16435972049633207,2.66,-0.04999999999999982
2018-11-14,5605.46,2701.58,7136.39,21.25,3.12,116.498,-11.033362550650061,-0.7596242848709522,-0.8994805804899642,-0.14701886359134164,1.2300000000000004,-0.020000000000000018
2018-11-15,5579.52,2730.2,7259.03,19.98,3.11,116.3861,-0.46383715495501576,1.0538079545353796,1.7039164844140586,-0.09609931172773756,-1.2699999999999996,-0.010000000000000231
2018-11-16,5512.24,2736.27,7247.87,18.14,3.08,115.9258,-1.2131677060025936,0.222081251512396,-0.15385784973389605,-0.3962781091843226,-1.8399999999999999,-0.029999999999999805
2018-11-19,4733.5,2690.73,7028.48,20.1,3.06,115.9859,-15.230618754094749,-1.67831468390931,-3.073716636922441,0.051830072691849693,1.9600000000000009,-0.020000000000000018
2018-11-20,4349.23,2641.89,6908.82,22.48,3.06,116.2367,-8.466606864885229,-1.831796215430881,-1.7171610035369156,0.21599973259345262,2.379999999999999,0
2018-11-21,4545.11,2649.93,6972.25,20.8,3.06,116.092,4.405311181885452,0.30386544464438003,0.9139128538590668,-0.12456491058596697,-1.6799999999999997,0
2018-11-23,4283.8,2632.56,6938.98,21.52,3.05,116.4713,-5.921146360190477,-0.657646776585441,-0.4783195077916247,0.3261910510510724,0.7199999999999989,-0.010000000000000231
2018-11-26,3731.32,2673.45,7081.85,18.9,3.07,116.6208,-13.807840770309454,1.5413016366781385,2.0380383354337894,0.1282754932489638,-2.620000000000001,0.020000000000000018
2018-11-27,3775,2682.17,7082.7,19.02,3.06,116.9001,1.1638324249176435,0.3256395228059539,0.01200179322360384,0.23920782523569883,0.120000000000001,-0.009999999999999787
2018-11-28,4225.03,2743.79,7291.59,18.49,3.06,116.8343,11.262597867465729,2.2714007938884784,2.9066438294437447,-0.05630322429066581,-0.5300000000000011,0
2018-11-29,4248,2737.76,7273.08,18.79,3.03,116.1961,0.542192256399332,-0.2200108521254407,-0.25417685351545316,-0.5477410634895818,0.3000000000000007,-0.03000000000000025
2018-11-30,3976,2760.17,7330.54,18.07,3.01,116.413,-6.61719951453108,0.8152204233589089,0.7869322335578133,0.1864931878110987,-0.7199999999999989,-0.020000000000000018
2018-12-03,3833.47,2790.37,7441.51,16.44,2.98,115.9057,-3.6505890554842324,1.0881931492828123,1.5024602206262117,-0.43672834456964793,-1.629999999999999,-0.029999999999999805
2018-12-04,3901.84,2700.06,7158.43,20.74,2.91,116.0028,1.7677838507703214,-3.2900208542344878,-3.878310205572788,0.08373992818215825,4.299999999999997,-0.06999999999999984
2018-12-06,3433.26,2695.95,7188.26,21.19,2.87,116.3991,-12.793798963111946,-0.15233481015792805,0.415845647837898,0.34104745625995747,0.45000000000000284,-0.040000000000000036
2018-12-07,3380.01,2633.08,6969.25,23.23,2.85,116.0847,-1.563157904563539,-2.359638323855595,-3.094152469842726,-0.270470623470942,2.039999999999999,-0.020000000000000018
2018-12-10,3410.15,2637.72,7020.52,22.64,2.85,116.6746,0.8877610527331825,0.17606440003854473,0.7329674402956954,0.5068766429480398,-0.5899999999999999,0
2018-12-11,3349.36,2636.78,7031.83,21.76,2.89,116.7564,-1.7986995788287885,-0.03564318930520116,0.16096955231166277,0.07008495302534001,-0.879999999999999,0.040000000000000036
2018-12-12,3430.24,2651.07,7098.31,21.46,2.91,116.2214,2.386094676600692,0.5404856335625041,0.9409742653494035,-0.4592720339872791,-0.3000000000000007,0.020000000000000018
2018-12-13,3265,2650.54,7070.33,20.65,2.91,116.3974,-4.9370466847090455,-0.0199939264398985,-0.3949572629688092,0.15132055842741465,-0.8100000000000023,0
2018-12-14,3195.71,2599.95,6910.66,21.63,2.89,116.79,-2.1450477364373555,-1.9271178750727813,-2.284200794874458,0.33672520123655403,0.9800000000000004,-0.020000000000000018
2018-12-17,3496.82,2545.94,6753.73,24.52,2.86,116.4532,9.004469870157727,-2.0992280594401613,-2.2970202112654547,-0.2887974732701082,2.8900000000000006,-0.03000000000000025
2018-12-18,3667.77,2546.16,6783.91,25.58,2.82,116.4127,4.772986389151157,0.008640835809892167,0.44586870381984056,-0.034783968291041134,1.0599999999999987,-0.040000000000000036
2018-12-19,3682.51,2506.96,6636.83,25.58,2.77,116.0676,0.4010736940356807,-1.551547811321008,-2.191919203864323,-0.2968855885672639,0,-0.04999999999999982
2018-12-20,4075.34,2467.42,6528.41,28.38,2.79,116.0183,10.135959389762839,-1.5897793403096827,-1.6471017791406695,-0.042484270471820906,2.8000000000000007,0.020000000000000018
2018-12-21,3839.06,2416.62,6332.99,30.11,2.79,116.2227,-5.972663382849497,-2.0803200653483067,-3.0390943559545747,0.17602408943888648,1.7300000000000004,0
2018-12-24,4034,2351.1,6192.92,36.07,2.74,116.2182,4.953089456542159,-2.748656592240728,-2.236577444051413,-0.0038719519676710945,5.960000000000001,-0.04999999999999982
2018-12-26,3809.88,2467.7,6554.36,30.41,2.81,116.1162,-5.716074695241424,4.8403238994109365,5.672377299413078,-0.08780448057033041,-5.66,0.06999999999999984
2018-12-27,3589.89,2488.83,6579.49,29.96,2.77,115.9927,-5.947613121737838,0.852617779166831,0.38267576783841406,-0.10641557618393804,-0.4499999999999993,-0.040000000000000036
2018-12-28,3888.06,2485.74,6584.52,28.34,2.72,115.7232,7.978875721565615,-0.12423185913208457,0.07642048653568878,-0.23261254106330398,-1.620000000000001,-0.04999999999999982
2018-12-31,3691.86,2506.85,6635.28,25.42,2.69,115.5674,-5.177992248290586,0.8456582977787619,0.7679427745975076,-0.13472231345756924,-2.919999999999998,-0.03000000000000025
2019-01-02,3890.79,2510.03,6665.94,23.22,2.66,115.7689,5.248182574934823,0.1267720346464607,0.46101115990460073,0.1742053028068291,-2.200000000000003,-0.029999999999999805
2019-01-03,3787.57,2447.89,6463.5,25.45,2.56,115.4622,-2.6887569331440986,-2.5068276263535694,-3.08400122030843,-0.2652758905331787,2.2300000000000004,-0.10000000000000009
2019-01-04,3820.25,2531.94,6738.86,21.38,2.67,114.9821,0.8591212990344488,3.3759378318729105,4.171980441078205,-0.4166739594889002,-4.07,0.10999999999999988
2019-01-07,4006.01,2549.69,6823.47,21.4,2.7,114.5628,4.747986799289805,0.6985975834124858,1.2477368963043745,-0.36533198198469563,0.019999999999999574,0.03000000000000025
2019-01-08,3993.86,2574.41,6897,20.47,2.73,114.7281,-0.3037551695728169,0.9648598495866523,1.0718394333462555,0.14418367989019742,-0.9299999999999997,0.029999999999999805
2019-01-09,4004.12,2584.96,6957.08,19.98,2.74,114.1406,0.25656492334515946,0.4089652304170244,0.867331163566476,-0.5133959256293785,-0.48999999999999844,0.010000000000000231
2019-01-10,3626.12,2596.64,6986.07,19.5,2.74,114.0496,-9.916062492998812,0.4508267632578722,0.41583202897008675,-0.07975803064645959,-0.4800000000000004,0
2019-01-11,3635.69,2596.26,6971.48,18.19,2.71,114.0404,0.26357080508017106,-0.014635367547111144,-0.2090625548760272,-0.00806699110436071,-1.3099999999999987,-0.03000000000000025
2019-01-14,3664.19,2582.61,6905.92,19.07,2.71,NA,0.7808387207944634,-0.5271432420136613,-0.9448526054796957,NA,0.879999999999999,0
2019-01-15,3580.76,2610.3,7023.83,18.6,2.72,114.3402,-2.303223297764845,1.0664641768124206,1.692963853547802,NA,-0.46999999999999886,0.010000000000000231
2019-01-16,3609.71,2616.1,7034.69,19.04,2.73,114.137,0.8052368323035353,0.22195019060893273,0.15449709016550628,-0.17787337517720658,0.4399999999999977,0.009999999999999787
2019-01-17,3640.65,2635.96,7084.46,18.06,2.75,114.4115,0.8534800427243638,0.7562782854257932,0.7050028669237207,0.2402117117307867,-0.9800000000000004,0.020000000000000018
2019-01-18,3607.85,2670.71,7157.23,17.8,2.79,114.558,-0.9050210078475729,1.3096912647037051,1.0219381732753163,0.12796465904072463,-0.259999999999998,0.040000000000000036
2019-01-22,3577.03,2632.9,7020.36,20.8,2.74,114.7541,-0.8579179898642764,-1.425845436347739,-1.9308535835962815,0.17103331904699814,3,-0.04999999999999982
2019-01-23,3553.01,2638.7,7025.77,19.52,2.76,114.5759,-0.6737715600253935,0.22004713333094728,0.07703189800345456,-0.15540926687807044,-1.2800000000000011,0.019999999999999574
2019-01-24,3568.97,2642.33,7073.46,18.89,2.72,114.617,0.44819071989401493,0.13747320396557683,0.6764934237537545,0.03586498573087127,-0.629999999999999,-0.03999999999999959
2019-01-25,3562.17,2664.76,7164.86,17.42,2.76,114.0197,-0.19071290315562095,0.8452893602496125,1.2838769669770045,-0.5224894855754059,-1.4699999999999989,0.03999999999999959
2019-01-28,3429.95,2643.85,7085.68,18.87,2.75,114.0522,-3.782422591312873,-0.7877809121116464,-1.1112675707281028,0.028499784690705354,1.4499999999999993,-0.009999999999999787
2019-01-29,3397.42,2640,7028.29,19.13,2.72,114.026,-0.9529363771722643,-0.14572709979780996,-0.8132412963290037,-0.022974576364820365,0.259999999999998,-0.029999999999999805
2019-01-30,3437.55,2681.05,7183.08,17.66,2.7,114.0731,1.1742688301049853,1.542959167924618,2.178482744751875,0.04129783999093917,-1.4699999999999989,-0.020000000000000018
2019-01-31,3411.5,2704.1,7281.74,16.57,2.63,113.5504,-0.7606931068108835,0.8560630907941125,1.3641584200616563,-0.45926797431974364,-1.0899999999999999,-0.07000000000000028
2019-02-01,3437.5,2706.53,7263.87,16.14,2.7,113.7548,0.7592385719348727,0.0898231874432831,-0.2457099975952559,0.17984635203580623,-0.4299999999999997,0.07000000000000028
2019-02-04,3409.57,2724.87,7347.54,15.73,2.73,113.8766,-0.8158279355246378,0.675334893535684,1.1452818661620512,0.10701512324224893,-0.41000000000000014,0.029999999999999805
2019-02-05,3428.4,2737.7,7402.08,15.57,2.71,114.0431,0.5507496405146028,0.46974312794425543,0.7395478470622052,0.14610411440356685,-0.16000000000000014,-0.020000000000000018
2019-02-06,3367.36,2731.61,7375.28,15.38,2.7,114.2305,-1.7964625472279394,-0.22269728784429788,-0.3627174188434168,0.16418897507151087,-0.1899999999999995,-0.009999999999999787
2019-02-07,3359,2706.05,7288.35,16.37,2.65,114.4339,-0.2485743940153995,-0.9401171920809581,-1.1856684653062999,0.1779026850227794,0.9900000000000002,-0.050000000000000266
2019-02-08,3621.99,2707.88,7298.2,15.72,2.63,114.5003,7.5380287921676725,0.06760338865472448,0.13505594533604892,0.05800793578414343,-0.6500000000000004,-0.020000000000000018
2019-02-11,3590.36,2709.8,7307.9,15.97,2.65,115.031,-0.8771122527670983,0.07087905082547863,0.1328212380583338,0.46242141762684597,0.25,0.020000000000000018
2019-02-12,3588.06,2744.73,7414.62,15.43,2.68,114.7297,-0.06408095594032659,1.2807878037835785,1.4497772017591615,-0.2622730281663266,-0.5400000000000009,0.03000000000000025
2019-02-13,3576.68,2753.03,7420.38,15.65,2.71,114.9407,-0.31766706314133586,0.30194138361174794,0.07765420005991786,0.18374162222301038,0.22000000000000064,0.029999999999999805
2019-02-14,3561.5,2745.73,7426.95,16.22,2.66,115.1007,-0.4253191397074474,-0.2655145628696509,0.08850076651931715,0.13910541824246891,0.5699999999999985,-0.04999999999999982
2019-02-15,3566.59,2775.6,7472.41,14.91,2.66,114.9923,0.14281528053494696,1.0819962367806468,0.6102294470347047,-0.09422277776351962,-1.3099999999999987,0
2019-02-19,3888.01,2779.76,7486.77,14.88,2.65,114.57,8.628750136972485,0.14976529973074193,0.19198919206662168,-0.367917969428877,-0.02999999999999936,-0.010000000000000231
2019-02-20,3938.99,2784.7,7489.07,14.02,2.65,NA,1.3026886658790815,0.17755546082875995,0.03071614037128967,NA,-0.8600000000000012,0
2019-02-21,3897.71,2774.88,7459.71,14.46,2.69,114.5091,-1.05351440791015,-0.35326446287138324,-0.39280848004583646,NA,0.4400000000000013,0.040000000000000036
2019-02-22,3942.02,2792.67,7527.54,13.51,2.65,114.2716,1.1304081093340912,0.6390624438174619,0.9051755743435308,-0.20762248329173616,-0.9500000000000011,-0.040000000000000036
2019-02-25,3818.79,2796.11,7554.46,14.85,2.67,114.1457,-3.1759663769713953,0.12310380564022338,0.35698221175177736,-0.11023684523863153,1.3399999999999999,0.020000000000000018
2019-02-26,3799.48,2793.9,7549.3,15.17,2.64,114.0687,-0.5069403251319216,-0.0790696301129934,-0.06832735955484281,-0.06748040695230273,0.3200000000000003,-0.029999999999999805
2019-02-27,3799.91,2792.38,7554.51,14.7,2.69,114.0363,0.01131669779965705,-0.05441904227900807,0.06898921804019409,-0.02840797020491337,-0.47000000000000064,0.04999999999999982
2019-02-28,3792.14,2784.49,7532.53,14.78,2.73,114.1991,-0.20468786988594445,-0.28295460586900134,-0.29137611553817777,0.1426597518269901,0.08000000000000007,0.040000000000000036
2019-03-01,3806.17,2803.69,7595.35,13.57,2.76,114.537,0.36929306503097337,0.6871673980360704,0.8305243179416166,0.2954498619113899,-1.209999999999999,0.029999999999999805
2019-03-04,3700.72,2792.81,7577.57,14.63,2.72,114.6925,-2.809603887908807,-0.38881492742657286,-0.2343650152818455,0.13567191295384973,1.0600000000000005,-0.03999999999999959
2019-03-05,3844.59,2789.65,7576.36,14.74,2.72,114.804,3.8139569968715037,-0.11321175028617958,-0.015969454822162277,0.0971692455205897,0.10999999999999943,0
2019-03-06,3851.89,2771.45,7505.92,15.74,2.69,114.9714,0.18969716517389656,-0.6545490992497349,-0.9340830718342019,0.1457075297153665,1,-0.03000000000000025
2019-03-07,3857.05,2748.93,7421.46,16.59,2.64,115.4919,0.13387056510012485,-0.81589038889609,-1.131623919372693,0.4516995851319372,0.8499999999999996,-0.04999999999999982
2019-03-08,3843.12,2743.07,7408.14,16.05,2.62,115.3599,-0.3618105884962475,-0.21340139198384733,-0.17964076687242425,-0.11435909478354489,-0.5399999999999991,-0.020000000000000018
2019-03-11,3849.68,2783.3,7558.06,14.33,2.64,115.2967,0.17054912619816065,1.4559542940995485,2.003514785045901,-0.05480008079681298,-1.7200000000000006,0.020000000000000018
2019-03-12,3860,2791.52,7591.03,13.77,2.61,114.939,0.26771555145632675,0.2948976274417703,0.4352743571416795,-0.31072530263562825,-0.5600000000000005,-0.03000000000000025
2019-03-13,3851.02,2810.92,7643.41,13.41,2.61,114.7372,-0.23291352012080324,0.6925581547047699,0.6876551603790304,-0.17572569724597642,-0.35999999999999943,0
2019-03-14,3853.95,2808.48,7630.91,13.5,2.63,114.79,0.07605480984960167,-0.08684201706037342,-0.1636734439310672,0.046007619952082024,0.08999999999999986,0.020000000000000018
2019-03-15,3902.8,2822.48,7688.53,12.88,2.59,114.5815,1.2595647877631677,0.4972519373935391,0.7522503657673596,-0.18180118927348943,-0.6199999999999992,-0.040000000000000036
2019-03-18,3970.5,2832.94,7714.48,13.1,2.6,114.4375,1.7197787101469686,0.3699110562036978,0.336947447955005,-0.12575377499404183,0.21999999999999886,0.010000000000000231
2019-03-19,4000.85,2832.57,7723.95,13.56,2.61,114.2324,0.7614807191835382,-0.013061489628451994,0.12268088384299602,-0.17938526670926436,0.46000000000000085,0.009999999999999787
2019-03-20,4031.85,2824.23,7728.97,13.91,2.54,114.1509,0.7718489151125496,-0.29486656918287224,0.06497154164524233,-0.07137124602332179,0.34999999999999964,-0.06999999999999984
2019-03-21,3972.76,2854.88,7838.96,13.63,2.54,114.1684,-1.4764260440577104,1.0794049627223856,1.4130565870010159,0.015329409326536592,-0.27999999999999936,0
2019-03-22,3983.78,2800.71,7642.67,16.48,2.44,114.6856,0.277005005857589,-1.915685423505309,-2.535915393634447,0.4519919953496654,2.8499999999999996,-0.10000000000000009
2019-03-25,3907.53,2798.36,7637.54,16.33,2.43,114.4171,-1.932565648687934,-0.08394251681052012,-0.06714567656782577,-0.23439280543460228,-0.15000000000000213,-0.009999999999999787
2019-03-26,3921.45,2818.46,7691.52,14.68,2.41,114.6414,0.3556022538962367,0.715710519489221,0.7042861483443019,0.1958452287887269,-1.6499999999999986,-0.020000000000000018
2019-03-27,4026.53,2805.37,7643.38,15.15,2.39,115.1243,2.6443479499048905,-0.46551989086820456,-0.6278509561656875,0.4203418621830046,0.47000000000000064,-0.020000000000000018
2019-03-28,4011.17,2815.44,7669.17,14.43,2.39,115.2581,-0.3821993529932399,0.35831172994038596,0.33684819818891043,0.11615471932184818,-0.7200000000000006,0
2019-03-29,4091.01,2834.4,7729.32,13.71,2.41,115.1371,1.9708913999110678,0.6711719685688067,0.7812494074151743,-0.10503692014820487,-0.7199999999999989,0.020000000000000018
2019-04-01,4137,2867.19,7828.91,13.4,2.49,114.9362,1.1179004144876714,1.1502181500052444,1.2802402360962972,-0.17464003955325325,-0.3100000000000005,0.08000000000000007
2019-04-02,4901.93,2867.24,7848.69,13.36,2.48,115.1173,16.965811763892624,0.0017438524841040248,0.25233467489140793,0.1574416710974802,-0.040000000000000924,-0.010000000000000231
2019-04-03,4975.97,2873.4,7895.55,13.74,2.52,114.7211,1.4991321361597088,0.21461030004630288,0.5952670738102128,-0.3447643147916679,0.3800000000000008,0.040000000000000036
2019-04-04,4906.49,2879.39,7891.78,13.58,2.51,114.9697,-1.4061507930172468,0.20824685638523022,-0.047759818432524526,0.21646500170859895,-0.16000000000000014,-0.010000000000000231
2019-04-05,5040.66,2892.74,7938.69,12.82,2.5,114.9726,2.69782073410898,0.4625683691842575,0.5926562800228297,0.002522371916935384,-0.7599999999999998,-0.009999999999999787
2019-04-08,5285.54,2895.77,7953.88,13.18,2.52,114.6893,4.743776418160195,0.10469016298637612,0.19115856813041177,-0.24671061564394137,0.35999999999999943,0.020000000000000018
2019-04-09,5187.21,2878.2,7909.28,14.28,2.51,114.5321,-1.8778809692623355,-0.6085952726104793,-0.5623106306490655,-0.13715998998771184,1.0999999999999996,-0.010000000000000231
2019-04-10,5318.58,2888.21,7964.24,13.3,2.48,114.4269,2.5010370051864683,0.3471834314500377,0.692476774173123,-0.09189418839445906,-0.97999999999999865,-0.029999999999999805
2019-04-11,5041.3,2888.32,7947.36,13.02,2.51,114.6303,-5.3542365100247125,0.003808514800862639,-0.21217233128538737,0.1775976074638308,-0.28000000000000114,0.029999999999999805
2019-04-12,5078.19,2907.41,7984.16,12.01,2.56,114.3531,0.7290913556834866,0.6587632286936262,0.46197808432495435,-0.24211373873388453,-1.0099999999999998,0.050000000000000266
2019-04-15,5029.99,2905.58,7976.01,12.32,2.55,114.495,-0.9536902850046047,-0.06296243621459752,-0.10212924684882552,0.12401240664505764,0.3100000000000005,-0.010000000000000231
2019-04-16,5202.9,2907.06,8000.23,12.18,2.6,114.6756,3.379816640441291,0.05092350573869808,0.30320048465277694,0.15761187288987344,-0.14000000000000057,0.050000000000000266
2019-04-17,5227,2900.45,7996.08,12.6,2.59,114.5141,0.4621337288272187,-0.22763638303944234,-0.051886967595748956,-0.14093131299572903,0.41999999999999993,-0.010000000000000231
2019-04-18,5280.49,2905.03,7998.06,12.09,2.57,114.7073,1.0181396711752555,0.15778199046989627,0.024759068135082885,0.1685706882079252,-0.5099999999999998,-0.020000000000000018
2019-04-22,5387.6,2907.97,8015.27,12.42,2.59,114.7694,2.0081120299984434,0.10115259764935658,0.21494600593516822,0.05412314323489653,0.33000000000000007,0.020000000000000018
2019-04-23,5532.75,2933.68,8120.82,12.28,2.57,115.1578,2.6584962707861592,0.8802364401891971,1.3082661965288622,0.3378463874075699,-0.14000000000000057,-0.020000000000000018
2019-04-24,5441.9,2927.25,8102.01,13.14,2.53,115.4187,-1.6556714855369137,-0.2194191904615117,-0.23189552537150604,0.22630243007863982,0.8600000000000012,-0.040000000000000036
2019-04-25,5134.81,2926.17,8106.29,13.25,2.54,115.7709,-5.808542287275564,-0.03690150415502913,0.052812449170858144,0.30468522153679345,0.10999999999999943,0.010000000000000231
2019-04-26,5159.51,2939.88,8133.96,12.73,2.51,115.4767,0.47987720217985697,0.46743634859041094,0.3407586308648902,-0.2544460212583033,-0.5199999999999996,-0.03000000000000025
2019-04-29,5148.25,2943.03,8149.39,13.11,2.54,115.5227,-0.21847626407378584,0.10708986882486116,0.18951879826172302,0.03982694379986995,0.379999999999999,0.03000000000000025
2019-04-30,5270.69,2945.83,8095.39,13.12,2.51,115.3281,2.35044326706646,0.0950948132915741,-0.6648313969190411,-0.1685937809996929,0.009999999999999787,-0.03000000000000025
2019-05-01,5321.15,2923.73,8049.64,14.8,2.52,115.0022,0.9528161632726295,-0.7530412649501272,-0.56673939230798,-0.2829851022513985,1.6800000000000015,0.010000000000000231
2019-05-02,5390.01,2917.52,8036.77,14.42,2.55,115.5617,1.285779480004301,-0.21262580234031603,-0.16001087558965565,0.4853327847436084,-0.3800000000000008,0.029999999999999805
2019-05-03,5657.4,2945.64,8164,12.87,2.54,115.2646,4.841718251079463,0.959217064148099,1.5706983769907978,-0.2574231481119682,-1.5500000000000007,-0.009999999999999787
2019-05-06,5687.9,2932.47,8123.29,15.44,2.51,115.3811,0.5376688756834724,-0.4481039666655029,-0.4999000420395916,0.10102075166154023,2.5700000000000003,-0.03000000000000025
2019-05-07,5748.45,2884.05,7963.76,19.32,2.45,115.6116,1.0589141778250877,-1.6649515009818927,-1.983399438958422,0.19957347267336445,3.880000000000001,-0.05999999999999961
2019-05-08,5948.41,2879.42,7943.32,19.4,2.49,115.5171,3.4193703702680267,-0.16066713268170218,-0.256992625292618,-0.08177262734214708,0.0799999999999983,0.040000000000000036
2019-05-09,6153.09,2870.72,7910.59,19.1,2.45,115.8421,3.383043770727845,-0.30260155887189555,-0.41289557590733494,0.2809485974834658,-0.29999999999999716,-0.040000000000000036
2019-05-10,6343.14,2881.4,7916.94,16.04,2.47,115.5334,3.041951932055831,0.37134177564537296,0.08023994066927997,-0.2668391278851878,-3.0600000000000023,0.020000000000000018
2019-05-13,7824.93,2811.87,7647.02,20.55,2.4,115.915,20.99408767161517,-2.4426544706444453,-3.4688738068908265,0.32974982395819197,4.510000000000002,-0.07000000000000028
2019-05-14,7990.92,2834.41,7734.49,18.06,2.42,115.9425,2.099110638023838,0.7984060207655297,1.1373518321946108,0.02372146696050237,-2.490000000000002,0.020000000000000018
2019-05-15,8203.32,2850.96,7822.15,16.44,2.37,115.8565,2.623305329844605,0.582197702081011,1.126990504525871,-0.07420222170582136,-1.6199999999999974,-0.04999999999999982
2019-05-16,7878.96,2876.32,7898.05,15.29,2.4,116.0346,-4.034303491371816,0.8855919648712351,0.9656440730449134,0.1536066153629001,-1.1500000000000021,0.029999999999999805
2019-05-17,7363.69,2859.53,7816.28,15.96,2.39,116.448,-6.763474966611227,-0.5854423653127938,-1.040715551136806,0.3556398936717109,0.6700000000000017,-0.009999999999999787
2019-05-20,7999.54,2840.23,7702.38,16.31,2.41,116.3119,8.282287422849066,-0.6772240853415212,-1.4679366039713315,-0.11694455575117502,0.34999999999999787,0.020000000000000018
2019-05-21,7951.7,2864.36,7785.72,14.95,2.43,116.2844,-0.599829774218108,0.8459904713623345,1.0761914548595541,-0.023646120018305794,-1.3599999999999994,0.020000000000000018
2019-05-22,7626.48,2856.27,7750.84,14.75,2.39,116.2412,-4.175934026498496,-0.28283616990023575,-0.4490061969997683,-0.037157199462800605,-0.1999999999999993,-0.040000000000000036
2019-05-23,7881.98,2822.24,7628.28,16.92,2.31,116.2368,3.295273932306131,-1.1985681943016857,-1.5938830654652847,-0.0037853044164037897,2.1700000000000017,-0.08000000000000007
2019-05-24,7994.88,2826.06,7637.01,15.85,2.32,116.0806,1.4222195449869801,0.1352619578427472,0.11437713861610632,-0.13447122216190266,-1.070000000000002,0.009999999999999787
2019-05-28,8686.5,2802.39,7607.35,17.5,2.26,116.3174,8.296875955940486,-0.8410890934652748,-0.3891280109643347,0.20378839917034597,1.6500000000000004,-0.06000000000000005
2019-05-29,8660.5,2783.02,7547.31,17.9,2.25,116.5535,-0.2997638723620355,-0.6935955517473502,-0.7923676827090276,0.20277336575569294,0.3999999999999986,-0.009999999999999787
2019-05-30,8273.57,2788.86,7567.72,17.3,2.22,116.3989,-4.570636096605618,0.20962411748000065,0.270062479595623,-0.13273099800414911,-0.5999999999999979,-0.029999999999999805
2019-05-31,8550.18,2752.06,7453.15,18.71,2.14,116.7273,3.2886238696503867,-1.3283188023120118,-1.5255071358566852,0.2817360015505699,1.4100000000000001,-0.08000000000000007
2019-06-03,8015.01,2744.45,7333.02,18.86,2.07,116.4764,-6.463630163726997,-0.27690315718498226,-1.6249325316094243,-0.21517677190177054,0.14999999999999858,-0.07000000000000028
2019-06-04,7688.26,2803.27,7527.12,16.97,2.12,116.091,-4.162154368662563,2.120590232217978,2.6125062027286816,-0.3314311058132624,-1.8900000000000006,0.050000000000000266
2019-06-05,7766.91,2826.15,7575.48,16.09,2.12,116.03,1.0177911850110632,0.8128768500641037,0.640421719257489,-0.052558795976409556,-0.879999999999999,0
2019-06-06,7812.15,2843.49,7615.55,15.93,2.12,115.9771,0.5807812174110083,0.6116809555866354,0.527549388445081,-0.04560205348607127,-0.16000000000000014,0
2019-06-07,7992.17,2873.34,7742.1,16.3,2.09,115.7368,2.278209833232303,1.0442945224567346,1.6480759022112323,-0.20741102380670284,0.370000000000001,-0.03000000000000025
2019-06-10,8046.13,2886.73,7823.17,15.94,2.15,115.5001,0.6728918102473003,0.4649257428951614,1.0416874629578743,-0.20472518241865245,-0.3600000000000012,0.06000000000000005
2019-06-11,7918.2,2885.72,7822.57,15.99,2.15,115.3794,-1.6027323225063839,-0.03499380714622191,-0.007669819392219779,-0.10455671551259371,0.05000000000000071,0
2019-06-12,8169.01,2879.84,7792.72,15.91,2.13,115.438,3.1183819230323095,-0.20396984988728661,-0.3823180531268733,0.05077606909971166,-0.08000000000000007,-0.020000000000000018
2019-06-13,8256,2891.64,7837.13,15.82,2.1,115.6275,1.0592482240181056,0.4089078171241489,0.5682731377786965,0.16402279222562655,-0.08999999999999986,-0.029999999999999805
2019-06-14,8693.98,2886.98,7796.66,15.28,2.09,115.9057,5.169062338766395,-0.1612842169983253,-0.517725905189792,0.24031122437948582,-0.5400000000000009,-0.010000000000000231
2019-06-17,9346.47,2889.67,7845.02,15.35,2.09,115.9684,7.236789978056457,0.0931335703024061,0.6183498714920077,0.05408107376219107,0.07000000000000028,0
2019-06-18,9089.99,2917.75,7953.88,15.15,2.06,115.8797,-2.7824923828664083,0.9670462557011206,1.3780924346622925,-0.07651561891384162,-0.1999999999999993,-0.029999999999999805
2019-06-19,9283.99,2926.46,7987.32,14.33,2.03,115.7889,2.1117603210909053,0.298073014106226,0.41954243155757354,-0.07838783905071978,-0.8200000000000003,-0.03000000000000025
2019-06-20,9542.6,2954.18,8051.34,14.75,2.01,114.8046,2.747457372676898,0.9427615127716393,0.7983252966472065,-0.8537152853129726,0.41999999999999993,-0.020000000000000018
2019-06-21,10175.88,2950.46,8031.71,15.4,2.07,114.8377,6.425422905895495,-0.12600261801480883,-0.24410804850738543,0.028827441833900735,0.6500000000000004,0.06000000000000005
2019-06-24,11040.03,2945.35,8005.7,15.26,2.02,114.6559,8.150754416115724,-0.17334348561242052,-0.32436687476469217,-0.15843582394401423,-0.14000000000000057,-0.04999999999999982
2019-06-25,11736.99,2917.38,7884.72,16.28,2,114.6363,6.1217634874587645,-0.9541702315563505,-1.5227078650628556,-0.01709608966002918,1.0200000000000014,-0.020000000000000018
2019-06-26,12902.52,2913.78,7909.97,16.21,2.05,114.5608,9.467724801558752,-0.12347459021464502,0.3197279783275775,-0.06588216232303878,-0.07000000000000028,0.04999999999999982
2019-06-27,11127.4,2924.92,7967.76,15.82,2.01,114.665,-14.801210600379733,0.38159225573179967,0.7279410241876505,0.09091472877589268,-0.39000000000000057,-0.040000000000000036
2019-06-28,12317.73,2941.76,8006.24,15.08,2,114.5821,10.162915275896722,0.5740911810812932,0.48178382911885365,-0.07232370975565061,-0.7400000000000002,-0.009999999999999787
2019-07-01,10570.62,2964.33,8091.16,14.06,2.03,114.7239,-15.296123314477583,0.7642995575579903,1.055087005095956,0.12367754709856627,-1.0199999999999996,0.029999999999999805
2019-07-02,10885.01,2973.01,8109.09,12.93,1.98,114.8258,2.930815864441172,0.29238703472564964,0.2213546991077564,0.08878252221062866,-1.1300000000000008,-0.04999999999999982
2019-07-03,12022.61,2995.82,8170.23,12.57,1.96,114.8135,9.940243025761575,0.7643076127193282,0.7511405570479468,-0.010712452103600612,-0.35999999999999943,-0.020000000000000018
2019-07-05,11038.61,2990.41,8161.79,13.28,2.04,115.1132,-8.53899165141101,-0.1807481995470539,-0.1033552585818498,0.2606919246271211,0.7099999999999991,0.08000000000000007
2019-07-08,12298.31,2975.95,8098.38,13.96,2.05,115.0254,10.806272743931977,-0.48471859933751915,-0.7799465988899357,-0.07630184963298703,0.6800000000000015,0.009999999999999787
2019-07-09,12559.46,2979.63,8141.73,14.09,2.07,115.1017,2.1012311920859617,0.12358159804266577,0.53386464698022,0.06631118438100714,0.129999999999999,0.020000000000000018
2019-07-10,12083.13,2993.07,8202.53,13.03,2.07,115.0879,-3.8663901580445525,0.45004847673171255,0.7439955122421793,-0.011990115988336214,-1.0600000000000005,0
2019-07-11,11323.95,2999.91,8196.04,12.93,2.13,114.8361,-6.489031306579385,0.22826717159194487,-0.07915324737268747,-0.21902898406844784,-0.09999999999999964,0.06000000000000005
2019-07-12,11811.99,3013.77,8244.14,12.39,2.12,114.7685,4.219516544564961,0.46094985236422303,0.5851534137345737,-0.058883839394585635,-0.5399999999999991,-0.009999999999999787
2019-07-15,10855.56,3014.3,8258.19,12.68,2.09,114.6819,-8.443772615562217,0.01758440102275216,0.17027902599000555,-0.07548472707998855,0.28999999999999915,-0.03000000000000025
2019-07-16,9436,3004.04,8222.8,12.86,2.13,115.0111,-14.014522958358633,-0.34095813595058644,-0.42946515220876336,0.286643672558462,0.17999999999999972,0.040000000000000036
2019-07-17,9708.55,2984.42,8185.21,13.97,2.06,114.8819,2.8474779019859398,-0.6552626285154517,-0.45819164863445394,-0.11240012840962876,1.1100000000000012,-0.06999999999999984
2019-07-18,10654.25,2995.11,8207.24,13.53,2.04,114.8744,9.295193301933224,0.35755356654512127,0.26878243658252643,-0.006528656670301558,-0.4400000000000013,-0.020000000000000018
2019-07-19,10548.04,2976.61,8146.49,14.45,2.05,114.8695,-1.0018812912678143,-0.6195889687755418,-0.7429531909764364,-0.004265619240140239,0.9199999999999999,0.009999999999999787
2019-07-22,10304.64,2985.03,8204.14,13.53,2.05,115.0018,-2.334578143756083,0.28247279603137443,0.7051745271850152,0.11510790134128257,-0.9199999999999999,0
2019-07-23,9833.19,3005.47,8251.4,12.61,2.08,115.2995,-4.683088093413801,0.6824164701725977,0.5743978008437622,0.25853103374977593,-0.9199999999999999,0.03000000000000025
2019-07-24,9751.24,3019.56,8321.5,12.07,2.05,115.2436,-0.8368941889933978,0.46771636608937683,0.8459644125260013,-0.048494187069980654,-0.5399999999999991,-0.03000000000000025
2019-07-25,9880.67,3003.67,8238.54,12.74,2.08,115.2982,1.3185866815399905,-0.5276251069020077,-1.001938328830576,0.04736668232903085,0.6699999999999999,0.03000000000000025
2019-07-26,9841.96,3025.86,8330.21,12.16,2.08,115.5449,-0.3925445004773209,0.7360474259664684,1.1065522188676624,0.2137383304233964,-0.5800000000000001,0
2019-07-29,9503.32,3020.97,8293.33,12.83,2.06,115.5885,-3.5013666981935643,-0.1617376729949882,-0.4437088671487288,0.037727131186748863,0.6699999999999999,-0.020000000000000018
2019-07-30,9580,3013.18,8273.61,13.94,2.06,115.6211,0.8036380743769556,-0.2581972383094211,-0.23806459507369482,0.02819952131405401,1.1099999999999994,0
2019-07-31,10099,2980.38,8175.42,16.12,2.02,115.4946,5.275881706164931,-1.0945190319276321,-1.1938839712394511,-0.10946899118717823,2.1800000000000015,-0.040000000000000036
2019-08-01,10417.24,2953.56,8111.12,17.87,1.9,116.0499,3.102571695523615,-0.9039586726804494,-0.7896131908415427,0.47964954004022786,1.75,-0.1200000000000001
2019-08-02,10533.07,2932.05,8004.07,17.61,1.86,116.1864,1.1057705612595115,-0.7309385354455245,-1.3285797391551668,0.1175526958694384,-0.26000000000000156,-0.039999999999999813
2019-08-05,11775.14,2844.74,7726.04,24.59,1.75,116.5851,11.147069781615393,-3.0230162083586087,-3.535372075641874,0.3425680462640912,6.98,-0.1100000000000001
2019-08-06,11440.08,2881.77,7833.27,20.17,1.73,116.6904,-2.8867550494210192,1.2933013700776819,1.3783605788924902,0.09027952541265094,-4.419999999999998,-0.020000000000000018
2019-08-07,12014.41,2883.98,7862.83,19.49,1.71,116.7987,4.898378376347345,0.07665958837028697,0.3766545185996506,0.09276664972075466,-0.6800000000000033,-0.020000000000000018
2019-08-08,12017.89,2938.09,8039.16,16.91,1.72,116.474,0.028961023491902438,1.8588425780335704,2.2178007591836746,-0.27838680625711376,-2.5799999999999983,0.010000000000000009
2019-08-09,11889,2918.65,7959.14,17.97,1.74,116.4419,-1.0782770056179558,-0.6638529760062184,-1.0003646302244817,-0.027563597163826614,1.0599999999999987,0.020000000000000018
2019-08-12,11387.38,2883.75,7863.41,21.09,1.65,116.7548,-4.310787821632722,-1.2029650100344291,-1.210059922055784,0.268357303324418,3.120000000000001,-0.09000000000000008
2019-08-13,10855.58,2926.32,8016.36,17.52,1.68,116.7267,-4.782649115890081,1.465413043215591,1.926409891575176,-0.024070429679134975,-3.5700000000000003,0.030000000000000027
2019-08-14,10105.34,2840.6,7773.94,22.1,1.59,117.0913,-7.1615236502083235,-2.9730363473091437,-3.070733914794488,0.31186674722292196,4.580000000000002,-0.08999999999999986
2019-08-15,10280.96,2847.6,7766.62,21.18,1.52,117.2239,1.722964388180337,0.24612367826906123,-0.094205106397105,0.1131808898056974,-0.9200000000000017,-0.07000000000000006
2019-08-16,10368.83,2888.68,7895.99,18.47,1.55,117.0786,0.8510549537213308,1.4323116131046199,1.6519972364543278,-0.12402771513420063,-2.710000000000001,0.030000000000000027
2019-08-19,10935.67,2923.65,8002.81,16.88,1.6,117.3886,5.322573298130884,1.203318530199482,1.3437694339650363,0.2644294644489342,-1.5899999999999999,0.050000000000000044
2019-08-20,10770.99,2900.51,7948.56,17.5,1.55,117.3726,-1.5173514450122383,-0.7946252081149296,-0.680194982162341,-0.013630872584347031,0.620000000000001,-0.050000000000000044
2019-08-21,10137.75,2924.43,8020.21,15.8,1.59,117.1764,-6.059032889938898,0.8213006299500059,0.8973825889894371,-0.1672998356525568,-1.6999999999999993,0.040000000000000036
2019-08-22,10088.89,2922.95,7991.39,16.68,1.62,117.3558,-0.48312616467303116,-0.050620962947700576,-0.3599893967344059,0.15298541947741384,0.879999999999999,0.030000000000000027
2019-08-23,10415.01,2847.11,7751.77,19.87,1.52,117.3009,3.181321646291835,-2.628893555806666,-3.044350772125526,-0.04679176090149895,3.1900000000000013,-0.10000000000000009
2019-08-26,10373.75,2878.38,7853.74,19.32,1.54,117.6658,-0.39694579355771253,1.0923191173948688,1.3068647071444062,0.31059745347015166,-0.5500000000000007,0.020000000000000018
2019-08-27,10170.16,2869.16,7826.95,20.31,1.49,117.75,-1.9820634447102137,-0.32083318806845895,-0.34169447984204737,0.07153300975586419,0.9899999999999984,-0.050000000000000044
2019-08-28,9710.38,2887.94,7856.88,19.35,1.47,117.8767,-4.626252603347503,0.6524141186801558,0.38166744133967256,0.10754300103616998,-0.9599999999999973,-0.020000000000000018
2019-08-29,9525,2924.58,7973.39,17.88,1.5,118.0625,-1.9275495437179657,1.26074354387411,1.4720166340389085,0.15749823548398822,-1.4700000000000024,0.030000000000000027
2019-08-30,9580.6,2926.46,7962.88,18.98,1.5,118.1575,0.5820299488965119,0.06426208211518514,-0.1319003948069053,0.08043349853670279,1.1000000000000014,0
2019-09-03,10628.46,2906.27,7874.16,19.66,1.47,118.3113,10.379508835607965,-0.6923029401107783,-1.120423110867108,0.13008060402643906,0.6799999999999997,-0.030000000000000027
2019-09-04,10585.67,2937.78,7976.88,17.33,1.47,117.6729,-0.4034109155593768,1.0783722026351583,1.2960845210763239,-0.541054492102333,-2.330000000000002,0
2019-09-05,10574.27,2976,8116.83,16.27,1.57,117.4776,-0.1077507885463902,1.292592289421357,1.7392326294805471,-0.166106425378576,-1.0599999999999987,0.10000000000000009
2019-09-06,10318.8,2978.71,8103.07,15,1.55,117.1292,-2.445621759403771,0.0910203918275343,-0.16966816442689492,-0.29700780720212094,-1.2699999999999996,-0.020000000000000018
2019-09-09,10310.01,2978.43,8087.44,15.27,1.63,117.0601,-0.08522062622109416,-0.009400484131827369,-0.19307612737975433,-0.05901209150485087,0.2699999999999996,0.07999999999999985
2019-09-10,10090.01,2979.39,8084.16,15.2,1.72,117.0887,-2.15694425151991,0.03222655294408128,-0.040564941564014134,0.024428910284601812,-0.07000000000000028,0.09000000000000008
2019-09-11,10169.49,3000.93,8169.68,14.61,1.75,117.3125,0.784623586511124,0.7203659050794897,1.0523148890580813,0.1909547118400745,-0.5899999999999999,0.030000000000000027
2019-09-12,10437.19,3009.57,8194.47,14.22,1.79,116.8375,2.5983327826685,0.2874970784835895,0.3029796104733862,-0.4057233838025809,-0.3899999999999988,0.040000000000000036
2019-09-13,10381.91,3007.39,8176.71,13.74,1.9,116.7677,-0.5310520619570269,-0.07246184436624503,-0.21696673015654255,-0.059758945500565375,-0.4800000000000004,0.10999999999999988
2019-09-16,10268.77,2997.96,8153.54,14.67,1.84,117.0251,-1.09576180592601,-0.3140535605966832,-0.2837680445541224,0.22019506503383468,0.9299999999999997,-0.05999999999999983
2019-09-17,10185.14,3005.7,8186.02,14.44,1.81,116.9826,-0.8177455169503745,0.2578428587945325,0.3975632487119185,-0.036323591460707405,-0.23000000000000043,-0.030000000000000027
2019-09-18,10155.26,3006.73,8177.39,13.95,1.8,116.9766,-0.29379974330154823,0.034262353493552666,-0.10547924668671271,-0.005129099433887063,-0.4900000000000002,-0.010000000000000009
2019-09-19,10304.94,3006.79,8182.88,14.05,1.79,117.0861,1.4631594053419406,0.001995503465579418,0.06711380932049593,0.09356467988137496,0.10000000000000142,-0.010000000000000009
2019-09-20,10168.44,2992.07,8117.67,15.32,1.74,117.1819,-1.333458594489123,-0.49076089603001805,-0.8000999705313205,0.08178667623415237,1.2699999999999996,-0.050000000000000044
2019-09-23,9683.89,2991.78,8112.46,14.91,1.72,117.2986,-4.882512589556498,-0.009692756343504527,-0.06420158284559108,0.09953920230945101,-0.41000000000000014,-0.020000000000000018
2019-09-24,8556.43,2966.6,7993.63,17.05,1.64,117.2227,-12.378063298190156,-0.8452012089671612,-1.4756176851069114,-0.06472759843134668,2.1400000000000006,-0.08000000000000007
2019-09-25,8446.57,2984.87,8077.38,15.96,1.73,117.6527,-1.292260528416378,0.6139678900037637,1.0422588020029266,0.3661519941276836,-1.0899999999999999,0.09000000000000008
2019-09-26,8063,2977.62,8030.66,16.07,1.7,117.7267,-4.647474609976321,-0.24318711052062625,-0.5800846162522078,0.0628772122267307,0.10999999999999943,-0.030000000000000027
2019-09-27,8193.98,2961.79,7939.63,17.22,1.69,117.7218,1.611404260846605,-0.5330508411847568,-1.1400041684900941,-0.004162269031837695,1.1499999999999986,-0.010000000000000009
2019-09-30,8305.14,2976.74,7999.33,16.24,1.68,117.9461,1.3474861926694004,0.5034926684707841,0.7491113495577295,0.19035266807883033,-0.9800000000000004,-0.010000000000000009
2019-10-01,8323.43,2940.25,7908.67,18.56,1.65,117.9595,0.2199829254809771,-1.233413022605756,-1.139816212334921,0.011360476406174769,2.3200000000000003,-0.030000000000000027
2019-10-02,8396,2887.61,7785.23,20.56,1.6,117.9671,0.8680972465532122,-1.8065441388606551,-1.573127720485168,0.00644268175147289,2,-0.04999999999999982
2019-10-03,8241.25,2910.63,7872.25,19.12,1.54,117.6608,-1.8603370513014639,0.7940382236732546,1.1115568531346653,-0.25998633653383507,-1.4399999999999977,-0.06000000000000005
2019-10-04,8159.71,2952.01,7982.46,17.04,1.52,117.5288,-0.9943402316576311,1.4116741669229604,1.3902717257010977,-0.11224987317470791,-2.080000000000002,-0.020000000000000018
2019-10-07,8224.82,2938.79,7956.28,17.86,1.56,117.5533,0.7947782784690105,-0.4488362257589529,-0.32850806957149814,0.020843781886181745,0.8200000000000003,0.040000000000000036
2019-10-08,8186.73,2893.06,7823.76,20.28,1.54,117.7407,-0.4641861176226669,-1.5683166513284164,-1.6796296521643939,0.15929011332609377,2.4200000000000017,-0.020000000000000018
2019-10-09,8600,2919.4,7903.73,18.64,1.59,117.6835,4.924765252220276,0.9063350218849742,1.016954252766844,-0.048593136241414925,-1.6400000000000006,0.050000000000000044
2019-10-10,8589.01,2938.13,7950.77,17.57,1.67,117.2801,-0.12787241961600415,0.6395208846051048,0.5933979378900389,-0.3433726724960451,-1.0700000000000003,0.07999999999999985
2019-10-11,8263.64,2970.27,8057.04,15.58,1.76,116.8239,-3.8618310634332076,1.0879533213144832,1.3277464087790847,-0.3897418048969925,-1.9900000000000002,0.09000000000000008
2019-10-15,8156.52,2995.68,8148.71,13.54,1.77,116.8111,-1.3047561005635089,0.8518393098168708,1.1313389106463845,-0.010957262407451651,-2.040000000000001,0.010000000000000009
2019-10-16,7993,2989.69,8124.18,13.68,1.75,116.6425,-2.025144877945273,-0.20015477739079302,-0.30148324704288854,-0.1444398624071752,0.14000000000000057,-0.020000000000000018
2019-10-17,8077,2997.95,8156.85,13.79,1.76,116.2615,1.0454357816277238,0.2759018658343493,0.4013264989914944,-0.327173719524243,0.10999999999999943,0.010000000000000009
2019-10-18,7954.16,2986.2,8089.54,14.25,1.76,116.1344,-1.5325454211904344,-0.3927045645713889,-0.828619590330959,-0.10938231928561137,0.46000000000000085,0
2019-10-21,8214.58,3006.72,8162.99,14,1.8,116.0436,3.2215561944953564,0.6848107497875233,0.9038654296247728,-0.07821585561860189,-0.25,0.040000000000000036
2019-10-22,8008.04,2995.99,8104.3,14.46,1.78,115.9851,-2.5464587187769894,-0.3575055742610189,-0.7215738411280981,-0.0504247976561345,0.46000000000000085,-0.020000000000000018
2019-10-23,7473.42,3004.52,8119.79,14.01,1.77,116.0586,-6.909331130819574,0.284309358564272,0.1909506752818757,0.06335013832146075,-0.45000000000000107,-0.010000000000000009
2019-10-24,7439.29,3010.29,8185.8,13.71,1.77,116.1278,-0.4577311513511262,0.19185981834688448,0.809665404455373,0.0596072828114913,-0.29999999999999893,0
2019-10-25,8704.85,3022.55,8243.12,12.65,1.8,116.0774,15.710492741179394,0.4064426332368143,0.6977967217004277,-0.043409881252820526,-1.0600000000000005,0.030000000000000027
2019-10-28,9221.96,3039.42,8325.99,13.11,1.85,116.0222,5.770725472566696,0.5565861774648795,1.0003034683380818,-0.047565787309178376,0.4599999999999991,0.050000000000000044
2019-10-29,9431.27,3036.89,8276.85,13.2,1.84,115.9797,2.244316782025635,-0.08327422880682889,-0.5919486484241787,-0.036637631394764725,0.08999999999999986,-0.010000000000000009
2019-10-30,9175.77,3046.77,8303.98,12.33,1.78,116.1636,-2.7464450016490005,0.3248047618049199,0.32724567119011283,0.15843665397108353,-0.8699999999999992,-0.06000000000000005
2019-10-31,9146.75,3037.56,8292.36,13.22,1.69,115.9125,-0.3167689189714551,-0.30274515138035696,-0.14003089715899364,-0.2163946205445022,0.8900000000000006,-0.09000000000000008
2019-11-01,9268,3066.91,8386.4,12.3,1.73,115.7312,1.3168981634885668,0.9615978507103051,1.1276737185024643,-0.1565335357875064,-0.9199999999999999,0.040000000000000036
2019-11-04,9414,3078.27,8433.2,12.83,1.79,115.8624,1.563033640882061,0.3697210802720008,0.5564950507475075,0.1133019341082786,0.5299999999999994,0.06000000000000005
2019-11-05,9314.99,3074.62,8434.68,13.1,1.86,116.1138,-1.0573012463281017,-0.1186434481407872,0.01754814480303679,0.2167464579737377,0.2699999999999996,0.07000000000000006
2019-11-06,9343.11,3076.78,8410.63,12.62,1.81,116.1004,0.30142427461239407,0.07022791848285692,-0.2855396112098063,-0.011541068560738665,-0.4800000000000004,-0.050000000000000044
2019-11-07,9196.71,3085.18,8434.52,12.73,1.92,116.1172,-1.579336185968927,0.2726406923544644,0.2836426629253097,0.014469187545884665,0.11000000000000121,0.10999999999999988
2019-11-08,8758.69,3093.08,8475.31,12.07,1.94,116.3436,-4.8799461015525125,0.25573557297846605,0.4824422139753537,0.19478559101822057,-0.6600000000000001,0.020000000000000018
2019-11-12,8823.65,3091.84,8486.09,12.68,1.92,116.5837,0.73892662267383,-0.04009752807210276,0.12711216587657503,0.20615881868577546,0.6099999999999994,-0.020000000000000018
2019-11-13,8765.61,3094.04,8482.1,13,1.88,116.8397,-0.6599505681704088,0.07112973716782989,-0.0470291772256104,0.21934399262324433,0.3200000000000003,-0.040000000000000036
2019-11-14,8630.01,3096.63,8479.02,13.05,1.82,116.8022,-1.5590447088396076,0.0836743083095115,-0.0363183567342773,-0.032100406923607494,0.05000000000000071,-0.05999999999999983
2019-11-15,8460,3120.46,8540.83,12.05,1.84,116.4401,-1.9896490225084662,0.7666003452600378,0.7263315685609228,-0.31049281447179666,-1,0.020000000000000018
2019-11-18,8160.73,3122.03,8549.94,12.46,1.81,116.3625,-3.601554785918104,0.050300442070394524,0.10660726067701631,-0.06666592458506315,0.41000000000000014,-0.030000000000000027
2019-11-19,8123.36,3120.18,8570.66,12.86,1.79,116.5391,-0.4589764070672686,-0.05927388069810746,0.24204770996387737,0.15165205721725528,0.3999999999999986,-0.020000000000000018
2019-11-20,8082.96,3108.46,8526.73,12.78,1.73,116.828,-0.49857196064930775,-0.37632657632205024,-0.5138807346948937,0.24759286770503763,-0.08000000000000007,-0.06000000000000005
2019-11-21,7618.76,3103.54,8506.21,13.13,1.77,116.7435,-5.914451528393094,-0.15840312391350864,-0.24094501509814847,-0.07235472109092811,0.3500000000000014,0.040000000000000036
2019-11-22,7296.45,3110.29,8519.88,12.34,1.77,116.9137,-4.322569829623291,0.21725739696911717,0.160577125310013,0.1456835313461191,-0.7900000000000009,0
2019-11-25,7125,3133.64,8632.49,11.87,1.76,117.0098,-2.3778202346907307,0.747929872680686,1.3130735633371415,0.0821636179403562,-0.47000000000000064,-0.010000000000000009
2019-11-26,7155,3140.52,8647.93,11.54,1.74,117.0513,0.4201686853699371,0.2193123145604048,0.1786994078704751,0.03546082662593264,-0.33000000000000007,-0.020000000000000018
2019-11-27,7539.4,3153.63,8705.18,11.75,1.77,117.1273,5.233119024832789,0.4165779003972858,0.6598264830694589,0.06490772655425303,0.21000000000000085,0.030000000000000027
2019-11-29,7751.29,3140.98,8665.47,12.62,1.78,117.1204,2.771667786988452,-0.40193171713447384,-0.45720878809660803,-0.005891199787289025,0.8699999999999992,0.010000000000000009
2019-12-02,7315.09,3113.87,8567.99,14.91,1.83,116.9647,-5.7919943244238326,-0.8668527546204174,-1.1312996885552096,-0.13302856351069536,2.290000000000001,0.050000000000000044
2019-12-03,7296,3093.2,8520.64,15.96,1.72,116.8898,-0.2613085110358071,-0.6660171838372975,-0.5541710620299511,-0.06405692647453165,1.0500000000000007,-0.1100000000000001
2019-12-04,7185.57,3112.76,8566.67,14.8,1.77,116.692,-1.5251404446109618,0.630363868584638,0.5387636947100205,-0.16936255074684325,-1.1600000000000001,0.050000000000000044
2019-12-05,7388.75,3117.43,8570.7,14.52,1.8,116.3838,2.7883724830521928,0.14991519920375396,0.04703172160347435,-0.26446347465647335,-0.28000000000000114,0.030000000000000027
2019-12-06,7560.76,3145.91,8656.53,13.62,1.84,116.5381,2.3013141082817157,0.9094252040368289,0.9964539880787271,0.1324907813059717,-0.9000000000000004,0.040000000000000036
2019-12-09,7332.69,3135.96,8621.83,15.86,1.83,116.3283,-3.0629280670043,-0.31678491662230357,-0.4016590307324819,-0.18018920442379738,2.24,-0.010000000000000009
2019-12-10,7215.69,3132.52,8616.18,15.68,1.85,116.2542,-1.6084611820396333,-0.10975548602925045,-0.06555281267761615,-0.06371932755655507,-0.17999999999999972,0.020000000000000018
2019-12-11,7275.17,3141.63,8654.05,14.99,1.79,116.1478,0.8209358733310523,0.2903981065843553,0.43855884602965745,-0.0915654834589219,-0.6899999999999995,-0.06000000000000005
2019-12-12,7194.19,3168.57,8717.32,13.94,1.9,115.8741,-1.1193424659490248,0.8538608499854661,0.7284431771834576,-0.2359261146932745,-1.0500000000000007,0.10999999999999988
2019-12-13,7249.25,3168.8,8734.88,12.63,1.82,115.6967,0.7624259416939339,0.007258531539200419,0.20123544224635026,-0.15321451124528096,-1.3099999999999987,-0.07999999999999985
2019-12-16,6877.04,3191.45,8814.23,12.14,1.89,115.555,-5.270968842904722,0.7122391651236626,0.9043255273070372,-0.12255046577775985,-0.4900000000000002,0.06999999999999984
2019-12-17,6618.62,3192.52,8823.36,12.29,1.89,115.5553,-3.8301437806758543,0.033521461097762995,0.10352889272837729,2.59616295839038e-4,0.14999999999999858,0
2019-12-18,7309.12,3191.14,8827.73,12.58,1.92,115.6618,9.923599447435727,-0.04323538601678223,0.04951535672059748,0.09212122073289919,0.2900000000000009,0.030000000000000027
2019-12-19,7153.99,3205.37,8887.22,12.5,1.92,115.5988,-2.1452640461683714,0.44493085995842563,0.6716386287500598,-0.05448399040606233,-0.08000000000000007,0
2019-12-20,7189.87,3221.22,8924.96,12.51,1.92,115.7598,0.5002847885457129,0.4932641459037157,0.4237556152517641,0.13917790476662972,0.009999999999999787,0
2019-12-23,7318.18,3224.01,8945.65,12.61,1.93,115.8059,1.7688572277005932,0.08657565903060771,0.23155347516929936,0.03981591454094158,0.09999999999999964,0.010000000000000009
2019-12-24,7259.87,3223.38,8952.88,12.67,1.9,NA,-0.799974083861521,-0.01954279179656737,0.08078876190662498,NA,0.0600000000000005,-0.030000000000000027
2019-12-26,7195,3239.91,9022.39,12.65,1.9,115.634,-0.8975582000964266,0.511505318207206,0.7733997483921229,NA,-0.019999999999999574,0
2019-12-27,7247.35,3240.02,9006.62,13.43,1.88,115.22,0.7249544468162838,0.0033950984041908328,-0.174940321425332,-0.35866863369831137,0.7799999999999994,-0.020000000000000018
2019-12-30,7191,3221.29,8945.99,14.82,1.9,114.9631,-0.7805640687136517,-0.5797602177576522,-0.6754475311357311,-0.22321369958575588,1.3900000000000006,0.020000000000000018
2019-12-31,7158.01,3230.78,8972.6,13.78,1.92,114.669,-0.459823473921972,0.29416937024926426,0.2970101951291326,-0.25614899729164975,-1.040000000000001,0.020000000000000018
2020-01-02,6945.01,3257.85,9092.19,12.47,1.88,114.9745,-3.020859329105896,0.8343874454693534,1.324031412094584,0.26606473095966976,-1.3099999999999987,-0.040000000000000036
2020-01-03,7335.54,3234.85,9020.77,14.02,1.8,114.9867,5.470761242697542,-0.7084909578082943,-0.7886106979514196,0.01061048560488942,1.549999999999999,-0.07999999999999985
2020-01-06,7773.48,3246.28,9071.46,13.85,1.81,114.9557,5.798691204365802,0.3527166358322731,0.5603525119525443,-0.026963274444202767,-0.16999999999999993,0.010000000000000009
2020-01-07,8169.95,3237.18,9068.58,13.79,1.83,115.1477,4.974484834143134,-0.28071449428903605,-0.03175296222277524,0.16688153635202596,-0.0600000000000005,0.020000000000000018
2020-01-08,8035.08,3253.05,9129.24,13.45,1.87,115.1328,-1.664583332166103,0.48904373587372874,0.6666757300886061,-0.012940739681166491,-0.33999999999999986,0.040000000000000036
2020-01-09,7813.78,3274.7,9203.43,12.54,1.85,115.2331,-2.792811393826966,0.6633244037574926,0.8093791576657239,0.08707886569832013,-0.9100000000000001,-0.020000000000000018
2020-01-10,8183.89,3265.35,9178.86,12.56,1.83,115.0677,4.6278746056568565,-0.28593073050462436,-0.26732267450597647,-0.14363825782428563,0.02000000000000135,-0.020000000000000018
2020-01-13,8109.62,3288.13,9273.93,12.32,1.85,115.0342,-0.9116576402886878,0.6952059592316928,1.030422404265785,-0.029117534654599098,-0.2400000000000002,0.020000000000000018
2020-01-14,8757.18,3283.15,9251.33,12.39,1.82,115.0239,7.682292401752555,-0.15156867317731582,-0.24399129849541623,-0.008954259821258859,0.07000000000000028,-0.030000000000000027
2020-01-15,8831.86,3289.29,9258.7,12.42,1.79,114.9528,0.8491702646407973,0.1868408623343143,0.07963250615450335,-0.06183235281245203,0.02999999999999936,-0.030000000000000027
2020-01-16,8727.22,3316.81,9357.13,12.32,1.81,115.0006,-1.1918760975280662,0.8331741632201073,1.0574969505382725,0.04157364117114426,-0.09999999999999964,0.020000000000000018
2020-01-17,8875.81,3329.62,9388.94,12.1,1.84,115.0656,1.6882721817930602,0.3854705717721174,0.33937812599269535,0.056505476884005645,-0.22000000000000064,0.030000000000000027
2020-01-21,8730,3320.79,9370.81,12.85,1.78,115.1876,-1.656422895096732,-0.2655476937141188,-0.19328621804035606,0.1059703069637763,0.75,-0.06000000000000005
2020-01-22,8665,3321.75,9383.77,12.91,1.77,115.2273,-0.7473446683940566,0.028904605969515274,0.13820626282115,0.034459577390855145,0.0600000000000005,-0.010000000000000009
2020-01-23,8386.63,3325.54,9402.48,12.98,1.74,115.5545,-3.265315203207564,0.11403144471451299,0.19918830193521586,0.2835580788763892,0.07000000000000028,-0.030000000000000027
2020-01-24,8424.96,3295.47,9314.91,14.56,1.7,115.5556,0.4559957317178842,-0.9083268789936483,-0.9357142095106852,9.519272415658975e-4,1.58,-0.040000000000000036
2020-01-27,8903.24,3243.63,9139.31,18.23,1.61,115.8004,5.521652698095814,-1.585572511838329,-1.9031451896115215,0.21162199498530043,3.67,-0.08999999999999986
2020-01-28,9417.64,3276.24,9269.68,16.28,1.65,115.7239,5.616927098099822,1.0003350352588924,1.4163968750073863,-0.06608377849239844,-1.9499999999999993,0.039999999999999813
2020-01-29,9270,3273.4,9275.16,16.39,1.6,115.7003,-1.5801146836865954,-0.08672232910491573,0.05909999934754495,-0.020395447046439585,0.10999999999999943,-0.04999999999999982
2020-01-30,9493.61,3283.66,9298.93,15.49,1.57,115.8077,2.3835561131672733,0.3129453862989351,0.2559480758016264,0.09278297743904318,-0.9000000000000004,-0.030000000000000027
2020-01-31,9343.28,3225.52,9150.94,18.84,1.51,115.7345,-1.5961572386958167,-1.786447639264388,-1.6042733525305053,-0.06322821709270343,3.3499999999999996,-0.06000000000000005
2020-02-03,9282.29,3248.92,9273.4,17.97,1.54,116.1172,-0.6549084725017806,0.7228455862911431,1.3293480622682097,0.330125116670299,-0.870000000000001,0.030000000000000027
2020-02-04,9158.57,3297.59,9467.97,16.05,1.61,115.9291,-1.3418230635526385,1.4869265218065308,2.0764436204954606,-0.16212285324082032,-1.9199999999999982,0.07000000000000006
2020-02-05,9623.44,3334.69,9508.68,15.15,1.66,116.009,4.951173615378934,1.118782288293474,0.4290542582772616,0.06889769568747539,-0.9000000000000004,0.04999999999999982
2020-02-06,9765.96,3345.78,9572.15,14.96,1.65,116.1518,1.470108067263709,0.3320128729662031,0.6652774967886188,0.12301819946243242,-0.1899999999999995,-0.010000000000000009
2020-02-07,9804.98,3327.71,9520.51,15.47,1.59,116.5086,0.3987550082243274,-0.5415470514540388,-0.5409421832620609,0.30671337254704056,0.5099999999999998,-0.05999999999999983
2020-02-10,9854.5,3352.09,9628.39,15.04,1.56,116.5711,0.5037783779808791,0.7299652162371828,1.1267607158503168,0.053629725366821646,-0.4300000000000015,-0.030000000000000027
2020-02-11,10279.99,3357.75,9638.94,15.18,1.59,116.3585,4.227108361348719,0.16870749056518974,0.1095118114900373,-0.18254447613035296,0.14000000000000057,0.030000000000000027
2020-02-12,10344.01,3379.45,9725.96,13.74,1.62,116.2794,0.6208320949195212,0.6441867553744984,0.898745521514499,-0.06800267974247376,-1.4399999999999995,0.030000000000000027
2020-02-13,10239.57,3373.94,9711.97,14.15,1.61,116.3999,-1.014798167092934,-0.1631773441966189,-0.14394539352338143,0.10357604717974311,0.41000000000000014,-0.010000000000000009
2020-02-14,10380,3380.16,9731.18,13.68,1.59,116.4223,1.362125119557689,0.1841844733833753,0.19760179035497316,0.019242151366238858,-0.47000000000000064,-0.020000000000000018
2020-02-18,10191.51,3370.29,9732.74,14.83,1.55,116.6039,-1.8325856986743716,-0.2924251578310333,0.01602965901348341,0.1558623337319709,1.1500000000000004,-0.040000000000000036
2020-02-19,9591.54,3386.15,9817.18,14.38,1.56,116.7829,-6.0673560806266735,0.46947887144419553,0.8638452238733052,0.15339345249882896,-0.4499999999999993,0.010000000000000009
2020-02-20,9610.05,3373.23,9750.96,15.56,1.52,117.2454,0.1927965937564835,-0.382284047783088,-0.6768170381482363,0.39525185809861085,1.1799999999999997,-0.040000000000000036
2020-02-21,9697.01,3337.75,9576.59,17.08,1.46,117.0473,0.9008164686358455,-1.057381502289445,-1.8044162979245826,-0.16910475418816517,1.5199999999999978,-0.06000000000000005
2020-02-24,9668.08,3225.89,9221.28,25.03,1.38,117.4018,-0.29878530409259696,-3.40880461205213,-3.7807722155847046,0.30241128685597474,7.950000000000003,-0.08000000000000007
2020-02-25,9301.01,3128.21,8965.61,27.85,1.33,117.2425,-3.8706741114769017,-3.0747925188098435,-2.81177094367262,-0.1357800078451099,2.8200000000000003,-0.04999999999999982
2020-02-26,8776.01,3116.39,8980.77,27.56,1.33,117.405,-5.8101133969394425,-0.3785675340731487,0.16894776111922027,0.1385056529288775,-0.2900000000000027,0
2020-02-27,8816.71,2978.76,8566.48,39.16,1.3,117.3678,0.46269221143919737,-4.516817410065332,-4.722871162817732,-0.0316902131007879,11.599999999999998,-0.030000000000000027
2020-02-28,8713.16,2954.22,8567.37,40.11,1.13,117.6568,-1.1814258112325504,-0.8272449914275448,0.010388791787008245,0.24593182642318467,0.9500000000000028,-0.17000000000000015
2020-03-02,8923.52,3090.23,8952.16,33.42,1.1,116.8144,2.3855961138831816,4.5010865172777415,4.393404292062186,-0.7185561592076617,-6.689999999999998,-0.029999999999999805
2020-03-03,8769.67,3003.37,8684.09,36.82,1.02,116.4958,-1.7391310186555486,-2.851053026190442,-3.0402228100935957,-0.2731129612320693,3.3999999999999986,-0.08000000000000007
2020-03-04,8765,3130.12,9018.09,31.99,1.02,116.7802,-0.05326590247118901,4.133635094064125,3.773994413906223,0.2438314622211557,-4.830000000000002,0
2020-03-05,9053.56,3023.94,8738.6,39.62,0.92,116.7901,3.2391532154623093,-3.451072562469726,-3.148256621860668,0.008477105184923062,7.629999999999999,-0.09999999999999998
2020-03-06,9162.98,2972.37,8575.62,41.94,0.74,116.7106,1.2013402761615666,-1.720100245461964,-1.8826700125154971,-0.06809401691034722,2.3200000000000003,-0.18000000000000005
2020-03-09,7945.03,2746.56,7950.68,54.46,0.54,117.1871,-14.262487734816176,-7.901039484826633,-7.5665834045688385,0.4074436466876108,12.520000000000003,-0.19999999999999996
2020-03-10,7887.01,2882.23,8344.25,47.3,0.76,117.9027,-0.7329473617005533,4.821508053580015,4.831521929915716,0.60879052188935745,-7.160000000000004,0.21999999999999997
2020-03-11,7957.02,2741.38,7952.05,53.9,0.82,118.2505,0.8837455578087017,-5.010285683741067,-4.814292183785618,0.29455476484478993,6.600000000000001,0.05999999999999994
2020-03-12,4980,2480.64,7201.8,75.47,0.88,120.4883,-46.862466686579474,-9.994485184600777,-9.909876228364567,1.8747397088045403,21.57,0.06000000000000005
2020-03-13,5592.77,2711.02,7874.88,57.83,0.94,120.4388,11.60448011252111,8.880835644074647,8.934695172314022,-0.041091268434723105,-17.64,0.05999999999999994
2020-03-16,5074.2,2386.13,6904.59,82.69,0.73,120.9352,-9.730581512767777,-12.765214115647261,-13.149153866485364,0.4113124858788453,24.86,-0.20999999999999996
2020-03-17,5361.77,2529.19,7334.78,75.91,1.02,122.4816,5.512526741730817,5.82262866907417,6.044101012626868,1.270594966598626,-6.780000000000001,0.29000000000000004
2020-03-18,5426.71,2398.1,6989.84,76.45,1.18,124.1623,1.2038912680985447,-5.32223362214248,-4.81697518206623,1.3628766126482894,0.5400000000000063,0.15999999999999992
2020-03-19,6219.99,2409.39,7150.58,72,1.12,125.0587,13.643524190036693,0.4696846277420619,2.273580615596593,0.7193646326859593,-4.450000000000003,-0.05999999999999983
2020-03-20,6215.4,2304.92,6879.52,66.04,0.92,124.9362,-0.07382157227802111,-4.432763474315848,-3.864459022754474,-0.0980020070845633,-5.959999999999994,-0.20000000000000007
2020-03-23,6583.38,2237.4,6860.67,61.59,0.76,126.1262,5.75182079515173,-2.9731491257259712,-0.27437774624257116,0.9479785995292644,-4.450000000000003,-0.16000000000000003
2020-03-24,6742.21,2447.33,7417.86,61.67,0.84,125.5001,2.3839473092579055,8.968315694821616,7.808550127060343,-0.49764376149052936,0.0799999999999983,0.07999999999999996
2020-03-25,6752.83,2475.56,7384.3,63.95,0.88,124.7916,0.15739119250213207,1.1468998674479813,-0.4534481116769129,-0.5661409406514828,2.280000000000001,0.040000000000000036
2020-03-26,6772.2,2630.07,7797.54,61,0.83,122.4308,0.2864320928406272,6.054382875166731,5.445217457503482,-1.9099173567123096,-2.950000000000003,-0.050000000000000044
2020-03-27,6320.46,2541.47,7502.38,65.54,0.72,122.4007,-6.9034006887291,-3.4267808022629076,-3.858799579994887,-0.024588339451092622,4.540000000000006,-0.10999999999999999
2020-03-30,6401.26,2626.65,7774.15,57.08,0.7,123.2883,1.2702855668079494,3.2966616221455247,3.558382379404179,0.7225426140839097,-8.460000000000008,-0.020000000000000018
2020-03-31,6434.73,2584.59,7700.1,53.54,0.7,122.5301,0.5215036137581563,-1.6142381973062392,-0.9570811541772528,-0.6168801069275531,-3.539999999999999,0
2020-04-01,6719.39,2470.5,7360.58,57.06,0.62,123.7933,4.3287494479473665,-4.514632872715207,-4.509458180458381,1.0256525150637685,3.520000000000003,-0.07999999999999996
2020-04-02,6789.84,2526.9,7487.31,50.91,0.63,123.5916,1.0430000622823954,2.257269570362297,1.7070853509846273,-0.16306576892448632,-6.150000000000006,0.010000000000000009
2020-04-03,6727.99,2488.65,7373.08,46.8,0.62,124.4152,-0.9150940884426362,-1.525286023195438,-1.5374058144800529,0.6641777787016245,-4.109999999999999,-0.010000000000000009
2020-04-06,7320.07,2663.68,7913.24,45.24,0.67,124.16,8.434345442528723,6.7968230567686305,7.070177665533706,-0.20533029011851056,-1.5599999999999952,0.050000000000000044
2020-04-07,7204.58,2659.41,7887.26,46.7,0.75,123.0956,-1.5902955868821067,-0.1604331662951708,-0.3288506491934129,-0.8609767181439132,1.4600000000000009,0.07999999999999996
2020-04-08,7343.65,2749.98,8090.9,43.35,0.77,123.2216,1.911905933023661,3.348934524468916,2.5491173825471947,0.10230711536998172,-3.3500000000000014,0.020000000000000018
2020-04-09,7294.69,2789.82,8153.58,41.67,0.73,122.476,-0.6689308018119178,1.438343869822667,0.7717121270719218,-0.6069267984245563,-1.6799999999999997,-0.040000000000000036
2020-04-13,6871,2761.63,8192.42,41.17,0.76,122.5203,-5.98370301633846,-1.0155992507349332,0.47522419058143583,0.036163811847700345,-0.5,0.030000000000000027
2020-04-14,6865.72,2846.06,8515.74,37.76,0.76,122.1121,-0.07687425033076067,3.011449655045695,3.8706879285376417,-0.3337255235634551,-3.4100000000000037,0
2020-04-15,6576.76,2783.36,8393.18,40.84,0.63,123.0752,-4.29986906934996,-2.2276750679012913,-1.4496744485358093,0.7856075362568937,3.0800000000000054,-0.13
2020-04-16,7123.29,2799.55,8532.36,40.11,0.61,123.4615,7.982747449797323,0.5799858992437734,1.64465224976027,0.31338159077156647,-0.730000000000004,-0.020000000000000018
2020-04-17,7055.22,2874.56,8650.14,38.15,0.65,122.871,-0.9601928973763663,2.644092907918516,1.3709511972123778,-0.47943420465292874,-1.9600000000000009,0.040000000000000036
2020-04-20,6832.57,2823.16,8560.73,43.83,0.63,123.1033,-3.2066884456888545,-1.8042794099790704,-1.039003889259149,0.1888815775171082,5.68,-0.020000000000000018
2020-04-21,6845,2736.56,8263.23,45.41,0.58,123.9116,0.18175748209596776,-3.1155167779795434,-3.5369914632873645,0.6544567838195015,1.5799999999999983,-0.050000000000000044
2020-04-22,7143.99,2799.31,8495.38,41.98,0.63,123.9256,4.27529850567705,2.2671301062101357,2.7706934060404365,0.011297739011695285,-3.4299999999999997,0.050000000000000044
2020-04-23,7479.06,2797.8,8494.75,41.38,0.61,123.7542,4.583567184306503,-0.05395641810270746,-0.007416070392451957,-0.13840452661941782,-0.5999999999999943,-0.020000000000000018
2020-04-24,7514.64,2836.74,8634.52,35.93,0.6,124.1615,0.47460022256302636,1.3822111461720077,1.6319796714284962,0.32857972806885627,-5.450000000000003,-0.010000000000000009
2020-04-27,7773,2878.48,8730.16,33.29,0.67,123.8843,3.3803072382204036,1.4606871524448728,1.1015574960309138,-0.22350720342547703,-2.6400000000000006,0.07000000000000006
2020-04-28,7774.39,2863.39,8607.73,33.57,0.62,123.3693,0.01788081476963299,-0.5256139460119158,-1.4123060533021814,-0.4165769434782085,0.28000000000000114,-0.050000000000000044
2020-04-29,8789.1,2939.51,8914.71,31.23,0.63,122.7782,12.267731898069023,2.6236663207249045,3.5042084584755884,-0.4802820554714593,-2.34,0.010000000000000009
2020-04-30,8652.3,2912.43,8889.55,34.15,0.64,122.327,-1.5687135822988196,-0.925511652526545,-0.28262917692742917,-0.3681688594624255,2.919999999999998,0.010000000000000009
2020-05-01,8813.9,2830.71,8604.95,37.19,0.64,123.1492,1.8504839215387037,-2.846022068682874,-3.2538810500604143,0.6698841473408379,3.039999999999999,0
2020-05-04,8900.29,2842.74,8710.71,35.97,0.64,123.2117,0.9753839708034562,0.42408122145936034,1.2215683970254076,0.05073857202244625,-1.2199999999999989,0
2020-05-05,9037.69,2868.44,8809.12,33.61,0.66,122.803,1.5319750300129442,0.8999952189538085,1.1234245424850187,-0.3322568740694365,-2.3599999999999994,0.020000000000000018
2020-05-06,9132.24,2848.42,8854.39,34.12,0.72,123.609,1.0407398754107788,-0.7003873398600646,0.5125832761351035,0.6541912524586913,0.509999999999998,0.05999999999999994
2020-05-07,10007.56,2881.19,8979.66,31.44,0.63,123.1249,9.152979783885229,1.1438948664054038,1.404863845413118,-0.3924070597467022,-2.679999999999996,-0.08999999999999997
2020-05-08,9790.23,2929.8,9121.32,27.98,0.69,122.5379,-2.1955857742964824,1.6730758062550422,1.565251077301788,-0.4778917419820061,-3.460000000000001,0.05999999999999994
2020-05-11,8557.37,2930.32,9192.34,27.57,0.73,123.2333,-13.459204967282723,0.017747076898189107,0.7755998093225358,0.5658936895492239,-0.41000000000000014,0.040000000000000036
2020-05-12,8809.14,2870.12,9002.55,33.04,0.69,123.0592,2.8996918884040213,-2.0757791338385623,-2.0862658009960455,-0.14137663875137818,5.469999999999999,-0.040000000000000036
2020-05-13,9335.84,2820,8863.17,35.28,0.64,123.5408,5.807093803857555,-1.761695579410727,-1.560338210166634,0.39059254848679004,2.240000000000002,-0.04999999999999993
2020-05-14,9815.22,2852.5,8943.72,32.61,0.63,123.6429,5.007348527182565,1.1458917804072044,0.9047121582726803,0.08261062991330448,-2.6700000000000017,-0.010000000000000009
2020-05-15,9331.18,2863.7,9014.56,31.89,0.64,123.5991,-5.057276154589552,0.39186922544356406,0.7889437901866359,-0.035430873765918136,-0.7199999999999989,0.010000000000000009
2020-05-18,9733.21,2953.91,9234.83,29.3,0.73,122.7968,4.218226869022423,3.1015221473356114,2.4141157331037277,-0.6512306702093795,-2.59,0.08999999999999997
2020-05-19,9783.91,2922.94,9185.1,30.53,0.7,122.5655,0.5195450357851072,-1.0539757419425477,-0.5399599328109517,-0.1885375777090914,1.2300000000000004,-0.030000000000000027
2020-05-20,9497.76,2971.61,9375.78,27.99,0.68,122.1007,-2.9683218320718296,1.6513934417861975,2.054716247144839,-0.37994668585383806,-2.5400000000000027,-0.019999999999999907
2020-05-21,9039.12,2948.51,9284.88,29.53,0.68,122.0914,-4.9494156797106115,-0.7803935472623813,-0.9742497745476086,-0.007616954032929613,1.5400000000000027,0
2020-05-22,9173.23,2955.45,9324.59,28.16,0.66,122.3211,1.4727635265707306,0.2350965520251158,0.42677260847767684,0.18796098204978406,-1.370000000000001,-0.020000000000000018
2020-05-26,8836.77,2991.77,9340.22,28.01,0.69,121.3864,-3.7368034533759698,1.2214261971749352,0.16748098323535743,-0.767070839529449,-0.14999999999999858,0.029999999999999916
2020-05-27,9200,3036.13,9412.36,27.62,0.68,121.5677,4.028205879005142,1.4718492616298207,0.7693912610212905,0.14924632566648555,-0.39000000000000057,-0.009999999999999898
2020-05-28,9593.72,3029.73,9368.99,28.59,0.7,121.0138,4.190523369175558,-0.21101714760458634,-0.4618419558703124,-0.45667205671398037,0.9699999999999989,0.019999999999999907
2020-05-29,9426.87,3044.31,9489.87,27.51,0.65,120.9458,-1.7544595604974234,0.4800767858805344,1.2819614279161229,-0.05620773202652529,-1.0799999999999983,-0.04999999999999993
2020-06-01,10212.38,3055.73,9552.05,28.23,0.66,120.2686,8.00365876693121,0.37442421170172935,0.6530877244536271,-0.5614936580914609,0.7199999999999989,0.010000000000000009
2020-06-02,9509.35,3080.82,9608.37,26.84,0.68,119.6854,-7.13251846959011,0.8177278702023116,0.5878802469153399,-0.48609412500466576,-1.3900000000000006,0.020000000000000018
2020-06-03,9672.67,3122.87,9682.91,25.66,0.77,119.2556,1.7028857923824248,1.3556655475682078,0.772788233454591,-0.359754469555984,-1.1799999999999997,0.08999999999999997
2020-06-04,9799.57,3112.35,9615.81,25.81,0.82,119.3014,1.3034124123846524,-0.3374382935046327,-0.6953857083903614,0.0383975322985286,0.14999999999999858,0.04999999999999993
2020-06-05,9568.95,3193.93,9814.08,24.52,0.91,118.8138,-2.3815025585779637,2.5874065601552587,2.040947039241736,-0.4095502358088865,-1.2899999999999991,0.09000000000000008
2020-06-08,9833.94,3232.39,9924.74,25.81,0.88,118.6621,2.731618611278641,1.1969668235860098,1.1212540501947643,-0.12776035011103914,1.2899999999999991,-0.030000000000000027
2020-06-09,9778.6,3207.18,9953.75,27.57,0.84,118.5893,-0.5643343174229543,-0.78297553381982965,0.29187348329493545,-0.061369502801511544,1.7600000000000016,-0.040000000000000036
2020-06-10,9899.18,3190.14,10020.35,27.57,0.75,118.5231,1.2255600911629472,-0.5327243376571644,0.6668660596877984,-0.05583849829875476,0,-0.08999999999999997
2020-06-11,9258.7,3002.1,9492.73,40.79,0.66,119.2347,-6.688827539350051,-6.075275919869227,-5.409178270111781,0.5985941363912062,13.219999999999999,-0.08999999999999997
2020-06-12,9466.77,3041.31,9588.81,36.09,0.71,119.6645,2.222412189867029,1.2976299868565633,1.0070551119325089,0.35981741564068415,-4.699999999999996,0.04999999999999993
2020-06-15,9437.23,3066.59,9726.02,34.4,0.71,119.9539,-0.3125267038068813,0.827785142343096,1.4207974718697614,0.24155084977870445,-1.6900000000000048,0
2020-06-16,9534.8,3124.74,9895.87,33.67,0.75,119.567,1.0285758584071658,1.8784884652673028,1.7312730059742876,-0.3230618593224044,-0.7299999999999969,0.040000000000000036
2020-06-17,9460.53,3113.49,9910.53,33.47,0.74,119.9105,-0.7819856614034393,-0.3606796221337305,0.14803298607652948,0.2868747465423205,-0.20000000000000284,-0.010000000000000009
2020-06-18,9368.15,3115.34,9943.05,32.94,0.71,120.2173,-0.9812768741584321,0.05940120550409489,0.32759864048639287,0.25553073566664253,-0.5300000000000011,-0.030000000000000027
2020-06-19,9285.54,3097.74,9946.12,35.12,0.7,120.2186,-0.8857286689408994,-0.5665482200965855,0.0308710722910277,0.0010813692963296262,2.1799999999999997,-0.010000000000000009
2020-06-22,9700.91,3117.86,10056.47,31.77,0.71,119.7532,4.376134410861887,0.6474055690439684,1.1033683089875623,-0.38787939540956273,-3.349999999999998,0.010000000000000009
2020-06-23,9623.74,3131.29,10131.37,31.37,0.72,119.3285,-0.7986733028433335,0.42981911703137143,0.7420342510650713,-0.3552764153160304,-0.3999999999999986,0.010000000000000009
2020-06-24,9284.1,3050.33,9909.17,33.84,0.69,119.9744,-3.592970294011266,-2.619527873275551,-2.217595992181387,0.5398192570886806,2.4700000000000024,-0.030000000000000027
2020-06-25,9232.84,3083.76,10017,32.22,0.68,120.2997,-0.5536566078600202,1.089985017340922,1.0823058579331857,0.270774252201722,-1.6200000000000045,-0.009999999999999898
2020-06-26,9157.22,3009.05,9757.22,34.73,0.64,120.533,-0.8224054322083063,-2.4525217335130023,-2.627612584369743,0.19374451474245546,2.509999999999998,-0.040000000000000036
2020-06-29,9191.05,3053.24,9874.15,31.78,0.64,120.6658,0.3687545292825334,1.457890753907165,1.191270734714145,0.11011664520639286,-2.9499999999999957,0
2020-06-30,9129.47,3100.29,10058.77,30.43,0.66,120.4649,-0.6722541927087988,1.529233363767979,1.8524659661785847,-0.16663166198673807,-1.3500000000000014,0.020000000000000018
2020-07-01,9239.09,3115.86,10154.63,28.62,0.69,120.0808,1.1935753416619121,0.5009542099664088,0.9484868320139839,-0.3193574663361787,-1.8099999999999987,0.029999999999999916
2020-07-02,9088.54,3130.01,10207.63,27.68,0.68,119.8555,-1.6429116727515236,0.4531001832653203,0.520572074902681,-0.18779990040451722,-0.9400000000000013,-0.009999999999999898
2020-07-06,9331.69,3179.72,10433.65,27.94,0.69,119.2852,2.6401855348488823,1.5756943165827764,2.1900679991077254,-0.4769586115149771,0.26000000000000156,0.009999999999999898
2020-07-07,9263.56,3145.32,10343.89,29.43,0.65,119.5717,-0.7327710555657063,-1.0877508816987458,-0.8640152626156805,0.23989270345303737,1.4899999999999984,-0.039999999999999925
2020-07-08,9436.01,3169.94,10492.5,28.08,0.67,119.5525,1.844479729548354,0.779702648129188,1.4264708996664766,-0.016058600544166524,-1.3500000000000014,0.020000000000000018
2020-07-09,9230.48,3152.05,10547.75,29.26,0.62,119.5129,-2.202216981967986,-0.5659625451288619,0.5251850808974723,-0.03312901018901471,1.1800000000000033,-0.050000000000000044
2020-07-10,9298.16,3185.04,10617.44,27.29,0.65,119.3509,0.730547962578143,1.0411813000986925,0.6585365106939634,-0.13564217335435558,-1.9700000000000024,0.030000000000000027
2020-07-13,9230.14,3155.22,10390.84,32.19,0.64,119.1891,-0.7342314791667803,-0.9406623666484037,-2.157328333009012,-0.13565861055901962,4.899999999999999,-0.010000000000000009
2020-07-14,9258.34,3197.52,10488.58,29.52,0.63,119.3901,0.30505505989424364,1.3317285189446082,0.9362397417625345,0.168497545096713,-2.669999999999998,-0.010000000000000009
2020-07-15,9194.51,3226.56,10550.49,27.76,0.64,119.0331,-0.6918200124431451,0.9041044884783744,0.5885258112087399,-0.29946772528903765,-1.759999999999998,0.010000000000000009
2020-07-16,9130.91,3215.57,10473.83,28,0.62,118.9275,-0.6941205751964219,-0.3411918313160456,-0.7292539281982258,-0.08875419454490441,0.23999999999999844,-0.020000000000000018
2020-07-17,9147.65,3224.73,10503.19,25.68,0.64,119.124,0.1831654646773373,0.2844589903158834,0.2799255487355268,0.1650903645890267,-2.3200000000000003,0.020000000000000018
2020-07-20,9161.13,3251.84,10767.09,24.46,0.62,119.0483,0.1472517823222219,0.8371764170464147,2.4815239126462885,-0.06356742790751824,-1.2199999999999989,-0.020000000000000018
2020-07-21,9396.65,3257.3,10680.36,24.84,0.61,118.4042,2.5383709254796827,0.1677641372159755,-0.808771884386239,-0.5425098322782596,0.379999999999999,-0.010000000000000009
2020-07-22,9546.31,3276.02,10706.13,24.32,0.6,118.1337,1.5801449613496388,0.5730639622957057,0.24099337920535646,-0.2287160898256424,-0.5199999999999996,-0.010000000000000009
2020-07-23,9612.05,3235.66,10461.42,26.08,0.59,118.0613,0.6862827300512464,-1.2396345287241317,-2.3122269940181184,-0.061305279339141094,1.759999999999998,-0.010000000000000009
2020-07-24,9553.41,3215.63,10363.18,25.84,0.59,118.1329,-0.6119360869901058,-0.6209630744304917,-0.9435065142159971,0.060628078245184014,-0.23999999999999844,0
2020-07-27,11108.44,3239.41,10536.27,24.74,0.62,117.3869,15.080702092932263,0.7367919510066656,1.6564450997487157,-0.6334945043616536,-1.1000000000000014,0.030000000000000027
2020-07-28,10952.85,3218.44,10402.09,25.44,0.59,117.3189,-1.4105483381440465,-0.649444434468549,-1.2816843040596382,-0.05794488410817422,0.7000000000000028,-0.030000000000000027
2020-07-29,11100.39,3258.44,10542.94,24.1,0.58,117.2126,1.338054646648068,1.2351783128252691,1.3449694103098153,-0.09064881031255467,-1.3399999999999999,-0.010000000000000009
2020-07-30,11139.67,3246.22,10587.81,24.76,0.55,117.4008,0.35323682439170057,-0.37573107206831935,0.42468977618046466,0.16043417841222762,0.6600000000000001,-0.029999999999999916
2020-07-31,11372.76,3271.12,10745.27,24.46,0.55,117.2082,2.0708411288079986,0.7641191392371738,1.476231838464237,-0.16418811151073243,-0.3000000000000007,0
2020-08-03,11235.44,3294.61,10902.8,24.28,0.56,117.8074,-1.2147954168884922,0.7155365883905418,1.4553979235568448,0.5099247014937802,-0.17999999999999972,0.010000000000000009
2020-08-04,11198.04,3306.51,10941.17,23.76,0.52,117.7833,-0.33343052125491823,0.36054526780180396,0.35131012781235427,-0.02045921174653742,-0.5199999999999996,-0.040000000000000036
2020-08-05,11737.59,3327.77,10998.4,22.99,0.55,116.8736,4.7057749249852066,0.6409157519801312,0.5217069414417352,-0.7753486535713172,-0.7700000000000031,0.030000000000000027
2020-08-06,11766.62,3349.16,11108.07,22.65,0.55,117.0422,0.24701970209957125,0.6407158132423874,0.9922063515812596,0.14415446002074006,-0.33999999999999986,0
2020-08-07,11598.96,3351.28,11010.98,22.21,0.57,117.6239,-1.4351270336970146,0.06327942853729951,-0.8778914424839357,0.4957692580672912,-0.4399999999999977,0.019999999999999907
2020-08-10,11896.19,3360.47,10968.36,22.13,0.59,117.5821,2.5302741864878797,0.27384827334753226,-0.38781922858817097,-0.03554331134418831,-0.08000000000000185,0.020000000000000018
2020-08-11,11387.01,3333.69,10782.82,24.03,0.64,117.3781,-4.374494876300439,-0.800104654322098,-1.706063766045851,-0.1736464739646948,1.9000000000000021,0.050000000000000044
2020-08-12,11563.16,3380.35,11012.24,22.28,0.69,117.2559,1.5350950268047114,1.3899455827980134,2.1053254630958307,-0.10416223654603485,-1.75,0.04999999999999993
2020-08-13,11824.99,3373.43,11042.5,22.13,0.71,117.1193,2.239090642111563,-0.20492235227109745,0.27440830395750737,-0.11656524706289417,-0.15000000000000213,0.020000000000000018
2020-08-14,11785.29,3372.85,11019.3,22.05,0.71,116.9395,-0.3362945074371737,-0.017194661396580102,-0.21031836524549874,-0.1536366377738574,-0.0799999999999983,0
2020-08-17,12325.1,3381.99,11129.73,21.35,0.69,116.749,4.478568984879772,0.27062093485916705,0.9971625397007244,-0.16303758396132295,-0.6999999999999993,-0.020000000000000018
2020-08-18,11983.52,3389.78,11210.84,21.51,0.67,116.5593,-2.810546091793853,0.23007288895726674,0.7261261139078101,-0.16261748236505724,0.16000000000000014,-0.019999999999999907
2020-08-19,11764.8,3374.85,11146.46,22.54,0.68,116.567,-1.8420350108344863,-0.4414143638946655,-0.5759208665519822,0.0066058612888220125,1.0299999999999976,0.010000000000000009
2020-08-20,11856.24,3385.51,11264.95,22.72,0.65,116.8126,0.7742288804005071,0.3153680820281224,1.0574176641293676,0.21047262971114478,0.17999999999999972,-0.030000000000000027
2020-08-21,11526.32,3397.16,11311.8,22.54,0.64,117.0572,-2.8221195317028602,0.3435228739302687,0.41502933105075357,0.2091762931226704,-0.17999999999999972,-0.010000000000000009
2020-08-24,11762.34,3431.28,11379.72,22.37,0.65,116.912,2.0269786321707173,0.9993580954931858,0.5986395167610681,-0.12411891705461642,-0.16999999999999815,0.010000000000000009
2020-08-25,11324.86,3443.62,11466.47,22.03,0.69,116.8206,-3.790259300672183,0.35898742533948536,0.7594300575302526,-0.07820903430575399,-0.33999999999999986,0.039999999999999925
2020-08-26,11460.01,3478.73,11665.06,23.27,0.69,116.6243,1.1863274624779763,1.0144040989640501,1.7170924650738328,-0.16817676999316689,1.2399999999999984,0
2020-08-27,11341.73,3484.55,11625.34,24.47,0.74,116.649,-1.037473990341553,0.1671626404583293,-0.3410850694553602,0.02117687715852412,1.1999999999999993,0.050000000000000044
2020-08-28,11540,3508.01,11695.63,22.96,0.74,115.9374,1.7330417096808048,0.6710014078512572,0.6028069402557179,-0.6119035509768445,-1.509999999999998,0
2020-08-31,11665.93,3500.31,11775.46,26.41,0.72,115.7586,1.0853366890613003,-0.219738913128964,0.6802437196730793,-0.15434020051543484,3.4499999999999993,-0.020000000000000018
2020-09-01,11911.74,3526.65,11939.67,26.12,0.68,115.5687,2.0851840443585345,0.7496875851233042,1.3848764434717609,-0.1641829932376382,-0.28999999999999915,-0.039999999999999925
2020-09-02,11390.12,3580.84,12056.44,26.57,0.66,116.0304,-4.477815545305397,1.524899790823575,0.9732487617023722,0.3987067407650535,0.4499999999999993,-0.020000000000000018
2020-09-03,10225.82,3455.06,11458.1,33.6,0.63,116.0685,-10.783041864870668,-3.5757586556313115,-5.0902053533663505,0.03283083232386019,7.030000000000001,-0.030000000000000027
2020-09-08,10123.21,3331.84,10847.69,31.46,0.69,116.4618,-1.0085087072461363,-3.631511926092479,-5.474474938136709,0.33827881790253755,-2.1400000000000006,0.05999999999999994
2020-09-09,10235,3398.96,11141.56,28.81,0.71,116.1291,1.0982411873323272,1.9944798533671815,2.6730106508114915,-0.28608189478545043,-2.650000000000002,0.020000000000000018
2020-09-10,10345.95,3339.19,10919.59,29.71,0.68,115.8806,1.0781919670774798,-1.7741239870586512,-2.0123836777315773,-0.21421526343665676,0.9000000000000021,-0.029999999999999916
2020-09-11,10399.99,3340.97,10853.55,26.87,0.67,116.0866,0.5209705824373856,0.05329213797651278,-0.6066208412420337,0.17761136415286316,-2.84,-0.010000000000000009
2020-09-14,10679.33,3383.54,11056.65,25.85,0.68,115.6428,2.6505252873384677,1.266131471119003,1.8539841491591602,-0.3830334369306243,-1.0199999999999996,0.010000000000000009
2020-09-15,10789.8,3401.2,11190.32,25.59,0.68,115.5908,1.029114593528213,0.5205811831507035,1.2017061972997567,-0.044976163392007606,-0.26000000000000156,0
2020-09-16,10953.38,3385.49,11050.47,26.04,0.69,115.3537,1.5046841013953483,-0.46296583637452926,-1.257615788065003,-0.20533079012716726,0.4499999999999993,0.009999999999999898
2020-09-17,10947.83,3357.01,10910.28,26.46,0.69,115.4392,-0.050682132346047126,-0.8447955322131051,-1.2767496952262647,0.07409240397899808,0.4200000000000017,0
2020-09-18,10942.2,3319.47,10793.28,25.83,0.7,115.2395,-0.05143894388570658,-1.1245565213034325,-1.0781745796240472,-0.17314129990175786,-0.6300000000000026,0.010000000000000009
2020-09-21,10425.85,3281.06,10778.94,27.78,0.68,116.378,-4.833857453543722,-1.1638590711243069,-0.13294878424385814,0.9830942561856126,1.9500000000000028,-0.019999999999999907
2020-09-22,10529.01,3315.57,10963.77,26.86,0.68,116.5438,0.9846005498715726,1.0463013638869256,1.7001970070225525,0.14236540160990074,-0.9200000000000017,0
2020-09-23,10230.11,3236.92,10633.15,28.58,0.68,117.2526,-2.879897203808568,-2.400729416109293,-3.061972088040932,0.606341390700571,1.7199999999999989,0
2020-09-24,10741,3246.59,10672.43,28.51,0.67,117.5473,4.873286202201221,0.2982954347357847,0.3687301120629982,0.25102238522887177,-0.06999999999999673,-0.010000000000000009
2020-09-25,10693.3,3298.46,10913.73,26.38,0.66,117.8679,-0.4450817497547277,1.5850478138508706,2.2357848875143915,0.2723700068633761,-2.1300000000000026,-0.010000000000000009
2020-09-28,10681.01,3351.6,11117.7,26.19,0.67,117.6178,-0.11499787693178831,1.598215087400412,1.8516803306331653,-0.21241212866458525,-0.18999999999999773,0.010000000000000009
2020-09-29,10845.9,3335.47,11085.42,26.27,0.66,117.526,1.5319730038383383,-0.48242447838084956,-0.2907701507105287,-0.07807988529888732,0.0799999999999983,-0.010000000000000009
2020-09-30,10783.24,3363,11167.68,26.37,0.69,116.946,-0.5794051478389406,0.8219833784947284,0.7393160924628717,-0.4947295907345328,0.10000000000000142,0.029999999999999916
2020-10-01,10598.64,3380.8,11326.61,26.7,0.68,116.7227,-1.726738590920185,0.527893512152211,1.413093230588025,-0.1911253565189952,0.3299999999999983,-0.009999999999999898
2020-10-02,10577.92,3348.44,11075.11,27.63,0.7,116.7321,-0.19568812509742628,-0.961780214318253,-2.2454576458470044,0.008052950725456753,0.9299999999999997,0.019999999999999907
2020-10-05,10800,3408.63,11332.58,27.96,0.78,116.1767,2.0777324381311857,1.7815885301178724,2.298151498876422,-0.47692577760223287,0.33000000000000185,0.08000000000000007
2020-10-06,10594.15,3360.95,11154.7,29.48,0.76,116.2681,-1.9244172150175487,-1.4086778930183286,-1.5820829397306113,0.0786423311776474,1.5199999999999996,-0.020000000000000018
2020-10-07,10671.23,3419.45,11364.7,28.06,0.81,116.3447,0.724937316594243,1.7256047320879375,1.8651126370482274,0.06586052252401942,-1.4200000000000017,0.050000000000000044
2020-10-08,10926.71,3446.83,11421.08,26.36,0.78,116.1657,2.365891532659248,0.7975248642445365,0.4948710560787717,-0.15397163771027067,-1.6999999999999993,-0.030000000000000027
2020-10-09,11059.3,3477.13,11580.05,25,0.79,115.2757,1.2061452479445123,0.8752272809347872,1.3823019240307488,-0.7690969610702147,-1.3599999999999994,0.010000000000000009
2020-10-13,11434.36,3511.93,11864,26.07,0.74,115.9107,3.3351154438760133,0.9958503031221255,2.4224814910811077,0.5493416540925722,1.0700000000000003,-0.050000000000000044
2020-10-14,11426.87,3488.67,11768.83,26.4,0.73,115.6872,-0.06552578551541899,-0.6645169155040875,-0.8054093772106086,-0.193006991325273,0.3299999999999983,-0.010000000000000009
2020-10-15,11509.25,3483.34,11713.97,26.97,0.74,116.0964,0.718346034535422,-0.1528971139844515,-0.46723644372885786,0.3530883333672463,0.5700000000000003,0.010000000000000009
2020-10-16,11329.33,3483.81,11671.66,27.41,0.76,115.7679,-1.5756121629287634,0.013491886947036846,-0.3618465370806234,-0.28335558323977494,0.4400000000000013,0.020000000000000018
2020-10-19,11765.09,3426.92,11478.98,29.18,0.78,115.4031,3.774173370716838,-1.6464623898633235,-1.6646144485635617,-0.3156107840645461,1.7699999999999996,0.020000000000000018
2020-10-20,11917.34,3443.12,11516.49,29.35,0.81,115.2485,1.2857810413327897,0.4716138487298238,0.3262384571284471,-0.13405501904371064,0.1700000000000017,0.030000000000000027
2020-10-21,12836.37,3435.56,11484.69,28.65,0.83,114.9108,7.428806563920887,-0.21980970313855153,-0.2765077292641749,-0.2934491392132088,-0.7000000000000028,0.019999999999999907
2020-10-22,12977.02,3453.49,11506.01,28.11,0.87,115.1158,1.0897552930805077,0.520537388632647,0.1854663504055054,0.17824030288071668,-0.5399999999999991,0.040000000000000036
2020-10-23,12943.03,3465.39,11548.28,27.55,0.85,115.0126,-0.26226816293348776,0.3439866491129706,0.3667000577044277,-0.08968906655413278,-0.5599999999999987,-0.020000000000000018
2020-10-26,13072.95,3400.97,11358.94,32.46,0.81,115.2797,0.9987790582767886,-1.8764495369547163,-1.6531409049321155,0.23196617495964134,4.91,-0.039999999999999925
2020-10-27,13698.18,3390.68,11431.35,33.35,0.79,115.0131,4.671776739824907,-0.3030193803752468,0.6354481988259053,-0.2315314409277569,0.8900000000000006,-0.020000000000000018
2020-10-28,13280,3271.03,11004.87,40.28,0.79,115.8023,-3.1003833245556223,-3.5925571226009367,-3.8021678972178563,0.6838391853263737,6.93,0
2020-10-29,13460,3310.11,11185.59,37.59,0.85,116.3069,1.3463180168294286,1.18765014438047,1.6288440672308724,0.43479603130327504,-2.6899999999999977,0.05999999999999994
2020-10-30,13582.97,3269.96,10911.59,38.02,0.88,116.1354,0.9094477978175419,-1.2203669046733978,-2.4800815687175515,-0.14756352963303243,0.4299999999999997,0.030000000000000027
2020-11-02,13573.93,3310.24,10957.61,37.13,0.87,116.2361,-0.06657608441251739,1.2242941894852422,0.4208664965229758,0.08667156368469264,-0.8900000000000006,-0.010000000000000009
2020-11-03,14050.59,3369.16,11160.57,35.55,0.9,115.4802,3.4513346430008696,1.7642760820757886,1.8352838871026123,-0.6524380731081081,-1.5800000000000054,0.030000000000000027
2020-11-04,14160,3443.44,11590.78,29.57,0.78,115.1677,0.7756700484932821,2.180751658433522,3.782292356550343,-0.2709759691882141,-5.979999999999997,-0.12
2020-11-05,15636.6,3510.45,11890.93,27.58,0.79,114.4556,9.919323191432916,1.9273262670013835,2.556597014977946,-0.6202352137812284,-1.990000000000002,0.010000000000000009
2020-11-06,15596.33,3509.44,11895.23,24.86,0.83,113.9919,-0.2578690011798557,-0.028775379869649953,0.03615547904196603,-0.405958162660891,-2.719999999999999,0.039999999999999925
2020-11-09,15334.37,3550.5,11713.78,25.75,0.96,114.0895,-1.6938915936831833,1.1631958050303481,-1.5371552878038486,0.08558348550762318,0.8900000000000006,0.13
2020-11-10,15325.25,3545.53,11553.86,24.8,0.98,114.0757,-0.05949193283534271,-0.14007834839127042,-1.3746346275439691,-0.012096498516722676,-0.9499999999999993,0.020000000000000018
2020-11-12,16319.72,3537.01,11709.59,25.35,0.88,114.2843,6.287239762311536,-0.24059176820152572,1.3388583917189223,0.1826940427575252,0.5500000000000007,-0.09999999999999998
2020-11-13,16339.59,3585.15,11829.29,23.1,0.89,114.2397,0.12168047917526792,1.3518576706374574,1.0170495095939813,-0.03903309986368342,-2.25,0.010000000000000009
2020-11-16,16714.58,3626.91,11924.13,22.45,0.91,113.8312,2.269039510726323,1.1580731916657427,0.798541885510673,-0.3582223219478209,-0.6500000000000021,0.020000000000000018
2020-11-17,17660.9,3609.53,11899.34,22.71,0.87,113.682,5.5071764079619,-0.48034761341035903,-0.2081141743619952,-0.13115724396479678,0.26000000000000156,-0.040000000000000036
2020-11-18,17802.82,3567.79,11801.6,23.84,0.88,113.46,0.8003715211435392,-1.1631213479601499,-0.8247820894496272,-0.1954724979858824,1.129999999999999,0.010000000000000009
2020-11-19,17804.44,3581.87,11904.71,23.11,0.86,113.694,0.009099267964529645,0.3938653922539004,0.8699004629288964,0.20602770171116447,-0.7300000000000004,-0.020000000000000018
2020-11-20,18702.87,3557.54,11854.97,23.7,0.83,113.489,4.922912362439291,-0.6815715636271591,-0.41869311929669806,-0.18047129903226988,0.5899999999999999,-0.030000000000000027
2020-11-23,18391.21,3577.59,11881.17,22.66,0.86,113.7548,-1.6804154939814353,0.56200945950593,0.22076049973183132,0.23393388177455066,-1.0399999999999991,0.030000000000000027
2020-11-24,19185.07,3635.41,12037.33,21.64,0.88,113.4316,4.225953929579873,1.6032507557284248,1.3057860557102785,-0.2845242655689084,-1.0199999999999996,0.020000000000000018
2020-11-25,18706.15,3629.65,12094.4,21.25,0.88,113.1823,-2.52800255784269,-0.15856720266285151,0.4729881065003383,-0.22002189677774453,-0.39000000000000057,0
2020-11-27,17156.99,3638.35,12205.85,20.84,0.84,NA,-8.644667604906076,0.2394057279952122,0.9172809452838493,NA,-0.41000000000000014,-0.040000000000000036
2020-11-30,19727,3621.63,12198.74,20.57,0.84,113.2256,13.958258501309118,-0.4606081438497611,-0.05826772915380474,NA,-0.2699999999999996,0
2020-12-01,18763.35,3662.45,12355.11,20.77,0.92,112.8063,-5.00827566970603,1.1208121636018475,1.2737074961888695,-0.37101000431043474,0.1999999999999993,0.08000000000000007
2020-12-02,19245.61,3669.01,12349.37,21.17,0.95,112.6115,2.5377483713270976,0.1789548534858909,-0.04646930518905634,-0.17283466389246271,0.40000000000000213,0.029999999999999916
2020-12-03,19430.07,3666.72,12377.18,21.28,0.92,112.0236,0.9538883281191346,-0.06243414287023796,0.22494049292056673,-0.523427854557923,0.10999999999999943,-0.029999999999999916
2020-12-04,18692.32,3699.12,12464.23,20.79,0.97,111.7778,-3.8709121744124886,0.879742404541517,0.7008487546913855,-0.21965912530692577,-0.490000000000002,0.04999999999999993
2020-12-07,19202.88,3691.96,12519.95,21.3,0.94,111.8385,2.6947523469852186,-0.19374711787083498,0.4460429950560396,0.05428942477880838,0.5100000000000016,-0.030000000000000027
2020-12-08,18311.76,3702.25,12582.77,20.68,0.92,111.8639,-4.751679138037623,0.27832605897479823,0.5005045759123306,0.02270874171150794,-0.620000000000001,-0.019999999999999907
2020-12-09,18550.01,3672.82,12338.95,22.27,0.95,112.0305,1.2926851732371958,-0.7980983560702981,-1.9567492096927097,0.14882018554107646,1.5899999999999999,0.029999999999999916
2020-12-10,18286.8,3668.1,12405.81,22.52,0.92,111.9788,-1.429084003517822,-0.1285942538656215,0.5403985547618007,-0.04615879869094286,0.25,-0.029999999999999916
2020-12-11,18048.14,3663.46,12377.87,23.31,0.9,112.1417,-1.3136855723917762,-0.1265760798382587,-0.22547105059924633,0.14536825385151886,0.7899999999999991,-0.020000000000000018
2020-12-14,19288.43,3647.49,12440.04,24.72,0.9,112.1708,6.646280190669529,-0.4368796230528105,0.5010101982371395,0.025945946091443517,1.4100000000000001,0
2020-12-15,19451.34,3694.62,12595.06,22.89,0.92,111.8601,0.8410528008418794,1.2838447626448257,1.2384370848437243,-0.27737262957829856,-1.8299999999999983,0.020000000000000018
2020-12-16,21384.63,3701.17,12658.19,22.5,0.92,111.7157,9.475647738923065,0.17712784469292586,0.49997629222620077,-0.12917321112437818,-0.39000000000000057,0
2020-12-17,22830.34,3722.48,12764.75,21.93,0.94,111.2226,6.541791343376779,0.5741126947631514,0.8383029188822277,-0.442365267978051,-0.5700000000000003,0.019999999999999907
2020-12-18,23169.26,3709.41,12755.64,21.57,0.95,111.6071,1.4736046967719574,-0.3517278505022148,-0.07139389630754778,0.3451069418594521,-0.35999999999999943,0.010000000000000009
2020-12-21,22777.26,3694.92,12742.52,25.16,0.95,111.9415,-1.7063730247089737,-0.39139310369780134,-0.10290939548482925,0.2991745413943647,3.59,0
2020-12-22,23839.99,3687.26,12807.92,24.23,0.93,112.1947,4.5601752897471926,-0.2075268484142967,0.5119296797172268,0.22593414870737405,-0.9299999999999997,-0.019999999999999907
2020-12-23,23196.57,3690.01,12771.11,23.31,0.96,111.9807,-2.735999981942072,0.07455332737915654,-0.28781408372591244,-0.1909219878761803,-0.9200000000000017,0.029999999999999916
2020-12-24,23740.01,3703.06,12804.73,21.53,0.94,NA,2.315738749687135,0.35303368029282467,0.2629045174256106,NA,-1.7799999999999976,-0.020000000000000018
2020-12-28,27044.14,3735.36,12899.42,21.7,0.94,111.9752,13.03085355526079,0.8684694603369181,0.7367715200816249,NA,0.16999999999999815,0
2020-12-29,27407.85,3727.04,12850.22,23.08,0.94,111.5172,1.335912274811335,-0.22298465500121267,-0.3821417299288754,-0.409857911174516,1.379999999999999,0
2020-12-30,28934.56,3732.04,12870,22.77,0.93,111.3084,5.420725970071416,0.13406481091209344,0.15380897907935065,-0.18741119612286639,-0.3099999999999987,-0.009999999999999898
2020-12-31,29026.97,3756.07,12888.28,22.75,0.93,111.3169,0.3188669391546384,0.6418196978792423,0.14193496668912786,0.007636149174583551,-0.019999999999999574,0
2021-01-04,32127.31,3700.65,12698.45,26.97,0.93,111.2075,10.148104944060599,-1.4864718123371645,-1.4838432502845222,-0.09832630382469176,4.219999999999999,0
2021-01-05,34131.23,3726.86,12818.96,25.34,0.96,110.9574,6.050635369987667,0.7057576170721447,0.9445386184845361,-0.2251481720559667,-1.629999999999999,0.029999999999999916
2021-01-06,36979.81,3748.14,12740.79,25.07,1.04,110.8502,8.015928708850595,0.5693660866217698,-0.611666731626137,-0.09666035640494286,-0.2699999999999996,0.08000000000000007
2021-01-07,39573.39,3803.79,13067.48,22.37,1.08,111.3042,6.778483465724072,1.4738221178340893,2.531804344846833,0.4087253117919687,-2.6999999999999993,0.040000000000000036
2021-01-08,40666.72,3824.68,13201.98,21.56,1.13,111.2847,2.7253144849060718,0.5476865536104825,1.0240117254316061,-0.017521089371363985,-0.8100000000000023,0.04999999999999982
2021-01-11,35474.31,3799.61,13036.43,24.08,1.15,111.8257,-13.660129499987583,-0.65763737616642,-1.2619072333748704,0.48496265553641393,2.5199999999999996,0.020000000000000018
2021-01-12,33968.43,3801.19,13072.43,23.33,1.15,111.5501,-4.337720868589301,0.041574571696578744,0.2757686303768381,-0.24675917431000727,-0.75,0
2021-01-13,37520.66,3809.84,13128.95,22.21,1.1,111.3622,9.946015074772063,0.2273017902771457,0.4314283268087138,-0.16858651990325768,-1.1199999999999974,-0.04999999999999982
2021-01-14,39171.12,3795.54,13112.64,23.25,1.15,111.1567,4.304802597851776,-0.3760500291052793,-0.12430650810557609,-0.18470346422043704,1.0399999999999991,0.04999999999999982
2021-01-15,36868.39,3768.25,12998.5,24.34,1.11,111.5106,-6.058519622543201,-0.7215990506594494,-0.8742684311664917,0.3178736150251993,1.0899999999999999,-0.039999999999999813
2021-01-19,35673.03,3798.91,13197.18,23.24,1.1,111.4527,-3.2959603259373083,0.8103480771509908,1.516920421635426,-0.051936799734786376,-1.1000000000000014,-0.010000000000000009
2021-01-20,35570.44,3851.85,13457.25,21.58,1.1,NA,-0.28799852368077694,1.3839368887685666,1.951482387355874,NA,-1.6600000000000001,0
2021-01-21,30647.26,3853.07,13530.91,21.32,1.12,111.1973,-14.89716938835226,0.031668077285651464,0.545870358754108,NA,-0.259999999999998,0.020000000000000018
2021-01-22,32885.51,3841.47,13543.06,21.91,1.1,111.5516,7.048887324856956,-0.3015127294927922,0.08975411301435088,0.3181163173303858,0.5899999999999999,-0.020000000000000018
2021-01-25,31979,3855.36,13635.99,23.19,1.05,111.8676,-2.795269785015897,0.36092820235467116,0.6838381926066006,0.28287650364609007,1.2800000000000011,-0.050000000000000044
2021-01-26,32579.82,3849.62,13626.06,23.02,1.05,111.6572,1.861364092331641,-0.1489945739473697,-0.07284852341733483,-0.18825657120737915,-0.1700000000000017,0
2021-01-27,30552.06,3750.77,13270.6,37.21,1.04,112.0782,-6.426096451058427,-2.6013289892048874,-2.6433073596209056,0.37633784987596286,14.190000000000001,-0.010000000000000009
2021-01-28,33484.8,3787.38,13337.16,30.21,1.07,112.0059,9.165949073435087,0.9713334927598183,0.500306217708868,-0.06452934635596819,-7,0.030000000000000027
2021-01-29,34330.14,3714.24,13070.69,33.09,1.11,111.9511,2.4932081006593165,-1.9500405967127321,-2.018180537162273,-0.0489379667468981,2.8800000000000026,0.040000000000000036
2021-02-01,33457.6,3773.86,13403.39,30.24,1.09,112.4189,-2.5744719976719566,1.592426914071865,2.5135341138582845,0.41699039786591285,-2.850000000000005,-0.020000000000000018
2021-02-02,35511.07,3826.31,13612.78,25.56,1.12,112.2862,5.9565513307710205,1.380254196564934,1.5501397341028067,-0.11811037259628065,-4.68,0.030000000000000027
2021-02-03,37769.41,3830.17,13610.54,22.91,1.15,112.2567,6.165503688113105,0.10082963259936406,-0.016456479261606205,-0.026275602719749713,-2.6499999999999986,0.029999999999999805
2021-02-04,37070.87,3871.74,13777.74,21.77,1.15,112.7469,-1.8668029739503211,1.079482976893864,1.2209753744997442,0.43572705109600207,-1.1400000000000006,0
2021-02-05,38376.86,3886.83,13856.3,20.87,1.19,112.2379,3.4623187788412224,0.38898969855534204,0.5685756526327523,-0.45247578362141994,-0.8999999999999986,0.040000000000000036
2021-02-08,46674.44,3915.59,13987.64,21.24,1.19,112.0428,19.574201771013833,0.7372105129887174,0.943407966860299,-0.17397845575786164,0.36999999999999744,0
2021-02-09,46595.44,3911.23,14007.7,21.63,1.18,111.7675,-0.1694009231961502,-0.11141179817588664,0.14330958961892293,-0.24601203684317952,0.39000000000000057,-0.010000000000000009
2021-02-10,44887.29,3909.88,13972.53,21.99,1.15,111.5834,-3.7348001087639915,-0.03452195438775618,-0.2513919186672098,-0.16485274220352508,0.35999999999999943,-0.030000000000000027
2021-02-11,48121,3916.38,14025.77,21.25,1.16,111.5272,6.956399109174605,0.1661074764843562,0.3803092628464455,-0.05037860253045423,-0.7399999999999984,0.010000000000000009
2021-02-12,47524.18,3934.83,14095.47,19.97,1.2,111.4889,-1.248003812159304,0.4699921149025954,0.4957117305508518,-0.03434729634008704,-1.2800000000000011,0.040000000000000036
2021-02-16,49257.23,3932.59,14047.5,21.46,1.3,111.7879,3.581752472535271,-0.056943700997891256,-0.3409025163779944,0.2678291508417807,1.490000000000002,0.10000000000000009
2021-02-17,52269.84,3931.33,13965.5,21.5,1.29,112.0204,5.936337281668358,-0.03204508720298094,-0.5854441452813219,0.20776716827430874,0.03999999999999915,-0.010000000000000009
2021-02-18,51644.16,3913.97,13865.36,22.49,1.29,112.1603,-1.2042411249826301,-0.442558686962613,-0.7196359161522281,0.1248100466818336,0.9899999999999984,0
2021-02-19,56029.51,3906.71,13874.47,22.05,1.34,111.7058,8.150139578289384,-0.18566165820494973,0.06568173148497891,-0.40604685073821756,-0.4399999999999977,0.050000000000000044
2021-02-22,54130.33,3876.5,13533.05,23.45,1.37,111.918,-3.4483858999129424,-0.7762902892533674,-2.491561894490424,0.189783076480321,1.3999999999999986,0.030000000000000027
2021-02-23,48972.11,3881.37,13465.2,23.11,1.37,111.8981,-10.014370483417423,0.12554994192246482,-0.5026262283141847,-0.017782456268733426,-0.33999999999999986,0
2021-02-24,49789.99,3925.43,13597.97,21.34,1.38,111.7212,1.6563007419890141,1.1287715277781274,0.9811937418355399,-0.15821535699425127,-1.7699999999999996,0.009999999999999787
2021-02-25,46927.73,3829.34,13119.43,28.89,1.54,111.9253,-5.920520108669969,-2.4783434790563774,-3.58261794448147,0.18252023319034194,7.550000000000001,0.16000000000000014
2021-02-26,46360.17,3811.15,13192.35,27.95,1.44,112.8306,-1.2168073304730243,-0.4761483718072057,0.5542778686175254,0.8055894381106654,-0.9400000000000013,-0.10000000000000009
2021-03-01,49652.19,3901.82,13588.83,23.35,1.45,112.5263,6.860181286064915,2.351213008199693,2.961101560523005,-0.2700606770374314,-4.599999999999998,0.010000000000000009
2021-03-02,48368.22,3870.29,13358.79,24.1,1.42,112.5342,-2.6199511791196173,-0.8113671312553805,-1.7073536597012051,0.007020334535123851,0.75,-0.030000000000000027
2021-03-03,50164.67,3819.72,12997.75,26.67,1.47,112.7617,3.6468007575749084,-1.3152318131986362,-2.739832958569721,0.2019566954608365,2.5700000000000003,0.050000000000000044
2021-03-04,48327.39,3768.47,12723.47,28.57,1.54,112.7037,-3.7312513389956337,-1.350803796008293,-2.132794610761657,-0.05144913701116138,1.8999999999999986,0.07000000000000006
2021-03-05,48908.09,3841.94,12920.15,24.66,1.56,113.7487,1.1944341795649294,1.9308363815584428,1.5339788742878113,0.9229378163990276,-3.91,0.020000000000000018
2021-03-08,52472.59,3821.35,12609.16,25.47,1.59,114.2678,7.0348115550313395,-0.537368403054117,-2.4364574234724046,0.45531871317239236,0.8099999999999987,0.030000000000000027
2021-03-09,54999.99,3875.44,13073.82,24.03,1.55,113.928,4.704206539396516,1.4055441418612702,3.6188223352915827,-0.2978146408922022,-1.4399999999999977,-0.040000000000000036
2021-03-10,56046.27,3898.81,13068.83,22.56,1.53,113.5881,1.8844596164253602,0.6012173623114236,-0.038175166332443666,-0.2987922638236107,-1.4700000000000024,-0.020000000000000018
2021-03-11,57911.02,3939.34,13398.67,21.91,1.54,112.9214,3.2730095042305507,1.0341818218279286,2.4925442650495455,-0.5886745812470728,-0.6499999999999986,0.010000000000000009
2021-03-12,57174.89,3943.34,13319.86,20.69,1.64,113.0269,-1.2792878631634252,0.1014883350162421,-0.5899293753047985,0.09338420131230762,-1.2199999999999989,0.09999999999999987
2021-03-15,55430.19,3968.94,13459.71,20.03,1.62,113.1928,-3.0990424816650375,0.6470976590856381,1.0444624118516543,0.14667160264218992,-0.6600000000000001,-0.019999999999999796
2021-03-16,57126.52,3962.71,13471.57,19.79,1.62,112.9839,3.014406600292574,-0.15709218841468697,0.08807602733096331,-0.1847228820667013,-0.240000000000002,0
2021-03-17,59221.23,3974.12,13525.2,19.23,1.63,113.1589,3.6011635292410915,0.2875205304977868,0.39730731155724897,0.15476949514408034,-0.5599999999999987,0.009999999999999787
2021-03-18,57562.46,3915.46,13116.17,21.58,1.71,112.7744,-2.840947334945021,-1.487052060181071,-3.070879188681097,-0.3403662684518416,2.349999999999998,0.08000000000000007
2021-03-19,58001.29,3913.1,13215.24,20.95,1.74,112.9756,0.7594632559960957,-0.06029206064699366,0.7524888904733018,0.17825032405136554,-0.629999999999999,0.030000000000000027
2021-03-22,54230.21,3940.59,13377.54,18.88,1.69,113.0023,-6.72271184375699,0.7000559550654373,1.2206472222343834,0.02363062947683403,-2.0700000000000003,-0.050000000000000044
2021-03-23,54268.81,3910.52,13227.7,20.3,1.63,113.2916,0.071152719404388165,-0.7660100809948389,-1.1264065597197614,0.25568533452133835,1.4200000000000017,-0.06000000000000005
2021-03-24,52294.65,3889.14,12961.89,21.2,1.62,113.6565,-3.7055589051492532,-0.5482303984823744,-2.0299602072148204,0.3215715967194832,0.8999999999999986,-0.009999999999999787
2021-03-25,51386.2,3909.52,12977.68,19.81,1.63,114.0016,-1.7524417460403896,0.52265508159266,0.12174451581330459,0.30317415838139183,-1.3900000000000006,0.009999999999999787
2021-03-26,55314.11,3974.54,13138.72,18.86,1.67,113.7406,7.36583757661986,1.6494413826352528,1.2332637047638428,-0.2292066329956377,-0.9499999999999993,0.040000000000000036
2021-03-29,57630.72,3971.09,13059.65,20.74,1.73,113.9314,4.102772917433484,-0.08684019308251578,-0.6036271728854459,0.16760958279258276,1.879999999999999,0.06000000000000005
2021-03-30,58800,3958.55,13045.39,19.61,1.73,114.203,2.0086096041076473,-0.3162819611880252,-0.10925094478597686,0.23810536974506746,-1.129999999999999,0
2021-03-31,58837.71,3972.89,13246.87,19.4,1.74,113.8234,0.06411209686358887,0.3615992965993797,1.5326483457409168,-0.33294421230287696,-0.21000000000000085,0.010000000000000009
2021-04-01,58768.84,4019.87,13480.11,17.33,1.69,113.7389,-0.11711934049998263,1.1755774236888783,1.7453967576972929,-0.07426538041119812,-2.0700000000000003,-0.050000000000000044
2021-04-05,59200,4077.91,13705.59,17.91,1.73,113.394,0.7309759421742612,1.4335038467166328,1.6588513121629234,-0.3036990811048135,0.5800000000000018,0.040000000000000036
2021-04-06,58018.31,4073.94,13698.38,18.12,1.67,113.1464,-2.0162891507862213,-0.09740121110812794,-0.052620114285417685,-0.21859244407753664,0.21000000000000085,-0.06000000000000005
2021-04-07,55962.11,4079.95,13688.84,17.16,1.68,113.2436,-3.6083795791720163,0.1474143283354934,-0.06966753387782632,0.08586952248119673,-0.9600000000000009,0.010000000000000009
2021-04-08,58108.65,4097.17,13829.31,16.95,1.64,113.0917,3.7639679425018002,0.4211758040806757,1.0209350563661346,-0.13422565795613295,-0.21000000000000085,-0.040000000000000036
2021-04-09,58126.14,4128.8,13900.19,16.69,1.67,113.2028,0.030094260302071518,0.7690316372556794,0.5112256216060374,0.09819064000788913,-0.259999999999998,0.030000000000000027
2021-04-12,59903.04,4127.99,13850,16.91,1.69,113.1815,3.0111778467272643,-0.019620215667437435,-0.36172764746265074,-0.018817559400385875,0.21999999999999886,0.020000000000000018
2021-04-13,63660.94,4141.59,13996.1,16.65,1.64,113.0391,6.084393260331922,0.3289166381145847,1.049348674511208,-0.12589482903679894,-0.26000000000000156,-0.050000000000000044
2021-04-14,63283.43,4124.66,13857.84,16.99,1.64,112.7849,-0.5947662158746425,-0.4096179929696575,-0.9927581917509087,-0.2251311706157999,0.33999999999999986,0
2021-04-15,63346.93,4170.42,14038.76,16.57,1.56,112.6181,0.1002919131282809,1.1033158016154232,1.297093814803496,-0.14800160640922044,-0.41999999999999815,-0.07999999999999985
2021-04-16,61486.08,4185.47,14052.34,16.25,1.59,112.4814,-2.981563693158229,0.36022533265391843,0.09668543458882795,-0.12145741488085449,-0.3200000000000003,0.030000000000000027
2021-04-19,55797.39,4163.26,13914.77,17.29,1.61,112.1835,-9.708371363019275,-0.5320582266875817,-0.9838064039243477,-0.26519511912219684,1.0399999999999991,0.020000000000000018
2021-04-20,56514.9,4134.94,13786.27,18.68,1.58,112.2354,1.2777226099618844,-0.6825603130707236,-0.9277696557635551,0.046252789694012364,1.3900000000000006,-0.030000000000000027
2021-04-21,53919.48,4173.42,13950.22,17.5,1.57,112.1771,-4.701249755875381,0.9263025469113728,1.1822109394344693,-0.051957891215170804,-1.1799999999999997,-0.010000000000000009
2021-04-22,51653.27,4134.98,13818.41,18.71,1.57,112.2297,-4.29383183336256,-0.9253351856793657,-0.949351768287876,0.046879150688283744,1.2100000000000009,0
2021-04-23,51231.69,4180.17,14016.81,17.33,1.58,112.0889,-0.8195218416695127,1.0869423861540994,1.42555625506251,-0.12553575003666495,-1.3800000000000026,0.010000000000000009
2021-04-26,53969.71,4187.62,14138.78,17.64,1.58,111.8109,5.206467737023246,0.17806378908797882,0.8664053069425748,-0.24832549458144726,0.3100000000000023,0
2021-04-27,55120.81,4186.72,14090.22,17.56,1.63,111.9097,2.110435854733339,-0.021494231270047237,-0.3440436990242546,0.08832446044122477,-0.08000000000000185,0.04999999999999982
2021-04-28,54964.11,4183.18,14051.03,17.28,1.63,111.7909,-0.2846895030407026,-0.08458882928294997,-0.2785236997990381,-0.10621340413790037,-0.2799999999999976,0
2021-04-29,53562.87,4211.47,14082.55,17.61,1.65,111.7464,-2.582432262536294,0.6740032543708807,0.22407395850976286,-0.03981438497095979,0.3299999999999983,0.020000000000000018
2021-04-30,57640.17,4181.17,13962.68,18.61,1.65,112.0839,7.336361631559818,-0.7220643718202524,-0.8548386300025967,0.30156797875697805,1,0
2021-05-03,57213.29,4192.66,13895.12,18.31,1.63,112.005,-0.7433506411988589,0.2744265697041115,-0.48503566291024924,-0.07041848414663932,-0.3000000000000007,-0.020000000000000018
2021-05-04,53128.68,4164.66,13633.5,19.48,1.61,112.2896,-7.406931862199961,-0.6700737740406026,-1.900770011245001,0.25377352173237,1.1700000000000017,-0.019999999999999796
2021-05-05,57518.01,4167.59,13582.42,19.15,1.59,112.1514,7.938122071856313,0.0703291456874311,-0.37536897504999445,-0.12315042034769519,-0.33000000000000185,-0.020000000000000018
2021-05-06,56485.77,4201.62,13632.84,18.39,1.58,111.8401,-1.810936812862174,0.813223411591224,0.3705278412555302,-0.27795715500431584,-0.759999999999998,-0.010000000000000009
2021-05-07,57373.88,4232.6,13752.24,16.69,1.6,111.0249,1.5600399469349213,0.7346296237811245,0.8720132028392058,-0.731567213985862,-1.6999999999999993,0.020000000000000018
2021-05-10,55936.77,4188.43,13401.86,19.66,1.63,110.7905,-2.5367201822421137,-1.049049939902602,-2.5808216640886172,-0.21134699146276859,2.969999999999999,0.029999999999999805
2021-05-11,56719,4152.1,13389.43,21.84,1.64,110.8921,1.388730593241938,-0.8711731693216151,-0.0927913578770756,0.09166259067123761,2.1799999999999997,0.010000000000000009
2021-05-12,49095.57,4063.04,13031.68,27.59,1.69,111.5636,-14.434044490555387,-2.1682768452684797,-2.7082273659003064,0.6037175397523242,5.75,0.050000000000000044
2021-05-13,49635.45,4112.5,13124.99,23.13,1.66,111.5955,1.0936489486269352,1.209965419220005,0.713473051605007,0.028589468426076792,-4.460000000000001,-0.030000000000000027
2021-05-14,49923.92,4173.85,13429.98,18.81,1.63,111.1353,0.579495043549727,1.4807755166462044,2.297147475812622,-0.4132348600876412,-4.32,-0.030000000000000027
2021-05-17,43768.74,4163.29,13379.05,19.72,1.64,111.079,-13.158038267106775,-0.2533244169402593,-0.37994706461716987,-0.05067180753410838,0.9100000000000001,0.010000000000000009
2021-05-18,42989.8,4127.83,13303.64,21.34,1.64,110.8317,-1.7956985695493088,-0.8553781927838955,-0.5652368691047016,-0.22288254002651442,1.620000000000001,0
2021-05-19,37236.61,4115.68,13299.74,22.18,1.68,110.8807,-14.36704611366828,-0.2947775595103508,-0.029319582909614894,0.044201407587340924,0.8399999999999999,0.040000000000000036
2021-05-20,40749.78,4159.12,13535.74,20.67,1.63,110.8605,9.015802378331372,1.049944386861057,1.7589108477119808,-0.018219437845434783,-1.509999999999998,-0.050000000000000044
2021-05-21,37425,4155.86,13470.99,20.15,1.63,111.0576,-8.51115105935989,-0.07841270013955182,-0.4795110260797486,0.1776331464865777,-0.5200000000000031,0
2021-05-24,38725.06,4197.05,13661.17,18.4,1.61,110.9118,3.4148005382739655,0.9862511119054673,1.4019017631326847,-0.1313694779265795,-1.75,-0.019999999999999796
2021-05-25,38370,4188.13,13657.17,18.84,1.56,110.842,-0.9211031429570582,-0.21275639556268544,-0.029284356432945913,-0.0629527000711505,0.4400000000000013,-0.050000000000000044
2021-05-26,39213.41,4195.99,13738,17.36,1.58,110.8677,2.174287587421908,0.18749737128445076,0.5901057343924876,0.02318346929808257,-1.4800000000000004,0.020000000000000018
2021-05-27,38368.17,4200.88,13736.28,16.74,1.61,110.8688,-2.179057052214617,0.11647198427056082,-0.012520801289461758,9.92168632585333e-4,-0.620000000000001,0.030000000000000027
2021-05-28,35770,4204.11,13748.74,16.76,1.58,110.7576,-7.011865634000891,0.0768591077205727,0.09066757712794526,-0.10034906430957946,0.020000000000003126,-0.030000000000000027
2021-06-01,36764.58,4202.04,13736.48,17.9,1.62,110.5046,2.742532840339784,-0.04924965749690813,-0.08921158945138785,-0.22868805450011465,1.139999999999997,0.040000000000000036
2021-06-02,37501.36,4208.12,13756.33,17.48,1.59,110.5799,1.984231731108821,0.14458704850337512,0.14440141585545518,0.0681187536093475,-0.41999999999999815,-0.030000000000000027
2021-06-03,39215.09,4192.85,13614.51,18.04,1.63,111.1782,4.468442271674711,-0.36352984992422677,-1.0362946053263045,0.5395982845325165,0.5599999999999987,0.039999999999999813
2021-06-04,36895.48,4229.89,13814.49,16.42,1.56,110.7521,-6.097257138351786,0.8795294352097471,1.4581905537877304,-0.38399490612830434,-1.6199999999999974,-0.06999999999999984
2021-06-07,33816.09,4226.52,13881.72,16.42,1.57,110.5155,-8.715232559566388,-0.0797028568481295,0.4854825410921748,-0.2138587756864041,0,0.010000000000000009
2021-06-08,33432.26,4227.26,13924.91,17.07,1.53,110.649,-1.1415422627464977,0.017506961427571355,0.3106455887117221,0.12072463366772368,0.6499999999999986,-0.040000000000000036
2021-06-09,37357.02,4219.55,13911.75,17.89,1.5,110.5707,11.099954362981457,-0.1825541746812931,-0.09455158040090339,-0.07078935851527746,0.8200000000000003,-0.030000000000000027
2021-06-10,36717.51,4239.18,14020.33,16.1,1.45,110.5456,-1.7267092729786881,0.4641367023083376,0.7774612339812137,-0.022702984906874946,-1.7899999999999991,-0.050000000000000044
2021-06-11,37282.15,4247.44,14069.42,15.65,1.47,111.0933,1.5260906832724075,0.1946594193743323,0.349522868492258,0.494228328014934,-0.45000000000000107,0.020000000000000018
2021-06-14,40496.92,4255.15,14174.14,16.39,1.51,110.9659,8.271126200961199,0.18135655401927409,0.7415529761805928,-0.11474418891728178,0.7400000000000002,0.040000000000000036
2021-06-15,40093.93,4246.59,14072.86,17.02,1.51,111.3507,-1.0000970554257194,-0.20137061101781484,-0.7171057741974352,0.34617332603499307,0.629999999999999,0
2021-06-16,38394.4,4223.7,14039.68,18.15,1.57,111.1165,-4.331333565798623,-0.5404786783293147,-0.2360513522194907,-0.21054796978452472,1.129999999999999,0.06000000000000005
2021-06-17,38027.63,4221.86,14161.35,17.75,1.52,112.5772,-0.9598614849055664,-0.043573191810075684,0.8628816389020244,1.3060008054055494,-0.3999999999999986,-0.050000000000000044
2021-06-18,35777.39,4166.45,14030.38,20.7,1.45,113.0408,-6.0996871136442365,-1.3211434948255274,-0.9291444138323612,0.4109606968177637,2.9499999999999993,-0.07000000000000006
2021-06-21,31686.69,4224.79,14141.48,17.89,1.5,112.8391,-12.141941074562723,1.3905201143733947,0.7887344034944732,-0.1785905285148992,-2.8099999999999987,0.050000000000000044
2021-06-22,32508.26,4246.44,14253.27,16.66,1.48,112.9174,2.5597491995720034,0.5111429423335423,0.7874031473038556,0.0693667762741157,-1.2300000000000004,-0.020000000000000018
2021-06-23,33688.35,4241.84,14271.73,16.32,1.5,112.3819,3.565786937161519,-0.10838474815404453,0.12943034234567108,-0.4753685505584748,-0.33999999999999986,0.020000000000000018
2021-06-24,34695.34,4266.49,14369.71,15.97,1.49,112.326,2.945330372460475,0.5794337776571012,0.6841861457528964,-0.04975348098854582,-0.34999999999999964,-0.010000000000000009
2021-06-25,31704.87,4280.7,14360.39,15.62,1.54,111.9655,-9.013508714249596,0.3325072472303958,-0.06487969291395501,-0.3214569526122979,-0.3500000000000014,0.050000000000000044
2021-06-28,34541.8,4290.61,14500.51,15.76,1.49,112.0248,8.569988800832462,0.2312366351411299,0.9710099196128752,0.052948722677204074,0.14000000000000057,-0.050000000000000044
2021-06-29,35928.75,4291.8,14528.33,16.02,1.49,112.2613,3.936762579878028,0.027731138634301544,0.1916715136884406,0.21089143522781129,0.2599999999999998,0
2021-06-30,34995.83,4297.5,14503.95,15.83,1.45,112.5533,-2.6308899116859408,0.13272329146101214,-0.1679510236938242,0.2597697517884079,-0.1899999999999995,-0.040000000000000036
2021-07-01,33538.49,4319.94,14522.38,15.48,1.48,112.74,-4.253517702320586,0.5208054995812006,0.12698816885681197,0.16573954284311299,-0.34999999999999964,0.030000000000000027
2021-07-02,33832.49,4352.34,14639.33,15.07,1.44,112.5425,0.8727848883706812,0.7472118231364178,0.8020834648291952,-0.17533545712336007,-0.41000000000000014,-0.040000000000000036
2021-07-06,34193.9,4343.54,14663.64,16.44,1.37,112.9516,1.062568219226634,-0.20239476634920095,0.16592178592897966,0.3628480291468783,1.370000000000001,-0.06999999999999984
2021-07-07,33791,4358.13,14665.06,16.2,1.33,113.1048,-1.1852770744074093,0.33533824363036757,0.009683347718159041,0.1355414166148705,-0.240000000000002,-0.040000000000000036
2021-07-08,32878.23,4320.82,14559.78,19,1.3,113.0776,-2.738375822069905,-0.8597867216574073,-0.7204861030789544,-0.024051385192791486,2.8000000000000007,-0.030000000000000027
2021-07-09,33766.87,4369.55,14701.92,16.18,1.37,112.8375,2.6669407663876044,1.1214829918571922,0.971516473627787,-0.2125578063610689,-2.8200000000000003,0.07000000000000006
2021-07-12,33096.86,4384.63,14733.24,16.17,1.38,112.7611,-2.004173045126656,0.3445214723939216,0.2128068053295351,-0.06773091935921016,-0.00999999999999801,0.009999999999999787
2021-07-13,32768.54,4369.21,14677.65,17.12,1.42,113.0063,-0.9969505061356188,-0.3523028967647335,-0.3780236925797098,0.21721479399516852,0.9499999999999993,0.040000000000000036
2021-07-14,32817.18,4374.3,14644.95,16.33,1.37,112.8801,0.14832499793389076,0.11642922750674245,-0.22303624886994555,-0.1117375929940323,-0.7900000000000027,-0.04999999999999982
2021-07-15,31891.09,4360.03,14543.13,17.01,1.31,113.0041,-2.862549832121175,-0.32675689369963123,-0.6976848975273953,0.10979077992692154,0.6800000000000033,-0.06000000000000005
2021-07-16,31408.78,4327.16,14427.24,18.45,1.31,113.0428,-1.52391887687493,-0.7567500391697735,-0.8000630863659097,0.03424068224617827,1.4399999999999977,0
2021-07-19,30849.9,4258.49,14274.98,22.5,1.19,113.5472,-1.7953962807764512,-1.5996800327963356,-1.0609731810113487,0.44521014444685036,4.050000000000001,-0.1200000000000001
2021-07-20,29788.61,4323.06,14498.88,19.73,1.23,113.7502,-3.5007403171480433,1.5048847488143835,1.5563050573645043,0.17862065643798886,-2.7699999999999996,0.040000000000000036
2021-07-21,32086.04,4358.69,14631.95,17.91,1.3,113.3926,7.429493889415895,0.8208068658884571,0.9136088850924651,-0.31486826387912004,-1.8200000000000003,0.07000000000000006
2021-07-22,32327.95,4367.48,14684.6,17.69,1.27,113.4695,0.7511136550370168,0.2014630238242887,0.35918316858047916,0.06779449096638857,-0.21999999999999886,-0.030000000000000027
2021-07-23,33700,4411.79,14836.99,17.2,1.3,113.4398,4.156565623021002,1.0094319060165446,1.0324061377051663,-0.02617786064265104,-0.490000000000002,0.030000000000000027
2021-07-26,37269.12,4422.3,14840.71,17.58,1.29,113.2238,10.066726437032791,0.23794199422138007,0.025069328279947456,-0.19059087156891863,0.379999999999999,-0.010000000000000009
2021-07-27,39381.82,4401.46,14660.58,19.36,1.25,113.2227,5.5139186767871,-0.47236186726493656,-1.2211821146710378,-9.715319071013084e-4,1.7800000000000011,-0.040000000000000036
2021-07-28,40031.56,4400.64,14762.58,18.31,1.26,113.1807,1.6363854520546894,-0.01863191743716186,0.6933341531302872,-0.03710191673960139,-1.0500000000000007,0.010000000000000009
2021-07-29,40024.94,4419.15,14778.26,17.7,1.28,112.4834,-0.016538319849246363,0.4197385011620369,0.10615812869598784,-0.6180001332035445,-0.6099999999999994,0.020000000000000018
2021-07-30,42188.95,4395.26,14672.68,18.24,1.24,112.6714,5.265557859390135,-0.5420682382194286,-0.7169920708964383,0.16699625652289996,0.5399999999999991,-0.040000000000000036
2021-08-02,39146.69,4387.16,14681.07,19.46,1.2,112.6691,-7.484246616550649,-0.18445946098477606,0.05716475904087304,-0.00204135519359383,1.2200000000000024,-0.040000000000000036
2021-08-03,38207.27,4423.15,14761.29,18.04,1.19,112.8228,-2.429006060574679,0.8170019032652576,0.5449304913767605,0.1363242083670002,-1.4200000000000017,-0.010000000000000009
2021-08-04,39730,4402.66,14780.53,17.97,1.19,112.8953,3.9080758185289,-0.464320822964126,0.1302560419116361,0.0642394229733334,-0.07000000000000028,0
2021-08-05,40893.75,4429.1,14895.12,17.28,1.23,112.7674,2.887066980940567,0.5987499431546084,0.7722868381145886,-0.11335503270615277,-0.6899999999999977,0.040000000000000036
2021-08-06,42827.76,4436.52,14835.76,16.15,1.31,113.3088,4.620925083381877,0.16738821949289218,-0.3993159898140419,0.4789544719560723,-1.1300000000000026,0.08000000000000007
2021-08-09,46208.5,4432.35,14860.18,16.72,1.33,113.4521,7.597727337920546,-0.09403678951880323,0.16446696420153728,0.12638864907987823,0.5700000000000003,0.020000000000000018
2021-08-10,45565.76,4436.75,14788.09,16.79,1.36,113.4973,-1.4007206571056585,0.09922089864762285,-0.4863025199878024,0.0398326680728367,0.07000000000000028,0.030000000000000027
2021-08-11,45482.95,4447.7,14765.14,16.06,1.35,113.282,-0.18190268227602502,0.24649821979920716,-0.1553130037789785,-0.1898762935462983,-0.7300000000000004,-0.010000000000000009
2021-08-12,44454.37,4460.83,14816.26,15.59,1.36,113.2691,-2.287426061667297,0.2947738741944761,0.34562293121975785,-0.011388159239889006,-0.46999999999999886,0.010000000000000009
2021-08-13,47765.41,4468,14822.9,15.45,1.29,113.0615,7.18384675376722,0.1606033834480769,0.044805589032037574,-0.18344851135490003,-0.14000000000000057,-0.07000000000000006
2021-08-16,45930.71,4479.71,14793.76,16.12,1.26,113.1698,-3.9167780851776968,0.26174309818660646,-0.19678119952217799,0.09574272726444732,0.6700000000000017,-0.030000000000000027
2021-08-17,44718.51,4448.08,14656.18,17.91,1.26,113.6174,-2.674644665832915,-0.7085769790768026,-0.9343380725315598,0.39473178484765725,1.7899999999999991,0
2021-08-18,44735.2,4400.27,14525.91,21.57,1.27,113.6959,0.0373153895878886,-1.0806639720144062,-0.8928138137827446,0.06906767278520576,3.66,0.010000000000000009
2021-08-19,46736.74,4405.8,14541.79,21.67,1.24,114.1106,4.376991537676744,0.12559520255734924,0.10926218159550416,0.3640813217256955,0.10000000000000142,-0.030000000000000027
2021-08-20,49350.99,4441.67,14714.66,18.56,1.26,114.5009,5.442724732989035,0.8108577149078755,1.1817702550141362,0.34145297083423287,-3.110000000000003,0.020000000000000018
2021-08-23,49464.66,4479.53,14942.65,17.15,1.25,113.9418,0.23006487360603955,0.8487698356534068,1.5375264402717193,-0.4894891509636068,-1.4100000000000001,-0.010000000000000009
2021-08-24,47770.4,4486.23,15019.8,17.22,1.29,113.6795,-3.4852274381652393,0.14945751943340468,0.514979052137754,-0.23047062476511115,0.07000000000000028,0.040000000000000036
2021-08-25,48985.05,4496.19,15041.86,16.79,1.35,113.6322,2.5108948693755906,0.22176660815187432,0.14676504198209983,-0.04161686414088095,-0.4299999999999997,0.06000000000000005
2021-08-26,46770.6,4470,14945.81,18.84,1.34,113.7883,-4.62603491248359,-0.5841962859470584,-0.6405988092055281,0.13727876292133345,2.0500000000000007,-0.010000000000000009
2021-08-27,49082.04,4509.37,15129.5,16.39,1.31,113.3404,4.823838337921771,0.8769045552897481,1.2215487331692643,-0.39440245165183185,-2.4499999999999993,-0.030000000000000027
2021-08-30,46924.16,4528.79,15265.89,16.19,1.29,113.246,-4.49605023644466,0.42973414690568035,0.8974447467924307,-0.08332362883365363,-0.1999999999999993,-0.020000000000000018
2021-08-31,47065.73,4522.68,15259.24,16.48,1.3,113.1076,0.30124539365008474,-0.13500571571327669,-0.04357065870124188,-0.12228656159818385,0.28999999999999915,0.010000000000000009
2021-09-01,48889.19,4524.09,15309.38,16.11,1.31,112.8732,3.8011173304880685,0.031171346489777818,0.32804912335357983,-0.20745132689485857,-0.370000000000001,0.010000000000000009
2021-09-02,49273.33,4536.95,15331.18,16.41,1.29,112.7863,0.7826652390754418,0.283852816777852,0.1422950734474071,-0.07701869790164295,0.3000000000000007,-0.020000000000000018
2021-09-03,49919.31,4535.43,15363.52,16.41,1.33,112.5476,1.3024940811476426,-0.03350829692383428,0.21072049550348027,-0.21186345178065835,0,0.040000000000000036
2021-09-07,46943.82,4520.03,15374.33,18.14,1.38,112.9795,-6.145633425286867,-0.34012661634807984,0.07033673757703696,0.3830143055956192,1.7300000000000004,0.04999999999999982
2021-09-08,46022.48,4514.07,15286.64,17.96,1.35,113.2319,-1.9821594828954403,-0.13194454045599713,-0.5719991186765583,0.22315418651874808,-0.17999999999999972,-0.029999999999999805
2021-09-09,46414.58,4493.28,15248.25,18.8,1.3,113.043,0.8483661243637641,-0.4616238276287987,-0.2514501950223291,-0.1669650888220353,0.8399999999999999,-0.050000000000000044
2021-09-10,44897.75,4458.58,15115.49,20.95,1.35,112.9425,-3.3225951878057103,-0.7752617623131286,-0.8744696536652441,-0.08894376552968097,2.1499999999999986,0.050000000000000044
2021-09-13,44969.02,4468.73,15105.58,19.37,1.33,113.0341,0.15861261051597353,0.22739222394125846,-0.06558338507005601,0.08107034535163038,-1.5799999999999983,-0.020000000000000018
2021-09-14,47096.48,4443.05,15037.76,19.46,1.28,113.0061,4.622445538320541,-0.576317437780105,-0.4499840723562798,-0.02477435442296283,0.08999999999999986,-0.050000000000000044
2021-09-15,48106.71,4480.7,15161.53,18.18,1.31,112.9773,2.1223404799467716,0.8438206673245574,0.8196927345254679,-0.02548859797304459,-1.2800000000000011,0.030000000000000027
2021-09-16,47772.7,4473.75,15181.92,18.69,1.34,113.3036,-0.6967321788250658,-0.15523011230360595,0.13439475780785415,0.28840280038648913,0.5100000000000016,0.030000000000000027
2021-09-17,47337.8,4432.99,15043.97,20.81,1.37,113.5989,-0.9145215955475905,-0.9152683146432139,-0.9127999727112979,0.2602881561210246,2.1199999999999974,0.030000000000000027
2021-09-20,42991.14,4357.73,14713.9,25.71,1.31,113.9422,-9.631508272668832,-1.7123020373770004,-2.2184621217101963,0.3017479132200407,4.900000000000002,-0.06000000000000005
2021-09-21,40656.13,4354.19,14746.4,24.36,1.33,113.8179,-5.5844423818724565,-0.08126796836602779,0.22063599613186824,-0.10914994535093925,-1.3500000000000014,0.020000000000000018
2021-09-22,43544.09,4395.64,14896.85,20.87,1.32,113.6223,6.862436387193682,0.9474540664092146,1.0150796005497398,-0.17200129811936193,-3.4899999999999984,-0.010000000000000009
2021-09-23,44892.71,4448.98,15052.24,18.63,1.41,113.513,3.050143275983608,1.2061715863250555,1.0377036123704997,-0.0962422031596688,-2.240000000000002,0.08999999999999986
2021-09-24,42816.65,4455.48,15047.7,17.75,1.47,113.7597,-4.734837513329815,0.14599428049599794,-0.030166173317525136,0.21709611131726092,-0.879999999999999,0.06000000000000005
2021-09-27,42214.52,4443.11,14969.97,18.76,1.48,113.7432,-1.4162807940349964,-0.27802175328766054,-0.5178961174340913,-0.01450530962801011,1.0100000000000016,0.010000000000000009
2021-09-28,41006.19,4352.63,14546.68,23.25,1.54,114.2469,-2.904120677244393,-2.057432158747474,-2.868340553488835,0.44186201026112926,4.489999999999998,0.06000000000000005
2021-09-29,41522.49,4359.46,14512.44,22.56,1.55,114.7092,1.2512177239312194,0.15679363733056562,-0.2356576238085495,0.40383342332530603,-0.6900000000000013,0.010000000000000009
2021-09-30,43834.03,4307.54,14448.58,23.14,1.52,114.6403,5.4175248201826065,-1.198122097381571,-0.4410072815092647,-0.06008297560953224,0.5800000000000018,-0.030000000000000027
2021-10-01,48145.34,4357.04,14566.7,21.15,1.48,114.3798,9.381389630798864,1.1425952216360002,0.8141961926890318,-0.22749104759389738,-1.990000000000002,-0.040000000000000036
2021-10-04,49248.68,4300.46,14255.48,22.96,1.49,114.2739,2.2658212560941138,-1.307093399993775,-2.15967075669532,-0.0926291659150813,1.8100000000000023,0.010000000000000009
2021-10-05,51441.74,4345.72,14433.83,21.3,1.54,114.3654,4.35673399453087,1.0469458977262036,1.2433362640354773,0.08003873777138182,-1.6600000000000001,0.050000000000000044
2021-10-06,55278.64,4363.55,14501.91,21,1.53,114.7185,7.19366719569603,0.4094493547635025,0.47056080558594005,0.30827158052559867,-0.3000000000000007,-0.010000000000000009
2021-10-07,53844.74,4399.76,14654.02,19.54,1.58,114.5044,-2.628185703644448,0.8264047735016433,1.0434335662312222,-0.18680512484623435,-1.4600000000000009,0.050000000000000044
2021-10-08,53983.21,4391.34,14579.54,18.77,1.61,114.5986,0.2568352196576029,-0.1915574290977773,-0.5095524537697571,0.08223375975733305,-0.7699999999999996,0.030000000000000027
2021-10-12,56019.29,4350.65,14465.92,19.85,1.59,114.7542,3.702302341580044,-0.9309160465932109,-0.7823637811180006,0.1356861776900864,1.0800000000000018,-0.020000000000000018
2021-10-13,57372.59,4363.8,14571.64,18.64,1.56,114.4705,2.3870567434540746,0.30179781813099993,0.7281635724581292,-0.24753017005165745,-1.2100000000000009,-0.030000000000000027
2021-10-14,57327.09,4438.26,14823.43,16.86,1.52,114.2053,-0.0793376274225821,1.6919170336134215,1.7131863155899651,-0.23194419251524323,-1.7800000000000011,-0.040000000000000036
2021-10-15,61682.48,4471.37,14897.34,16.3,1.59,114.0905,7.322664910249443,0.7432441620920827,0.4973636440752216,-0.10057128486486988,-0.5599999999999987,0.07000000000000006
2021-10-18,62036.95,4486.46,15021.81,16.31,1.59,113.9899,0.5730239299307271,0.3369122716966544,0.8320471543470376,-0.08821451253480106,0.00999999999999801,0
2021-10-19,64353.53,4519.63,15129.09,15.7,1.65,113.647,3.666161352366437,0.7366160006043287,0.7116235517244718,-0.3012694860596632,-0.6099999999999994,0.05999999999999983
2021-10-20,66005.17,4536.19,15121.68,15.49,1.65,113.5083,2.534128349942044,0.36573205869530057,-0.048990489486477884,-0.12211911167119283,-0.20999999999999908,0
2021-10-21,62152.09,4549.78,15215.7,15.01,1.68,113.6188,-6.014862658197906,0.29914274720983514,0.6198313830227065,0.09730235512908081,-0.4800000000000004,0.030000000000000027
2021-10-22,60671.75,4544.9,15090.2,15.43,1.66,113.67,-2.4106259602694635,-0.10731549583589128,-0.8282263017944658,0.04505281462705568,0.41999999999999993,-0.020000000000000018
2021-10-25,63102.83,4566.48,15226.71,15.24,1.64,113.605,3.9287431879596824,0.4736942230948671,0.9005596057610532,-0.05719942956528001,-0.1899999999999995,-0.020000000000000018
2021-10-26,60341.21,4574.79,15235.71,15.98,1.63,113.674,-4.475033142411711,0.181812861650954,0.05908920080468505,0.06071832603966598,0.7400000000000002,-0.010000000000000009
2021-10-27,58517.61,4551.68,15235.84,16.98,1.54,113.6218,-3.0687551982961025,-0.5064400451443518,8.532549212958429e-4,-0.04593133785819603,1,-0.08999999999999986
2021-10-28,60577.62,4596.42,15448.12,16.53,1.57,113.4389,3.459778335426833,0.9781344040089124,1.383676597463257,-0.16110233039716704,-0.4499999999999993,0.030000000000000027
2021-10-29,62316.4,4605.38,15498.39,16.26,1.55,114.1349,2.8299115592837154,0.1947445680576365,0.3248834470596762,0.6116716159972668,-0.2699999999999996,-0.020000000000000018
2021-11-01,60950,4613.67,15595.92,16.41,1.58,114.2067,-2.217077759953412,0.17984504334940254,0.6273194024307926,0.06288823619202688,0.14999999999999858,0.030000000000000027
2021-11-02,63357.2,4630.65,15649.6,16.03,1.56,114.2847,3.8734698683207114,0.36736112761168727,0.34360159672868207,0.06827390705286263,-0.379999999999999,-0.020000000000000018
2021-11-03,62944.4,4660.57,15811.58,15.1,1.6,114.3593,-0.6536757568920137,0.6440511240473512,1.0297225422837286,0.06525428408101774,-0.9300000000000015,0.040000000000000036
2021-11-04,61499.24,4680.06,15940.31,15.44,1.53,114.3558,-2.3226980029029676,0.41731721062596705,0.810853812576795,-0.003060576236801893,0.33999999999999986,-0.07000000000000006
2021-11-05,61000.01,4697.53,15971.59,16.48,1.45,114.0732,-0.8150788904812245,0.37259083006286886,0.19603978464353133,-0.24742930554007003,1.040000000000001,-0.08000000000000007
2021-11-08,67510.06,4701.7,15982.36,17.22,1.51,113.8256,10.140259570288102,0.0887306784404629,0.06740950904564613,-0.21728951395942886,0.7399999999999984,0.06000000000000005
2021-11-09,66967.98,4685.25,15886.54,17.78,1.46,113.762,-0.8062029102996249,-0.3504869385574594,-0.6013404211985929,-0.0558905684277633,0.5600000000000023,-0.050000000000000044
2021-11-10,64896.86,4646.71,15622.71,18.73,1.56,114.1484,-3.141535429436537,-0.8259833757376711,-1.6746584946103482,0.3390809460404043,0.9499999999999993,0.10000000000000009
2021-11-12,64158.51,4682.85,15860.96,16.29,1.58,114.5144,-1.1442500316666937,0.7747456636613137,1.513511912765786,0.32012230459761426,-2.4400000000000013,0.020000000000000018
2021-11-15,63441.68,4682.8,15853.85,16.49,1.63,114.5876,-1.1235681405612041,-0.0010677315508189622,-0.04483709736309294,0.06390167042704675,0.1999999999999993,0.04999999999999982
2021-11-16,60147.32,4700.9,15973.86,16.37,1.63,115.136,-5.332417254136423,0.38577581225869295,0.7541263179371427,0.4774442345016894,-0.11999999999999744,0
2021-11-17,60314.28,4688.67,15921.57,17.11,1.6,115.0263,0.27720054674738037,-0.26050195943359,-0.327884257065314,-0.09532404595082866,0.7399999999999984,-0.029999999999999805
2021-11-18,57017.38,4704.54,15993.71,17.59,1.59,115.0678,-5.621275797812508,0.33790397745132594,0.45207263016457944,0.03607219867873823,0.4800000000000004,-0.010000000000000009
2021-11-19,58187.85,4697.96,16057.44,17.91,1.54,115.2187,2.0320436417840426,-0.1399627987058949,0.39767736252436237,0.13105416218293087,0.3200000000000003,-0.050000000000000044
2021-11-22,56254.57,4682.94,15854.76,19.17,1.63,115.6481,-3.378928782796642,-0.3202254119567982,-1.2702522876091749,0.3719898185074122,1.2600000000000016,0.08999999999999986
2021-11-23,57599.99,4690.7,15775.14,19.38,1.67,116.0118,2.3635111861896263,0.1655707232783854,-0.5034487505245266,0.3139950408495906,0.2099999999999973,0.040000000000000036
2021-11-24,57255.24,4701.46,15845.23,18.58,1.64,116.2711,-0.6003227460558591,0.22912737234968006,0.4433225467805002,0.2232623302955261,-0.8000000000000007,-0.030000000000000027
2021-11-26,53839.39,4594.62,15491.66,28.62,1.48,116.5103,-6.151381122414357,-2.29870449732843,-2.256669405718803,0.20551477411085983,10.040000000000003,-0.15999999999999992
2021-11-29,57828.33,4655.27,15782.83,22.96,1.52,116.581,7.1473438602023265,1.311385739268367,1.8620825675546016,0.06066292664561601,-5.66,0.040000000000000036
2021-11-30,56879.47,4567,15537.69,27.19,1.43,116.2071,-1.6544326418632238,-1.9143376992335703,-1.5653955034412803,-0.3212366281026391,4.23,-0.09000000000000008
2021-12-01,57228.47,4513.04,15254.05,31.12,1.43,115.889,0.6117034243937169,-1.1885550113429844,-1.8423643676106494,-0.2741107663376319,3.9299999999999997,0
2021-12-02,56566.29,4577.1,15381.32,27.95,1.44,116.018,-1.163827709310894,1.4094625715696196,0.8308744576963178,0.11125150452997445,-3.1700000000000017,0.010000000000000009
2021-12-03,53681.96,4538.43,15085.47,30.67,1.35,116.2377,-5.2336220075721585,-0.8484472537633181,-1.9421757238484716,0.18918809357915123,2.7200000000000024,-0.08999999999999986
2021-12-06,50588.91,4591.67,15225.15,27.18,1.43,116.1538,-5.934462235281579,1.166265505592179,0.921663686025731,-0.07220574215942577,-3.490000000000002,0.07999999999999985
2021-12-07,50676.09,4686.75,15686.92,21.89,1.48,115.8555,0.17218194151631394,2.0495586171746183,2.9878578332786176,-0.2571450061459757,-5.289999999999999,0.050000000000000044
2021-12-08,50531.51,4701.21,15786.99,19.9,1.52,115.4418,-0.2857099631860649,0.30805438956171827,0.635893901985618,-0.35772180752555727,-1.990000000000002,0.040000000000000036
2021-12-09,47639.07,4667.45,15517.37,21.58,1.49,115.7784,-5.894387920902666,-0.7207038387209153,-1.7226141484391277,0.2911512383236392,1.6799999999999997,-0.030000000000000027
2021-12-10,47268.48,4712.02,15630.6,18.69,1.48,115.5732,-0.7809534299125787,0.9503806818878857,0.7270489780099254,-0.1773923792274701,-2.889999999999997,-0.010000000000000009
2021-12-13,46639.86,4668.97,15413.28,20.31,1.42,115.842,-1.3388148264382949,-0.9178200213042942,-1.4001055930114248,0.23230982311277515,1.6199999999999974,-0.06000000000000005
2021-12-14,48343.16,4634.09,15237.64,21.89,1.44,116.2397,3.586920311007802,-0.7498643121873982,-1.1460792858329683,0.34272447097905,1.5800000000000018,0.020000000000000018
2021-12-15,48885.97,4709.85,15565.58,19.29,1.47,116.4219,1.1165699815700592,1.6216212899903937,2.129338366550293,0.15662235387843282,-2.6000000000000014,0.030000000000000027
2021-12-16,47605.48,4668.67,15180.43,20.57,1.44,115.7146,-2.6542562586945095,-0.8781825842753221,-2.5054967977578,-0.6093847273444197,1.2800000000000011,-0.030000000000000027
2021-12-17,46240.15,4620.64,15169.68,21.57,1.41,115.791,-2.9099412357803445,-1.0341010906644854,-0.07083994390502113,0.06600272544030616,1,-0.030000000000000027
2021-12-20,46963.71,4568.02,14980.94,22.87,1.43,116.0092,1.5526707502894865,-1.1453373010201773,-1.2519972418825631,0.18826563950247177,1.3000000000000007,0.020000000000000018
2021-12-21,48954.47,4649.23,15341.09,21.01,1.48,116.1089,4.1515506672016755,1.7621763861807693,2.3756123023197517,0.08590455128762997,-1.8599999999999994,0.050000000000000044
2021-12-22,48646.94,4696.56,15521.89,18.63,1.46,115.7485,-0.6301774077398292,1.012871135227833,1.1716436213877301,-0.3108809900076892,-2.3800000000000026,-0.020000000000000018
2021-12-23,50840.46,4725.79,15653.37,17.96,1.5,115.5337,4.410358587301566,0.6204416895323916,0.8434943576860476,-0.1857471623485374,-0.6699999999999982,0.040000000000000036
2021-12-27,50663.26,4791.19,15871.26,17.68,1.48,115.4684,-0.3491501198462643,1.3744072068897495,1.3823697203694252,-0.05653628407653599,-0.28000000000000114,-0.020000000000000018
2021-12-28,47594.55,4786.35,15781.72,17.54,1.49,115.4192,-6.248273419165251,-0.10106980314379399,-0.5657618261391661,-0.042618140380579206,-0.14000000000000057,0.010000000000000009
2021-12-29,46518.8,4793.06,15766.22,16.95,1.55,115.3678,-2.286172692298827,0.14009215802239794,-0.09826315916150463,-0.04454323757387968,-0.5899999999999999,0.06000000000000005
2021-12-30,47097.85,4778.73,15741.56,17.33,1.52,115.283,1.237082046118232,-0.29942175300767815,-0.15653279942444698,-0.07353107279133297,0.379999999999999,-0.030000000000000027
2021-12-31,46244.63,4766.18,15644.97,17.22,1.52,NA,-1.828200331284613,-0.26296753415451235,-0.6154889051044776,NA,-0.10999999999999943,0
2022-01-03,46519.76,4796.56,15832.8,16.6,1.63,115.4101,0.5931819456529652,0.6353848835551901,1.1934278021168865,NA,-0.6199999999999974,0.10999999999999988
2022-01-04,45889.4,4793.54,15622.72,16.91,1.66,115.3103,-1.3643014988474533,-0.0629816185405474,-1.3357472619528465,-0.08651164459179128,0.3099999999999987,0.030000000000000027
2022-01-05,43422.85,4700.58,15100.17,19.73,1.71,115.137,-5.524835332638389,-1.958327277580274,-3.4020262939455037,-0.15040317909447154,2.8200000000000003,0.050000000000000044
2022-01-06,43133.33,4696.05,15080.86,19.61,1.73,115.4046,-0.6689784131994614,-0.09641755290861198,-0.12796119042235432,0.23214909602593536,-0.120000000000001,0.020000000000000018
2022-01-07,41656.16,4677.03,14935.9,18.76,1.76,115.0451,-3.4846759282421758,-0.40584367372051844,-0.9658679147413807,-0.311998923517276,-0.8499999999999979,0.030000000000000027
2022-01-10,41872.47,4670.29,14942.83,19.4,1.78,115.2216,0.517931357303425,-0.14421248375171558,0.04638751462504587,0.15330052896587176,0.639999999999997,0.020000000000000018
2022-01-11,42771.24,4713.07,15153.45,18.41,1.75,114.8332,2.1237343693313093,0.9118332112992178,1.3996642672497117,-0.33765900039810504,-0.9899999999999984,-0.030000000000000027
2022-01-12,43884.25,4726.35,15188.39,17.62,1.74,114.355,2.5689571673272127,0.2813734056029915,0.23030914040909067,-0.41729957645593174,-0.7899999999999991,-0.010000000000000009
2022-01-13,42617.64,4659.03,14806.81,20.31,1.7,114.177,-2.928723370309605,-1.4345962458905959,-2.5444110131356723,-0.1557769030116063,2.6899999999999977,-0.040000000000000036
2022-01-14,43158.68,4662.85,14893.75,19.19,1.78,114.3825,1.2615303975243464,0.08195772127130851,0.5854451789419457,0.17982193291050663,-1.1199999999999974,0.08000000000000007
2022-01-18,42411.61,4577.11,14506.9,22.79,1.87,114.7373,-1.746141053771133,-1.8559054584436296,-2.6317263555869275,0.30970722181073995,3.599999999999998,0.09000000000000008
2022-01-19,41723.49,4532.76,14340.26,23.85,1.83,114.6109,-1.6357865952450368,-0.9736769104655707,-1.1553432200123837,-0.11022542387308931,1.0600000000000023,-0.040000000000000036
2022-01-20,40696.22,4482.73,14154.02,25.59,1.83,114.4642,-2.492906611556478,-1.1098789654239383,-1.307228342820821,-0.12808028463551224,1.7399999999999984,0
2022-01-21,36513.29,4397.94,13768.92,28.85,1.75,114.6125,-10.845890953687665,-1.9095986358635741,-2.7584804388599338,0.12947630266859633,3.2600000000000016,-0.08000000000000007
2022-01-24,36643.49,4410.13,13855.13,29.9,1.75,115.2034,0.35594824558575766,0.27679180076169985,0.6241682873071142,0.5142388339134385,1.0499999999999972,0
2022-01-25,36976.64,4356.45,13539.29,31.16,1.78,115.1654,0.9050575545147765,-1.2246661962160843,-2.305973227897873,-0.032990578884461996,1.2600000000000016,0.030000000000000027
2022-01-26,36838.9,4349.93,13542.12,31.96,1.85,115.0922,-0.37320098144384417,-0.149775250307016,0.020899945832297817,-0.06358096537617541,0.8000000000000007,0.07000000000000006
2022-01-27,37139.68,4326.51,13352.78,30.49,1.81,115.978,0.8131587747808311,-0.5398540617997938,-1.4080225476773123,0.7666971674587408,-1.4700000000000024,-0.040000000000000036
2022-01-28,37677.8,4431.85,13770.57,27.66,1.78,116.0393,1.4385121751667285,2.4055891707797983,3.0809103351597145,0.05284088852546276,-2.8299999999999983,-0.030000000000000027
2022-01-31,38430.3,4515.55,14239.88,24.83,1.79,115.566,1.977514935581226,1.8709891511397458,3.3512772762676946,-0.40871315022483756,-2.830000000000002,0.010000000000000009
2022-02-01,38745.11,4546.54,14346,21.96,1.81,115.3685,0.8158343340360474,0.6839508503304614,0.7424678722211198,-0.17104421223397281,-2.8699999999999974,0.020000000000000018
2022-02-02,36905.98,4589.38,14417.55,22.09,1.78,115.1538,-4.863095675105633,0.9378434574516703,0.49750568048043675,-0.18627270513924543,0.129999999999999,-0.030000000000000027
2022-02-03,37238.31,4477.44,13878.82,24.35,1.82,114.9065,0.8964472531848955,-2.469348416817496,-3.8082277453538538,-0.21498719705288494,2.2600000000000016,0.040000000000000036
2022-02-04,41545.39,4500.53,14098.01,23.22,1.93,115.1362,10.94484944154388,0.5143713090857815,1.5669715616395408,0.19970212168329837,-1.1300000000000026,0.10999999999999988
2022-02-07,43897.96,4483.87,14015.67,22.86,1.92,115.0098,5.508128526898126,-0.37086548006097786,-0.5857663275591563,-0.10984332789538698,-0.35999999999999943,-0.010000000000000009
2022-02-08,44147.59,4521.54,14194.45,21.44,1.96,115.0892,0.5670489170492843,0.8366130962778939,1.2675053740638376,0.06901377507206874,-1.4199999999999982,0.040000000000000036
2022-02-09,44402.94,4587.18,14490.37,19.96,1.94,114.8232,0.5767344538600838,1.4412812398356678,2.063324772125341,-0.231392581423151,-1.4800000000000004,-0.020000000000000018
2022-02-10,43477.29,4504.08,14185.64,23.91,2.03,114.5527,-2.106695065852904,-1.8281803510330263,-2.125410553269802,-0.23585749452887939,3.9499999999999993,0.08999999999999986
2022-02-11,42391.54,4418.64,13791.15,27.36,1.92,114.8413,-2.5289918776064013,-1.9151696234066762,-2.820310323376418,0.25161961713591197,3.4499999999999993,-0.10999999999999988
2022-02-14,42572.56,4401.67,13790.92,28.33,1.98,115.1946,0.4261100250525729,-0.3847942065318577,-0.0016677500999762174,0.30716968768054187,0.9699999999999989,0.06000000000000005
2022-02-15,44469.73,4471.07,14139.76,25.7,2.05,114.93,4.3598818717159205,1.564373921237383,2.4980282607756976,-0.22996247824558225,-2.629999999999999,0.06999999999999984
2022-02-16,43897.22,4475.01,14124.09,24.29,2.03,114.6886,-1.2957740659643946,0.08808327792149129,-0.11088370201193243,-0.21026178971199627,-1.4100000000000001,-0.020000000000000018
2022-02-17,40553.82,4380.26,13716.72,28.11,1.97,114.6755,-7.922101152563421,-2.1400503004024074,-2.926632351711689,-0.01142288615723075,3.8200000000000003,-0.05999999999999983
2022-02-18,39993.11,4348.87,13548.07,27.75,1.92,114.7982,-1.392279153281173,-0.7192042117619479,-1.2371424904793926,0.10694036980583022,-0.35999999999999943,-0.050000000000000044
2022-02-22,38261.46,4304.76,13381.52,28.81,1.94,114.7002,-4.426406603498556,-1.0194654042816609,-1.2369451117018926,-0.08540365070661693,1.0599999999999987,0.020000000000000018
2022-02-23,37225,4225.5,13037.49,31.02,1.99,114.6668,-2.746254467214193,-1.858379019433265,-2.6045597331069814,-0.02912363176568178,2.210000000000001,0.050000000000000044
2022-02-24,38367.61,4288.7,13473.59,30.32,1.96,115.9419,3.0233035502769567,1.484605971153563,3.2902419792797843,1.105867206878397,-0.6999999999999993,-0.030000000000000027
2022-02-25,39212.8,4384.65,13694.62,27.59,1.97,115.2577,2.1789610036300644,2.212614836475524,1.6271581875850316,-0.5918712639284784,-2.7300000000000004,0.010000000000000009
2022-02-28,43206.02,4373.94,13751.4,30.15,1.83,115.2224,9.697661328420537,-0.24456003393247272,0.41375821342519714,-0.030631712044559833,2.5599999999999987,-0.1399999999999999
2022-03-01,44412.2,4306.26,13532.46,33.32,1.72,115.7962,2.7534369075929988,-1.5594426756136315,-1.6049393273686263,0.49675755974822877,3.1700000000000017,-0.1100000000000001
2022-03-02,43862.75,4386.54,13752.02,30.74,1.86,115.7623,-1.2448765946663443,1.8470983448990452,1.6094478575812587,-0.029279858214881216,-2.580000000000002,0.14000000000000012
2022-03-03,42432,4363.49,13537.94,30.48,1.86,115.9495,-3.3162645959217585,-0.5268565551901361,-1.5689608306082903,0.16158006690094595,-0.259999999999998,0
2022-03-04,39205.77,4328.87,13313.44,31.98,1.74,116.6503,-7.9078864721385145,-0.7965657901415568,-1.6722062801832749,0.6025818771395741,1.5,-0.1200000000000001
2022-03-07,38004.69,4201.09,12830.96,36.45,1.78,117.3278,-3.1114356678747512,-2.9962522550535553,-3.6913050847394047,0.5791156466950831,4.470000000000002,0.040000000000000036
2022-03-08,38724.21,4170.7,12795.55,35.13,1.86,117.6176,1.875541267334846,-0.7260127998096166,-0.276354622896946,0.24669574034978936,-1.3200000000000003,0.08000000000000007
2022-03-09,41985.86,4277.88,13255.55,32.45,1.94,116.5961,8.086790909514363,2.5373672345635256,3.5318878426952693,-0.8722858457937299,-2.6799999999999997,0.07999999999999985
2022-03-10,39454.87,4259.52,13129.96,30.23,1.98,116.7401,-6.217540785710263,-0.4301081899390269,-0.9519690804507874,0.12342707070835957,-2.2200000000000024,0.040000000000000036
2022-03-11,38670.76,4204.31,12843.81,30.75,2,117.0192,-2.0073728170427074,-1.304628828451193,-2.2034658633128146,0.23879275188081195,0.5199999999999996,0.020000000000000018
2022-03-14,39644.88,4173.11,12581.22,31.77,2.14,117.1506,2.487805095214135,-0.7448628397105139,-2.065675731606653,0.11222626811075997,1.0199999999999996,0.14000000000000012
2022-03-15,39361.36,4262.45,12948.62,29.83,2.15,117.246,-0.7177185423723031,2.118255114065626,2.8783992858290475,0.08140050262479548,-1.9400000000000013,0.009999999999999787
2022-03-16,41109.85,4357.86,13436.55,26.67,2.19,116.8073,4.346312772322136,2.21369988429565,3.6989386953596437,-0.3748723164778589,-3.1599999999999966,0.040000000000000036
2022-03-17,40964.07,4411.67,13614.78,25.67,2.2,116.0467,-0.35524111266376224,1.2272191404502308,1.317736163235672,-0.6532872143905522,-1,0.010000000000000231
2022-03-18,41806.03,4463.12,13893.84,23.87,2.14,116.1378,2.034524647044833,1.1594770446318847,2.0289609095561545,0.07847208118958449,-1.8000000000000007,-0.06000000000000005
2022-03-21,41009.98,4461.18,13838.46,23.53,2.32,115.9398,-1.9225135781759661,-0.043476799985597836,-0.399390412011158,-0.1706326229162336,-0.33999999999999986,0.17999999999999972
2022-03-22,42359.88,4511.61,14108.82,22.94,2.38,116.0824,3.238623615008507,1.1240769260245642,1.9348461413407847,0.12291928785668205,-0.5899999999999999,0.06000000000000005
2022-03-23,42940.28,4456.24,13922.6,23.57,2.32,116.005,1.3608625287966802,-1.2348713151043356,-1.328671466152187,-0.0666990132764056,0.629999999999999,-0.06000000000000005
2022-03-24,43979.48,4520.16,14191.84,21.67,2.34,115.9599,2.391284834458496,1.4242030309045361,1.9153732472556584,-0.03888519389638745,-1.8999999999999986,0.020000000000000018
2022-03-25,44355.11,4543.06,14169.3,20.81,2.48,115.7921,0.8504760459901561,0.5053402374178617,-0.1589499205294942,-0.14480999458301724,-0.860000000000003,0.14000000000000012
2022-03-28,47191.31,4575.52,14354.9,19.63,2.46,116.1911,6.198184351120339,0.7119559648820939,1.301369499368299,0.3439907660951924,-1.1799999999999997,-0.020000000000000018
2022-03-29,47430.74,4631.6,14619.64,18.9,2.41,115.5679,0.5060776235822573,1.218202728525597,1.8274482880551446,-0.5378013385184843,-0.7300000000000004,-0.04999999999999982
2022-03-30,47022.82,4602.45,14442.27,19.33,2.35,115.0818,-0.8637525915011324,-0.6313610350948906,-1.2206506889679503,-0.4215056162649944,0.4299999999999997,-0.06000000000000005
2022-03-31,45475.83,4530.41,14220.52,20.56,2.32,115.2218,-3.345203976815192,-1.577632727939715,-1.5473331405495117,0.12157866159707709,1.2300000000000004,-0.03000000000000025
2022-04-01,46222.43,4545.86,14261.5,19.63,2.39,115.4814,1.62842020829288,0.34044855260564333,0.2877606874674754,0.2250511562635893,-0.9299999999999997,0.07000000000000028
2022-04-04,46568.89,4582.64,14532.55,18.57,2.42,115.4112,0.7467543516010977,0.805832262263273,1.8827362356748978,-0.060807494188264144,-1.0599999999999987,0.029999999999999805
2022-04-05,45449.25,4525.12,14204.17,21.03,2.54,115.73,-2.4336402786090616,-1.2631155137048822,-2.285537768289281,0.27584887692251314,2.460000000000001,0.1200000000000001
2022-04-06,43206.04,4481.15,13888.82,22.1,2.61,115.9995,-5.061601854546893,-0.9764386222700594,-2.2451383515027956,0.23259888922613214,1.0700000000000003,0.06999999999999984
2022-04-07,43432.08,4500.21,13897.3,21.55,2.66,116.3512,0.52180382696001,0.42443524395103793,0.06103767106218072,0.302732265150496,-0.5500000000000007,0.050000000000000266
2022-04-08,42281.5,4488.28,13711,21.16,2.72,116.4176,-2.6848700421318483,-0.2654507487976687,-1.3496146289885047,0.05705232127422022,-0.39000000000000057,0.06000000000000005
2022-04-11,39615.2,4412.53,13411.96,24.37,2.79,116.5401,-6.513675514281481,-1.7021333762949453,-2.205158417880071,0.10516931725463863,3.210000000000001,0.06999999999999984
2022-04-12,40105.2,4397.45,13371.57,24.26,2.72,116.3866,1.2293118718650575,-0.34233936348684324,-0.30160349003427456,-0.13180113934652127,-0.10999999999999943,-0.06999999999999984
2022-04-13,41101.04,4446.59,13643.59,21.82,2.7,116.2796,2.452742360248017,1.1112682823132047,2.013900297076354,-0.09197726832974595,-2.4400000000000013,-0.020000000000000018
2022-04-14,39910.05,4392.59,13351.08,22.7,2.83,116.7558,-2.940525343959699,-1.2218479951524586,-2.167253381561274,0.4086938403633944,0.879999999999999,0.1299999999999999
2022-04-18,40817.48,4391.69,13332.36,22.17,2.85,116.8441,2.2482249153449985,-0.020491150171686456,-0.14031176693283243,0.0755993510318298,-0.5299999999999976,0.020000000000000018
2022-04-19,41480.25,4462.21,13619.66,21.37,2.93,117.1324,1.6106989311978737,1.593004016149635,2.1320174339301445,0.24643512994213523,-0.8000000000000007,0.08000000000000007
2022-04-20,41350.25,4459.45,13453.07,20.32,2.85,116.7306,-0.313894294349204,-0.0618718957692721,-1.2307004330249782,-0.34362032074692905,-1.0500000000000007,-0.08000000000000007
2022-04-21,40464.52,4393.66,13174.65,22.68,2.9,117.1432,-2.1652926626378743,-1.486284731647558,-2.0912804180586164,0.35284023097883477,2.3599999999999994,0.04999999999999982
2022-04-22,39708.2,4271.78,12839.29,28.21,2.9,118.0186,-1.8867825291057017,-2.813199052103066,-2.5784527826880677,0.7445121134488808,5.530000000000001,0
2022-04-25,40490.41,4296.12,13004.85,27.02,2.81,118.6271,1.9507440466627557,0.5681687572860028,1.2812364025942102,0.5142720456039029,-1.1900000000000013,-0.08999999999999986
2022-04-26,38102.78,4175.2,12490.74,33.52,2.77,118.9624,-6.077791059978921,-2.8550028430272434,-4.0334795028377,0.2822517178580064,6.5000000000000036,-0.040000000000000036
2022-04-27,39188.42,4183.96,12488.93,31.6,2.82,119.4708,2.8094049641525842,0.20959051404112472,-0.014491784744663505,0.42645132513685624,-1.9200000000000017,0.04999999999999982
2022-04-28,39737.71,4287.5,12871.53,29.99,2.85,120.0675,1.3919315912108488,2.4445646004581434,3.0175243728216117,0.49820945897751656,-1.610000000000003,0.03000000000000025
2022-04-29,38597.17,4131.93,12334.64,33.4,2.89,119.4933,-2.912165318281801,-3.6959202326858787,-4.260633135092995,-0.4793781784073303,3.41,0.040000000000000036
2022-05-02,38488.36,4155.38,12536.02,32.34,2.99,119.8825,-0.2823099802700568,0.5659270037375208,1.619453614749311,0.3251793564388983,-1.0599999999999952,0.10000000000000009
2022-05-03,37708.41,4175.48,12563.76,29.25,2.97,119.7043,-2.0472711419071032,0.4825441551572496,0.22103788395195778,-0.14875613586449177,-3.0900000000000034,-0.020000000000000018
2022-05-04,39671.83,4300.17,12964.86,25.42,2.93,119.5592,5.075821754043552,2.942523504760608,3.142614133200361,-0.121288886761306,-3.8299999999999983,-0.040000000000000036
2022-05-05,36516.79,4146.87,12317.69,31.2,3.05,120.0068,-8.286920921863938,-3.630072399124984,-5.120618010415079,0.37367616509378365,5.779999999999998,0.11999999999999966
2022-05-06,36013.22,4123.34,12144.66,30.19,3.12,119.8577,-1.388606155212635,-0.5690318260649363,-1.4146873522479453,-0.12432020511869979,-1.009999999999998,0.07000000000000028
2022-05-09,30176.73,3991.24,11623.25,34.75,3.05,120.4972,-17.681499569992276,-3.2561554986877184,-4.388216449548743,0.5321310354183595,4.559999999999999,-0.07000000000000028
2022-05-10,30961.83,4001.05,11737.67,32.99,2.99,120.7742,2.568405793298645,0.2454867109817016,0.9795925415490458,0.22961703849233572,-1.759999999999998,-0.05999999999999961
2022-05-11,29027.82,3935.18,11364.24,32.56,2.91,120.3925,-6.450047501462031,-1.6600202520525187,-3.233174482946133,-0.31654479554710235,-0.4299999999999997,-0.08000000000000007
2022-05-12,28959.93,3930.08,11370.96,31.77,2.84,121.2796,-0.23415300996756372,-0.12968422441890226,0.05911538227678648,0.734138515992111,-0.7900000000000027,-0.07000000000000028
2022-05-13,29292.4,4023.89,11805,28.87,2.93,120.8442,1.1414946323691666,2.3589314531626826,3.74604336215949,-0.35965111180384923,-2.8999999999999986,0.0900000000000003
2022-05-16,29854.67,4008.01,11662.79,27.47,2.88,120.6881,1.9013179801765645,-0.3954237650276582,-1.2119738649589706,-0.12925809238257813,-1.4000000000000021,-0.050000000000000266
2022-05-17,30391.04,4088.85,11984.52,26.1,2.98,119.8871,1.7806551613652744,1.9968898134441915,2.721238513385771,-0.6659065106486395,-1.3699999999999974,0.10000000000000009
2022-05-18,28762.93,3923.68,11418.15,30.96,2.89,120.0274,-5.506042285516877,-4.123376798544065,-4.841162241410402,0.1169583464053936,4.859999999999999,-0.08999999999999986
2022-05-19,30258.84,3900.79,11388.5,29.35,2.84,119.4278,5.070096791906664,-0.5850892213604908,-0.26001202898608966,-0.5008045372908221,-1.6099999999999994,-0.050000000000000266
2022-05-20,29138.15,3901.36,11354.62,29.43,2.78,119.3677,-3.7740061055165697,0.014611357151927962,-0.29793647539673174,-0.05033595797989676,0.0799999999999983,-0.06000000000000005
2022-05-23,29095.68,3973.75,11535.27,28.48,2.86,118.7169,-0.14586025864922192,1.838502294652855,1.5784588810070943,-0.546697788027295,-0.9499999999999993,0.08000000000000007
2022-05-24,29605.66,3941.48,11264.45,29.45,2.76,118.6245,1.7375849717868874,-0.8153945948249586,-2.375754947209785,-0.07786252602208776,0.9699999999999989,-0.10000000000000009
2022-05-25,29487.83,3978.73,11434.74,28.37,2.75,118.9598,-0.3987923412863026,0.9406385602540368,1.500434110414517,0.28225789550049285,-1.0799999999999983,-0.009999999999999787
2022-05-26,29160.96,4057.84,11740.65,27.5,2.75,118.7687,-1.1146807444632145,1.9688139439344,2.640108913053041,-0.16077167118133673,-0.870000000000001,0
2022-05-27,28608.55,4158.24,12131.13,25.72,2.74,118.2834,-1.9125204211448477,2.4441095491292586,3.271769694145199,-0.4094464280128385,-1.7800000000000011,-0.009999999999999787
2022-05-31,31804.27,4132.15,12081.39,26.19,2.85,118.0704,10.589493330358124,-0.6294055196399029,-0.41086239656884516,-0.18023831870896956,0.4700000000000024,0.10999999999999988
2022-06-01,29779.16,4101.23,11994.46,25.69,2.94,118.6954,-6.579173749357103,-0.7510923912143141,-0.7221375591758061,0.5279490971410894,-0.5,0.08999999999999986
2022-06-02,30428.98,4176.82,12316.9,24.72,2.92,118.0658,2.158662378620768,1.8263262738202002,2.6527426545809973,-0.5318451537394076,-0.9700000000000024,-0.020000000000000018
2022-06-03,29684.67,4108.54,12012.73,24.79,2.96,118.2153,-2.4764692858786574,-1.648245720240027,-2.500538223099724,0.12654420514381925,0.07000000000000028,0.040000000000000036
2022-06-06,31324.88,4121.43,12061.37,25.07,3.04,118.3081,5.378191903350071,0.31324562641241727,0.4040862685219082,0.07847004124066359,0.28000000000000114,0.08000000000000007
2022-06-07,31073.76,4160.68,12175.23,24.02,2.98,118.4414,-0.8048936827490749,0.9478331934065665,0.9395776440150883,0.11260848625749276,-1.0500000000000007,-0.06000000000000005
2022-06-08,30195.33,4115.77,12086.27,23.96,3.03,118.3951,-2.86764564793458,-1.0852585537421078,-0.7333462373411592,-0.03909870361189505,-0.05999999999999872,0.04999999999999982
2022-06-09,30070.71,4017.82,11754.23,26.09,3.04,118.9226,-0.4135668367206691,-2.408646993373331,-2.7856921781522104,0.44455248701193995,2.129999999999999,0.010000000000000231
2022-06-10,29061.88,3900.86,11340.02,27.75,3.15,119.9981,-3.4124258508002825,-2.9542425335362665,-3.587511383923392,0.9003047994863067,1.6600000000000001,0.10999999999999988
2022-06-13,22333,3749.63,10809.23,34.02,3.43,121.1523,-26.336194454834505,-3.953987319895802,-4.793766319464154,0.9572522488636714,6.270000000000003,0.28000000000000025
2022-06-14,22122.57,3735.48,10828.35,32.69,3.49,121.6669,-0.9467050884630623,-0.3780844063994593,0.17672960632850732,0.42385509087612405,-1.3300000000000054,0.06000000000000005
2022-06-15,22544.07,3789.99,11099.15,29.62,3.33,121.6403,1.887370583683179,1.4487056184645297,2.470083397445144,-0.021865362065742744,-3.0699999999999967,-0.16000000000000014
2022-06-16,20336.62,3666.77,10646.1,32.95,3.28,120.6714,-10.30488584033069,-3.3052215017084663,-4.167490090380355,-0.7997180192445441,3.330000000000002,-0.050000000000000266
2022-06-17,20421.22,3674.84,10798.35,31.13,3.25,121.2369,0.4151354512304195,0.2198428750711301,1.4199716774909277,0.46753338359453167,-1.8200000000000038,-0.029999999999999805
2022-06-21,20675.12,3764.79,11069.3,30.19,3.31,120.6427,1.235648870462036,2.4182488501784505,2.4782166074839296,-0.4913198097796112,-0.9399999999999977,0.06000000000000005
2022-06-22,19997.23,3759.89,11053.08,28.95,3.16,120.5197,-3.3337281042175704,-0.13023811491290616,-0.1466388598920787,-0.10200596002141182,-1.240000000000002,-0.1499999999999999
2022-06-23,21121.55,3795.73,11232.19,29.05,3.09,120.76220000000001,5.4700082334669275,0.9487049060657782,1.6074640938198215,0.20100975800634302,0.10000000000000142,-0.07000000000000028
2022-06-24,21206.32,3911.74,11607.62,27.23,3.13,120.4853,0.4005404161951276,3.010553708080721,3.287801590714423,-0.22955688377850336,-1.8200000000000003,0.040000000000000036
2022-06-27,20718.74,3900.11,11524.55,26.95,3.2,120.1736,-2.326064572718245,-0.29775299301260105,-0.7182236434674749,-0.25903897532595366,-0.28000000000000114,0.07000000000000028
2022-06-28,20251.34,3821.55,11181.54,28.36,3.2,120.62,-2.2817640528691285,-2.034865838324862,-3.021533835146606,0.37077439882278185,1.4100000000000001,0
2022-06-29,20094.43,3818.83,11177.89,28.16,3.1,120.9616,-0.7778301968857093,-0.07120065009615928,-0.03264841753498615,0.28280318341264987,-0.1999999999999993,-0.10000000000000009
2022-06-30,19837.58,3785.38,11028.74,28.71,2.98,120.9652,-1.2864543623249958,-0.879781483060782,-1.3433127207756357,0.002976106822671909,0.5500000000000007,-0.1200000000000001
2022-07-01,19270.3,3825.33,11127.85,26.7,2.88,121.5058,-2.9013068064740466,1.049845991564169,0.894638218645305,0.4459097341567464,-2.0100000000000016,-0.10000000000000009
2022-07-05,20171.1,3831.39,11322.24,27.54,2.82,122.6203,4.568583637344048,0.15829235665787422,1.7317958038907122,0.9130590647727033,0.8399999999999999,-0.06000000000000005
2022-07-06,20556.8,3845.08,11361.85,26.73,2.93,123.0073,1.8940899530820232,0.35667473495824,0.34923190886591016,0.3151114290307788,-0.8099999999999987,0.11000000000000032
2022-07-07,21657.39,3902.62,11621.35,26.08,3.01,122.7257,5.215494924720332,1.4853713471199015,2.2582671530512854,-0.22919194676171983,-0.6500000000000021,0.07999999999999963
2022-07-08,21582.54,3899.38,11635.31,24.64,3.09,122.4662,-0.34620812181103133,-0.08305563153676587,0.12005164694031123,-0.21167101922205944,-1.4399999999999977,0.08000000000000007
2022-07-11,19942.91,3854.43,11372.6,26.17,2.99,123.2974,-7.901096277998754,-1.1594429978107001,-2.2837486581918753,0.67642496228002,1.5300000000000011,-0.09999999999999964
2022-07-12,19302.71,3818.8,11264.73,27.29,2.96,123.4524,-3.262819113782811,-0.9286899019016914,-0.9530348010352796,0.12563335037132362,1.1199999999999974,-0.03000000000000025
2022-07-13,20206.62,3801.78,11247.58,26.82,2.91,123.2834,4.576477292864034,-0.4466859031662551,-0.1523611154755855,-0.13698865460840537,-0.46999999999999886,-0.04999999999999982
2022-07-14,20583.48,3790.38,11251.19,26.4,2.96,124.0622,1.8478538830605018,-0.30031001895842735,0.03209064345277568,0.6297282617177657,-0.4200000000000017,0.04999999999999982
2022-07-15,20838.39,3863.16,11452.42,24.23,2.93,123.4765,1.2308146301847955,1.901922349251528,1.7727160545858212,-0.47321981815269254,-2.169999999999998,-0.029999999999999805
2022-07-18,22368.75,3830.85,11360.05,25.3,2.96,122.7727,7.08679369096874,-0.8398790728859851,-0.8098246688220456,-0.5716176266711948,1.0700000000000003,0.029999999999999805
2022-07-19,23410.92,3936.69,11713.15,24.5,3.01,122.4819,4.553768464309904,2.725355801980278,3.0609327597584723,-0.23714143284463418,-0.8000000000000007,0.04999999999999982
2022-07-20,23237.11,3959.9,11897.65,23.88,3.04,122.5997,-0.745201048535904,0.5878503718333761,1.5628759334989084,0.09613125511815923,-0.620000000000001,0.03000000000000025
2022-07-21,23140.92,3998.95,12059.61,23.11,2.91,122.9032,-0.4148090719922948,0.9813054238449581,1.3520950843343371,0.24724771447628413,-0.7699999999999996,-0.1299999999999999
2022-07-22,22706.35,3961.63,11834.11,23.03,2.77,122.451,-1.8957857918570298,-0.93762699234236635,-1.8875813005413633,-0.36861036983824036,-0.0799999999999983,-0.14000000000000012
2022-07-25,21248.31,3966.84,11782.67,23.36,2.81,122.4594,-6.636725825541667,0.1314251236346209,-0.4356231573227731,0.006859651532398203,0.3299999999999983,0.040000000000000036
2022-07-26,21277.3,3921.05,11562.57,24.69,2.81,122.7581,0.13634139282565627,-1.161033289574931,-1.8856651014774073,0.24362057988067676,1.3300000000000018,0
2022-07-27,22986.74,4023.61,12032.42,23.24,2.78,122.8169,7.727675121317468,2.5820034533563074,3.983151663887341,0.04788761162473065,-1.4500000000000028,-0.03000000000000025
2022-07-28,23875.62,4072.43,12162.59,22.33,2.68,122.1161,3.7940326678542746,1.2060363275690378,1.0760173766049874,-0.572239683795317,-0.9100000000000001,-0.09999999999999964
2022-07-29,23817.5,4130.29,12390.69,21.33,2.67,121.7678,-0.24372500172056277,1.410774953829197,1.8580536883861853,-0.28562790474939703,-1,-0.010000000000000231
2022-08-01,23250.19,4118.63,12368.98,22.84,2.6,121.4109,-2.4107300555812117,-0.2827038634318768,-0.1753658717081663,-0.29352920815215455,1.5100000000000016,-0.06999999999999984
2022-08-02,23005.22,4091.19,12348.76,23.93,2.75,121.9486,-1.0592157342831143,-0.6684702509966556,-0.1636072271193001,0.4418984054379571,1.0899999999999999,0.1499999999999999
2022-08-03,22820.48,4155.17,12668.16,21.95,2.73,122.3888,-0.8062768306896118,1.5517460750034573,2.553610567129816,0.36032181423415466,-1.9800000000000004,-0.020000000000000018
2022-08-04,22604.63,4151.94,12720.58,21.44,2.68,121.8333,-0.950362584081077,-0.07776471390830153,0.41293955106382896,-0.45491456996975543,-0.509999999999998,-0.04999999999999982
2022-08-05,23285.14,4145.19,12657.55,21.15,2.83,122.321,2.966063631818905,-0.16270689959387852,-0.4967279275454928,0.39950199414739984,-0.2900000000000027,0.1499999999999999
2022-08-08,23824.9,4140.06,12644.46,21.29,2.77,121.8783,2.291586338904672,-0.1238345410353503,-0.10347004975379548,-0.3625730990834519,0.14000000000000057,-0.06000000000000005
2022-08-09,23138.91,4122.47,12493.93,21.77,2.8,121.8614,-2.9215636184421356,-0.4257782198347826,-1.1976248217333563,-0.013867252669186314,0.4800000000000004,0.029999999999999805
2022-08-10,23982.75,4210.24,12854.8,19.74,2.78,120.7543,3.5819205848067526,2.1067154907855823,2.8474356081851226,-0.912643068314356,-2.030000000000001,-0.020000000000000018
2022-08-11,23956.28,4207.27,12779.91,20.2,2.87,120.7163,-0.1104319494578121,-0.07056718966165221,-0.5842875777172907,-0.03147381115020664,0.46000000000000085,0.0900000000000003
2022-08-12,24398.29,4280.15,13047.19,19.53,2.84,121.018,1.8282545447336318,1.7174074409835427,2.069837824123333,0.24961303104218402,-0.6699999999999982,-0.03000000000000025
2022-08-15,24092.27,4297.14,13128.05,19.95,2.79,121.4315,-1.2622005717730644,0.39616294239337435,0.6178377521493417,0.3411022921683049,0.41999999999999815,-0.04999999999999982
2022-08-16,23861.8,4305.2,13102.55,19.69,2.82,121.6807,-0.9612188266988397,0.1873909275516894,-0.19442946812571194,0.205008294342246,-0.259999999999998,0.029999999999999805
2022-08-17,23357.89,4274.04,12938.12,19.9,2.89,122.0711,-2.1344025353387863,-0.7264078640478289,-1.2628875169893305,0.32032611354715357,0.2099999999999973,0.07000000000000028
2022-08-18,23175.9,4283.74,12965.34,19.56,2.88,122.3627,-0.7821882888663367,0.2266944033161522,0.21016505145698972,0.2385923209726748,-0.33999999999999986,-0.010000000000000231
2022-08-19,20850.04,4228.48,12705.22,20.6,2.98,123.0501,-10.575707894111908,-1.298386938135998,-2.0266710457693904,0.560200444060488,1.0400000000000027,0.10000000000000009
2022-08-22,21403.82,4137.99,12381.57,23.8,3.03,123.605,2.6213544062441585,-2.163242772528662,-2.5803855976228363,0.44994077653131015,3.1999999999999993,0.04999999999999982
2022-08-23,21529.34,4128.73,12381.3,24.11,3.05,123.0547,0.5847245235621301,-0.22403090640512602,-0.0021806842262606096,-0.4462025316855467,0.3099999999999987,0.020000000000000018
2022-08-24,21358.67,4140.77,12431.53,22.82,3.11,123.109,-0.7958909770472644,0.2911907251338164,0.404871742680335,0.04411698465753844,-1.2899999999999991,0.06000000000000005
2022-08-25,21518.35,4199.12,12639.27,21.78,3.03,123.0586,0.7448313255826733,1.3993218645289573,1.6572646638541855,-0.04094771261877739,-1.0399999999999991,-0.08000000000000007
2022-08-26,20230.18,4057.66,12141.71,25.56,3.04,123.0656,-6.17305106748276,-3.426852674898484,-4.016200150223526,0.005688185072294516,3.7799999999999976,0.010000000000000231
2022-08-29,20291.07,4030.61,12017.67,26.21,3.12,123.4686,0.3005338968081972,-0.6688723509263639,-1.0268565661187168,0.32693261945420105,0.6500000000000021,0.08000000000000007
2022-08-30,19835.7,3986.16,11883.14,26.21,3.11,123.6848,-2.2697543289289968,-1.108936779165326,-1.1257477947816952,0.1749521189235992,0,-0.010000000000000231
2022-08-31,20025.48,3955,11816.2,25.87,3.15,123.535,0.9522118209019936,-0.7847760257099878,-0.5649117487545041,-0.121187719052962,-0.33999999999999986,0.040000000000000036
2022-09-01,20112.51,3966.85,11785.13,25.56,3.26,124.4006,0.433654681700979,0.2991727649110487,-0.2632903988764923,0.6982486717248548,-0.3100000000000023,0.10999999999999988
2022-09-02,19946.87,3924.26,11630.86,25.47,3.2,123.7743,-0.8269770725187087,-1.0794530441165406,-1.3176656812580845,-0.50472576362246,-0.08999999999999986,-0.05999999999999961
2022-09-06,18777,3908.19,11544.91,26.91,3.33,124.767,-6.043952218574766,-0.41034472098147035,-0.7417263292676779,0.7988252084110137,1.4400000000000013,0.1299999999999999
2022-09-07,19286.23,3979.87,11791.9,24.64,3.27,124.8408,2.6758653155654955,1.8174804228557662,2.1168207891808066,0.05913276920868071,-2.2699999999999996,-0.06000000000000005
2022-09-08,19320.01,4006.18,11862.13,23.61,3.29,124.578,0.17499766162529795,0.6589013388980547,0.5938117637146689,-0.21072998286539857,-1.0300000000000011,0.020000000000000018
2022-09-09,21355.55,4067.36,12112.31,22.79,3.33,123.7874,10.017031267167553,1.5155971507018862,2.0871318096819635,-0.6366447744805548,-0.8200000000000003,0.040000000000000036
2022-09-12,22412.6,4110.41,12266.41,23.87,3.37,123.3332,4.831164166291302,1.052863988146946,1.2642341555480385,-0.3675942122590925,1.0800000000000018,0.040000000000000036
2022-09-13,20164.09,3932.69,11633.57,27.27,3.42,124.4242,-10.572000110662927,-4.419911011958355,-5.2969748201944,0.8807059259403616,3.3999999999999986,0.04999999999999982
2022-09-14,20216.63,3946.01,11719.68,26.16,3.41,124.4509,0.2602233424685352,0.3381271704881783,0.7374595848965271,0.021456545956155537,-1.1099999999999994,-0.009999999999999787
2022-09-15,19690.75,3901.35,11552.36,26.27,3.45,124.8843,-2.6356550708394266,-1.1382294724738173,-1.4379734922041365,0.34764480626465755,0.10999999999999943,0.040000000000000036
2022-09-16,19784.17,3873.33,11448.4,26.3,3.45,124.8794,0.473314065762942,-0.7208044914246869,-0.9039762855085343,-0.00392370868995684,0.030000000000001137,0
2022-09-19,19553.1,3899.89,11535.02,25.76,3.49,125.0104,-1.1748281348692657,0.6833745439536187,0.7537643232984337,0.10484622581659053,-0.5399999999999991,0.040000000000000036
2022-09-20,18869.22,3855.93,11425.05,27.16,3.57,125.1248,-3.560181856274447,-1.133612455307187,-0.9579312339395685,0.0914705391135584,1.3999999999999986,0.07999999999999963
2022-09-21,18488.54,3789.93,11220.19,27.99,3.51,125.7399,-2.0380942392488777,-1.7264673789775031,-1.8093479140791402,0.4903848430218183,0.8299999999999983,-0.06000000000000005
2022-09-22,19402.35,3757.99,11066.81,27.35,3.7,126.1667,4.824311207323184,-0.8463309268931241,-1.3764295019827344,0.33885607474246626,-0.639999999999997,0.1900000000000004
2022-09-23,19304.43,3693.23,10867.93,29.92,3.69,127.2853,-0.5059589502996786,-1.738282607756858,-1.813428836182318,0.8826975230126877,2.5700000000000003,-0.010000000000000231
2022-09-26,19224.81,3655.04,10802.92,32.26,3.88,128.4539,-0.4132970872790409,-1.0394376865969335,-0.5999782658802744,0.9139061463261378,2.3399999999999963,0.18999999999999995
2022-09-27,19072.97,3647.29,10829.5,32.6,3.97,128.4386,-0.7929482889034389,-0.21226109775351887,0.24574239383508,-0.011911597277514119,0.3400000000000034,0.0900000000000003
2022-09-28,19407.62,3719.04,11051.64,30.18,3.72,128.0884,1.7393622966242361,1.948114438777715,2.030494134533356,-0.27303185828486676,-2.4200000000000017,-0.25
2022-09-29,19610.61,3640.47,10737.51,31.84,3.76,127.5437,1.0404973847542465,-2.1352776272161478,-2.88356146153248,-0.4261599575078989,1.6600000000000001,0.03999999999999959
2022-09-30,19415.8,3585.62,10575.62,31.62,3.83,127.5148,-0.9983578714344077,-1.518139227639459,-1.5191866570075874,-0.02266146795628643,-0.21999999999999886,0.07000000000000028
2022-10-03,19640.84,3678.43,10815.43,30.1,3.67,127.0813,1.1523904280762665,2.555462879740844,2.24224661524417,-0.34053971677634465,-1.5199999999999996,-0.16000000000000014
2022-10-04,20344.37,3790.93,11176.41,29.07,3.62,126.1819,3.519314326577927,3.0125340865302164,3.283148882915654,-0.7102522442355763,-1.0300000000000011,-0.04999999999999982
2022-10-05,20152.33,3783.28,11148.64,28.55,3.76,126.8616,-0.9484300672847112,-0.20200133350627425,-0.24877896643111796,0.5372211771613067,-0.5199999999999996,0.13999999999999968
2022-10-06,19962.19,3744.52,11073.31,30.52,3.83,127.2493,-0.9479930158624583,-1.0297920383575132,-0.6779809022173566,0.3051425978415345,1.9699999999999989,0.07000000000000028
2022-10-07,19524.22,3639.66,10652.4,31.36,3.89,127.3111,-2.218423815929249,-2.840316716749136,-3.8752489470322615,0.04855429298054048,0.8399999999999999,0.06000000000000005
2022-10-11,19069.69,3588.84,10426.19,33.63,3.93,127.6641,-2.3555582563284716,-1.4061240183988133,-2.1464309028681683,0.27688985088083484,2.270000000000003,0.040000000000000036
2022-10-12,19157.32,3577.03,10417.1,33.57,3.91,128.1481,0.45847244394110476,-0.32961833504643323,-0.08722232024105381,0.3784030453029885,-0.060000000000002274,-0.020000000000000018
2022-10-13,19382.53,3669.91,10649.15,31.94,3.97,127.7286,1.1687256877440433,2.5634291446896995,2.2031390114651828,-0.3278925950267464,-1.629999999999999,0.06000000000000005
2022-10-14,19187.64,3583.07,10321.39,32.02,4,128.3325,-1.0105823159996419,-2.3947163771952162,-3.1261635857672943,0.47168517175393276,0.08000000000000185,0.029999999999999805
2022-10-17,19565.96,3677.95,10675.8,31.37,4.02,127.6448,1.9524999932741594,2.613555691190683,3.376105685268449,-0.5373145622917797,-0.6500000000000021,0.019999999999999574
2022-10-18,19334.77,3719.98,10772.4,30.5,4.01,127.9153,-1.1886292208217242,1.1362760181542697,0.9007809809796541,0.21169196679533542,-0.870000000000001,-0.009999999999999787
2022-10-19,19122.17,3695.16,10680.51,30.76,4.14,128.3968,-1.1056634555080436,-0.6694436704711038,-0.8566722367596924,0.3757142689785553,0.26000000000000156,0.1299999999999999
2022-10-20,19046.77,3665.78,10614.84,29.98,4.24,128.0052,-0.3950861516115012,-0.7982718516093001,-0.6167563169180212,-0.30545807324751095,-0.7800000000000011,0.10000000000000053
2022-10-21,19172.57,3752.75,10859.72,29.69,4.21,127.6735,0.658307832186722,2.344776785243674,2.2807509452915653,-0.25946642101315476,-0.28999999999999915,-0.03000000000000025
2022-10-24,19332.45,3797.34,10952.61,29.85,4.25,128.0304,0.8304419466401924,1.181191705979856,0.8517252539931519,0.2791511836643501,0.16000000000000014,0.040000000000000036
2022-10-25,20113.74,3859.11,11199.12,28.46,4.1,127.3771,3.961813243943446,1.613576532526828,2.2257419761006147,-0.5115757562255574,-1.3900000000000006,-0.15000000000000036
2022-10-26,20760.56,3830.6,10970.99,27.28,4.04,126.4723,3.165186926693231,-0.7415138056792614,-2.058068744458197,-0.7128666301083442,-1.1799999999999997,-0.05999999999999961
2022-10-27,20287.17,3807.3,10792.67,27.39,3.96,126.7028,-2.3066366351038425,-0.6101172384331832,-1.6387316338153823,0.18208746728003433,0.10999999999999943,-0.08000000000000007
2022-10-28,20594.01,3901.06,11102.45,25.75,4.02,127.2135,1.501159027810317,2.43280345757686,2.829860468092882,0.40225908194653215,-1.6400000000000006,0.05999999999999961
2022-10-31,20472.79,3871.98,10988.15,25.88,4.1,127.6219,-0.5903569407132991,-0.7482306966124952,-1.0348385288009965,0.3205208928090286,0.129999999999999,0.08000000000000007
2022-11-01,20479.49,3856.1,10890.85,25.81,4.07,127.3987,0.03272101118572124,-0.4109694089747151,-0.8894432237021022,-0.17504472736051824,-0.07000000000000028,-0.02999999999999936
2022-11-02,20148.56,3759.69,10524.8,25.86,4.1,127.3115,-1.6291075698322999,-2.531980282762092,-3.418861014614194,-0.06846997364586827,0.05000000000000071,0.02999999999999936
2022-11-03,20205.32,3719.89,10342.94,25.3,4.14,128.1743,0.28131142498004635,-1.0642409238982964,-1.7430215658608361,0.6754217103540405,-0.5599999999999987,0.040000000000000036
2022-11-04,21157.96,3770.55,10475.25,24.55,4.17,127.1468,4.607025795597153,1.352678145799402,1.2711170517860637,-0.8048731945461185,-0.75,0.03000000000000025
2022-11-07,20578.77,3806.8,10564.52,24.35,4.22,126.3062,-2.7756232168986372,0.9568061802673,0.8485885130452786,-0.6633206804874447,-0.1999999999999993,0.04999999999999982
2022-11-08,18561.6,3828.11,10616.2,25.54,4.14,125.633,-10.31650313169461,0.5582267593981172,0.4879919337705374,-0.5344159243320767,1.1899999999999977,-0.08000000000000007
2022-11-09,15850.62,3748.57,10353.17,26.09,4.12,125.9861,-15.788631426151234,-2.099677488708984,-2.508838332960117,0.2806625027948151,0.5500000000000007,-0.019999999999999574
2022-11-10,17573.15,3956.37,11114.15,23.53,3.82,124.7044,10.316355272078503,5.395250428096254,7.09263182471549,-1.0225446659000603,-2.5599999999999987,-0.30000000000000027
2022-11-14,16576.49,3957.25,11196.22,23.73,3.88,123.4277,-5.838674254730769,0.02224013798066693,0.7357150077540453,-1.0290577208107443,0.1999999999999993,0.06000000000000005
2022-11-15,16869.14,3991.73,11358.41,24.54,3.8,123.039,1.7500490739903896,0.8675381307597263,1.4382217373182016,-0.3154181252559063,0.8099999999999987,-0.08000000000000007
2022-11-16,16660.48,3958.79,11183.66,24.11,3.67,123.2817,-1.2446469342611621,-0.8286297872086124,-1.5504654251186523,0.19706023776260295,-0.4299999999999997,-0.1299999999999999
2022-11-17,16677.36,3946.56,11144.96,23.93,3.77,123.977,0.10126631744888925,-0.3094109623736685,-0.3466406679097034,0.562408386610791,-0.17999999999999972,0.10000000000000009
2022-11-18,16673.07,3965.34,11146.06,23.12,3.82,123.8524,-0.025726804863701602,0.4747288330236188,0.009869445192656201,-0.1005530502018459,-0.8099999999999987,0.04999999999999982
2022-11-21,15755.75,3949.94,11024.51,22.36,3.83,124.7009,-5.658946496265038,-0.3891212801477195,-1.096509632914966,0.6827535953727981,-0.7600000000000016,0.010000000000000231
2022-11-22,16206.32,4003.58,11174.41,21.29,3.76,124.2365,2.8195911605294555,1.3488571921957515,1.3505366784489325,-0.3731062819294806,-1.0700000000000003,-0.07000000000000028
2022-11-23,16597.46,4027.26,11285.32,20.35,3.71,123.7574,2.3848381990008605,0.5897283130643416,0.9876423407275681,-0.38638095214533763,-0.9399999999999977,-0.04999999999999982
2022-11-25,16508.49,4026.12,11226.36,20.5,3.68,123.3386,-0.5374877578807613,-0.028311094412991622,-0.5238181674105391,-0.3389778879641092,0.14999999999999858,-0.029999999999999805
2022-11-28,16193.89,3963.94,11049.5,22.21,3.69,123.6032,-1.92407834263566,-1.556465290556197,-1.587940634721896,0.21430158949593547,1.7100000000000009,0.009999999999999787
2022-11-29,16441.63,3957.63,10983.78,21.89,3.75,123.6615,1.5182522530041709,-0.15931188727940082,-0.5965538939422643,0.047155943473065065,-0.3200000000000003,0.06000000000000005
2022-11-30,17179.78,4080.11,11468,20.58,3.68,123.5175,4.391657775457958,3.0478587582589256,4.314090888932398,-0.11651476564829011,-1.3100000000000023,-0.06999999999999984
2022-12-01,16980.55,4076.57,11482.45,19.84,3.53,122.0045,-1.1664539479310676,-0.08680002702714518,0.1259234734780179,-1.2324917135421387,-0.7399999999999984,-0.15000000000000036
2022-12-02,17099.27,4071.7,11461.5,19.06,3.51,122.0102,0.6967201131974576,-0.11953459028433144,-0.18261899823102112,0.004671849688531182,-0.7800000000000011,-0.020000000000000018
2022-12-05,16970.79,3998.84,11239.94,20.75,3.6,122.6384,-0.7542141636168509,-1.8056283602074785,-1.9520086400588,0.5135540368239155,1.6900000000000013,0.0900000000000003
2022-12-06,17089.95,3941.26,11014.89,22.17,3.51,123.0191,0.6996940532962626,-1.4503849921748468,-2.0225512550769764,0.3099439705826157,1.4200000000000017,-0.0900000000000003
2022-12-07,16844.05,3933.92,10958.55,22.68,3.42,122.7608,-1.4493092724354284,-0.1864084916263664,-0.5128020324759675,-0.21018813588531415,0.509999999999998,-0.08999999999999986
2022-12-08,17228.23,3963.51,11082,22.29,3.48,122.4152,2.2551838751299513,0.7493612090724966,1.1202196947682097,-0.2819201136321503,-0.39000000000000057,0.06000000000000005
2022-12-09,17129.01,3934.38,11004.62,22.83,3.57,122.4201,-0.5775800141707421,-0.7376687214824429,-0.700698582210002,0.004002690788951213,0.5399999999999991,0.08999999999999986
2022-12-12,17209.62,3990.56,11143.74,25,3.61,122.7714,0.4695012472817339,1.4178262831054056,1.2562720641859926,0.28655172824718633,2.1700000000000017,0.040000000000000036
2022-12-13,17763.65,4019.65,11256.81,22.55,3.51,121.8493,3.168570467236975,0.7263262233260903,1.009537357852608,-0.75390542784958825,-2.4499999999999993,-0.10000000000000009
2022-12-14,17815.79,3995.32,11170.89,21.14,3.49,121.8226,0.29309082618791393,-0.6071158028412071,-0.766199122828759,-0.021914714094517507,-1.4100000000000001,-0.019999999999999574
2022-12-15,17358,3895.75,10810.53,22.83,3.44,122.5519,-2.603164750593301,-2.523746079196343,-3.279062848875469,0.5968725584295953,1.6899999999999977,-0.050000000000000266
2022-12-16,16627.33,3852.36,10705.41,22.62,3.48,122.6505,-4.300576812434187,-1.1200267830703936,-0.9771437958297824,0.08042336071296674,-0.2099999999999973,0.040000000000000036
2022-12-19,16453.07,3817.66,10546.03,22.42,3.57,122.5275,-1.0535641159005849,-0.9048278034292423,-1.4999735383424806,-0.10033527504003104,-0.1999999999999993,0.08999999999999986
2022-12-20,16893.02,3821.62,10547.11,21.48,3.69,122.1357,2.6388432923518224,0.10367470114189814,0.010240296143138039,-0.3202772913258656,-0.9400000000000013,0.1200000000000001
2022-12-21,16821.03,3878.44,10709.37,20.07,3.68,122.2828,-0.42706295692394036,1.4758594440962725,1.526717045396353,0.12036733533689059,-1.4100000000000001,-0.009999999999999787
2022-12-22,16819.21,3822.39,10476.12,21.97,3.67,122.2419,-0.010820374657249943,-1.4557129502374977,-2.202067786649131,-0.033452653561294454,1.8999999999999986,-0.010000000000000231
2022-12-23,16776.77,3844.82,10497.86,20.87,3.75,121.9743,-0.25264940969211835,0.5850906388984001,0.2073045534102036,-0.21915016866183024,-1.0999999999999979,0.08000000000000007
2022-12-27,16693.38,3829.25,10353.23,21.65,3.84,121.7539,-0.4982957802509347,-0.4057826255055019,-1.3872878547610767,-0.18085725006473652,0.7799999999999976,0.08999999999999986
2022-12-28,16539.02,3783.22,10213.29,22.14,3.88,122.0075,-0.9289796109102966,-1.2093462699048985,-1.3608734944638101,0.20807239496889451,0.490000000000002,0.040000000000000036
2022-12-29,16626.11,3849.28,10478.09,21.44,3.83,121.6577,0.5251913692520205,1.7310618960092228,2.559659699916672,-0.2871154685188948,-0.6999999999999993,-0.04999999999999982
2022-12-30,16606.43,3839.5,10466.48,21.67,3.88,121.4256,-0.11843814707219735,-0.25439680351091454,-0.11086406824443173,-0.1909634026963758,0.23000000000000043,0.04999999999999982
2023-01-03,16670.38,3824.14,10386.98,22.9,3.79,122.0905,0.3843522184125092,-0.40085443908068896,-0.7624670932115052,0.5460843470477705,1.2299999999999969,-0.08999999999999986
2023-01-04,16850.4,3852.97,10458.76,22.01,3.69,121.5008,1.0740903445210392,0.7510674075383861,0.6886806004375856,-0.48417258908157734,-0.889999999999997,-0.10000000000000009
2023-01-05,16824.98,3808.1,10305.24,22.46,3.71,122.1017,-0.15097085662088006,-1.1713902384517638,-1.4787401027986036,0.4933456912591616,0.4499999999999993,0.020000000000000018
2023-01-06,16950.6,3895.08,10569.29,21.13,3.55,121.0852,0.7438544607241582,2.2583841176025743,2.5300122650268264,-0.8359873990302802,-1.3300000000000018,-0.16000000000000014
2023-01-09,17181.15,3892.09,10635.65,21.97,3.53,120.1508,1.3509621186145182,-0.07679298504950083,0.6258939344686354,-0.7746809539306732,0.8399999999999999,-0.020000000000000018
2023-01-10,17444.75,3919.25,10742.63,20.58,3.61,120.2483,1.5225891166062766,0.6954020552452533,1.0008372328542237,0.08111511677544314,-1.3900000000000006,0.08000000000000007
2023-01-11,17942.22,3969.61,10931.67,21.09,3.54,120.1614,2.811785101191333,1.2767544131229158,1.744414294214458,-0.072293259202727,0.5100000000000016,-0.06999999999999984
2023-01-12,18863.74,3983.17,11001.1,18.83,3.43,119.4218,5.0084966039028345,0.34101315868824145,0.633118679662914,-0.6174075222404873,-2.2600000000000016,-0.10999999999999988
2023-01-13,19909.21,3999.09,11079.16,18.35,3.49,119.1673,5.394087790220503,0.3988850553225731,0.7070598372170167,-0.2133375720226205,-0.4799999999999969,0.06000000000000005
2023-01-17,21153.37,3990.97,11095.11,19.36,3.53,119.2121,6.061679212539239,-0.203252611255067,0.14386045403806946,0.03758714094210802,1.009999999999998,0.03999999999999959
2023-01-18,20710.89,3928.86,10957.01,20.34,3.37,119.0755,-2.113958196817478,-1.5685001660276754,-1.2525036629840614,-0.114651383423503,0.9800000000000004,-0.1599999999999997
2023-01-19,21088.14,3898.85,10852.27,20.52,3.39,119.6107,1.8051148252180127,-0.7667669607521077,-0.9605159387822582,0.4484556685400598,0.17999999999999972,0.020000000000000018
2023-01-20,22686.85,3972.61,11140.43,19.85,3.48,119.3486,7.307466433210763,1.8741671559173056,2.620655870153321,-0.2193679886969946,-0.6699999999999982,0.08999999999999986
2023-01-23,22915.32,4019.81,11364.41,19.81,3.52,119.1434,1.00202210386513,1.1811328415708644,1.9905708791467802,-0.17208128627910213,-0.0400000000000027,0.040000000000000036
2023-01-24,22612.34,4016.95,11334.27,19.2,3.46,119.0958,-1.3309907551624534,-0.07117296325205302,-0.26556625947975476,-0.039959839214898096,-0.6099999999999994,-0.06000000000000005
2023-01-25,23072.42,4016.22,11313.36,19.08,3.46,118.9686,2.014218985641314,-0.018174643434853976,-0.18465513558361124,-0.10686185091479672,-0.120000000000001,0
2023-01-26,23028.35,4060.43,11512.41,18.73,3.49,119.021,-0.1911899233974168,1.094771756997659,1.7441255725332283,0.044035538398912166,-0.34999999999999787,0.03000000000000025
2023-01-27,23072.62,4070.56,11621.71,18.51,3.52,118.9223,0.1920567554556385,0.24917027916835366,0.9449316704339239,-0.08296094545281463,-0.21999999999999886,0.029999999999999805
2023-01-30,22832.32,4017.77,11393.81,19.94,3.55,118.8953,-1.0469557087702697,-1.3053559781990742,-1.9804675189678989,-0.022706477666911695,1.4299999999999997,0.029999999999999805
2023-01-31,23134.74,4076.6,11584.55,19.4,3.52,118.9802,1.3158307859185925,1.453628532231832,1.6602088322072106,0.07138188136641688,-0.5400000000000027,-0.029999999999999805
2023-02-01,23740.02,4119.21,11816.32,17.87,3.39,118.6259,2.582684772873911,1.0398089735209837,1.9809312987163707,-0.29822488782036416,-1.5299999999999976,-0.1299999999999999
2023-02-02,23548.98,4179.76,12200.82,18.73,3.4,118.3421,-0.8079724218630346,1.459243121764331,3.2021535810077495,-0.23952612646986893,0.8599999999999994,0.009999999999999787
2023-02-03,23426.4,4136.48,12006.95,18.33,3.53,119.5095,-0.5218915875792263,-1.04086439893738,-1.6017513792881743,0.9816283549497484,-0.40000000000000213,0.1299999999999999
2023-02-06,22751.79,4111.08,11887.45,19.43,3.63,120.541,-2.9219767926299767,-0.6159416919169658,-1.00024270385628,0.8594077902089658,1.1000000000000014,0.10000000000000009
2023-02-07,23260.42,4164,12113.79,18.66,3.67,120.3475,2.2109380056853922,1.2790383040920617,1.8861251330164919,-0.16065527546462732,-0.7699999999999996,0.040000000000000036
2023-02-08,22973.38,4117.86,11910.52,19.63,3.63,120.1436,-1.2417049347041242,-1.1142539811004326,-1.69224298906272,-0.1695697253309092,0.9699999999999989,-0.040000000000000036
2023-02-09,21804.16,4081.5,11789.58,20.71,3.67,119.9781,-5.22353770520283,-0.8869043032445845,-1.0205952698276732,-0.1378467886963719,1.0800000000000018,0.040000000000000036
2023-02-10,21629.58,4090.46,11718.12,20.53,3.74,120.1419,-0.8038954977493518,0.21928652588769637,-0.6079728779516458,0.13643180527038723,-0.17999999999999972,0.07000000000000028
2023-02-13,21786.33,4137.29,11891.79,20.34,3.72,119.9828,0.7220886587145259,1.1383550959928712,1.4711884323991953,-0.13251450040900892,-0.19000000000000128,-0.020000000000000018
2023-02-14,22193.69,4136.13,11960.15,18.91,3.77,119.9229,1.8525305353929156,-0.02804160812814871,0.5732044200302155,-0.04993628850389342,-1.4299999999999997,0.04999999999999982
2023-02-15,24340.76,4147.6,12070.59,18.23,3.81,120.4557,9.234429715222348,0.276928565518908,0.9191625189359343,0.4433014191207896,-0.6799999999999997,0.040000000000000036
2023-02-16,23468.21,4090.41,11855.83,20.17,3.86,120.4651,-3.6505572015231635,-1.3884644172641458,-1.7952185719732228,0.007803394314453982,1.9400000000000013,0.04999999999999982
2023-02-17,24562.04,4079.09,11787.27,20.02,3.82,120.5526,4.555542233996057,-0.2771285205906082,-0.5799594145397435,0.07260877839607716,-0.15000000000000213,-0.040000000000000036
2023-02-21,24447.91,3997.34,11492.3,22.87,3.95,120.6256,-0.46574300241335465,-2.024478441412292,-2.534288968117515,0.060536153126111714,2.8500000000000014,0.13000000000000034
2023-02-22,24187.63,3991.05,11507.07,22.29,3.93,120.8389,-1.0703386242051138,-0.157478573277281,0.12843831835773756,0.1766719790951221,-0.5800000000000018,-0.020000000000000018
2023-02-23,23938.48,4012.32,11590.4,21.14,3.88,121.0896,-1.0354139401931306,0.531527346027616,0.7215540190411929,0.20725139017212513,-1.1499999999999986,-0.050000000000000266
2023-02-24,23181.45,3970.04,11394.94,21.67,3.95,121.5681,-3.213481616964131,-1.0593457421727237,-1.7007772050428471,0.3943832157051297,0.5300000000000011,0.07000000000000028
2023-02-27,23479.61,3982.24,11466.98,20.95,3.92,121.3941,1.2779995060212102,0.3068304831167268,0.6302203702826858,-0.1432321815882709,-0.7200000000000024,-0.03000000000000025
2023-02-28,23146.93,3970.15,11455.54,20.7,3.92,121.3341,-1.4270226593819046,-0.30405976856187067,-0.09981451384746265,-0.0494380143897466,-0.25,0
2023-03-01,23634.46,3951.39,11379.48,20.58,4.01,120.6347,2.0843658164841017,-0.473646161526986,-0.6661722327004682,-0.5780926696138167,-0.120000000000001,0.08999999999999986
2023-03-02,23469.09,3981.35,11462.98,19.59,4.08,121.1302,-0.7021580302554398,0.7553542016923487,0.7310978933569245,0.40990292121314553,-0.9899999999999984,0.07000000000000028
2023-03-03,22343.55,4045.64,11689.01,18.49,3.97,120.7742,-4.914654740439772,1.6018800257414867,1.9526371743051385,-0.294331361484268,-1.1000000000000014,-0.10999999999999988
2023-03-06,22419.33,4048.42,11675.74,18.61,3.98,120.485,0.33858443600927046,0.068692352399502,-0.11358992864725082,-0.23974226766725337,0.120000000000001,0.009999999999999787
2023-03-07,22198.95,3986.37,11530.33,19.59,3.97,121.4623,-0.9878542702978166,-1.544563917395969,-1.2532229983849064,0.8078662710992113,0.9800000000000004,-0.009999999999999787
2023-03-08,21712.64,3992.01,11576,19.11,3.98,121.4511,-2.215041101727344,0.14138210863556822,0.3953034469061478,-0.009221393309655213,-0.4800000000000004,0.009999999999999787
2023-03-09,20364.09,3918.32,11338.35,22.61,3.93,121.4458,-6.412152385085079,-1.8631872945281458,-2.0743204261615134,-0.004363991472011719,3.5,-0.04999999999999982
2023-03-10,20227.02,3861.59,11138.89,24.8,3.7,121.2421,-0.6753721246413491,-1.4583974750191686,-1.7748196466490285,-0.16786996618796124,2.1900000000000013,-0.22999999999999998
2023-03-13,24239.87,3855.76,11188.84,26.52,3.55,120.8897,18.09794638025828,-0.1510881613258519,0.44742643635728996,-0.29108134397777263,1.7199999999999989,-0.15000000000000036
2023-03-14,24786.83,3919.29,11428.15,23.73,3.64,121.0141,2.2313665577275543,1.6342380801372514,2.1162756974019814,0.1028508117409288,-2.789999999999999,0.0900000000000003
2023-03-15,24350.57,3891.93,11434.05,26.14,3.51,122.1079,-1.7757205848853985,-0.700533639823675,0.05161358164098573,0.8998012354943796,2.41,-0.13000000000000034
2023-03-16,25040.11,3960.28,11717.28,22.99,3.56,121.7221,2.792368131464329,1.7409551286965197,2.4468929547349916,-0.31645024972526414,-3.150000000000002,0.050000000000000266
2023-03-17,27442.51,3916.64,11630.51,25.51,3.39,121.5643,9.161433178406142,-1.1080586449226715,-0.7432857626710643,-0.12972366900001475,2.520000000000003,-0.16999999999999993
2023-03-20,27818.07,3951.57,11675.54,24.15,3.47,121.0141,1.359253856053222,0.8878824909595906,0.386423748627962,-0.45362731676910073,-1.360000000000003,0.08000000000000007
2023-03-21,28195.56,4002.87,11860.11,21.38,3.59,120.8958,1.3478709201420358,1.2898635541985115,1.5684613238093448,-0.09780501701692756,-2.7699999999999996,0.11999999999999966
2023-03-22,27324.09,3936.97,11669.96,22.26,3.48,120.6217,-3.1395788067689168,-1.6600211922495944,-1.6162649699618115,-0.2269815791250629,0.8800000000000026,-0.10999999999999988
2023-03-23,28361.31,3948.72,11787.4,22.61,3.38,119.7587,3.72571617447619,0.29800838470404045,1.0013145660019873,-0.7180316762936734,0.34999999999999787,-0.10000000000000009
2023-03-24,27488.93,3970.99,11823.96,21.74,3.38,120.4598,-3.12425142417716,0.5623958124209238,0.3096816889698317,0.5837202302985567,-0.870000000000001,0
2023-03-27,27139.64,3977.53,11768.84,20.6,3.53,120.2541,-1.2787988410224216,0.16455897389313634,-0.46726204848912545,-0.17090832732984396,-1.139999999999997,0.1499999999999999
2023-03-28,27273.12,3971.27,11716.08,19.97,3.55,119.7138,0.49062119895655343,-0.15750808409311645,-0.4493103554091604,-0.4503109899420821,-0.6300000000000026,0.020000000000000018
2023-03-29,28366.67,4027.81,11926.24,19.12,3.57,119.7258,3.931326266587476,1.4136861145887636,1.7778757385826793,0.010023404658277002,-0.8499999999999979,0.020000000000000018
2023-03-30,28036.88,4050.83,12013.47,19.02,3.55,119.4078,-1.1694078059395707,0.5698994460608731,0.728750565889591,-0.2659602727909771,-0.10000000000000142,-0.020000000000000018
2023-03-31,28492.72,4109.31,12221.91,18.7,3.48,119.3602,1.6127829687489381,1.4333332809426835,1.7201722419429188,-0.03987134007115145,-0.3200000000000003,-0.06999999999999984
2023-04-03,27807.81,4124.51,12189.45,18.55,3.43,119.3204,-2.43316995546472,0.3692093649517503,-0.26594191500297626,-0.03335000864659321,-0.14999999999999858,-0.04999999999999982
2023-04-04,28172.02,4100.6,12126.33,19,3.35,119.142,1.3012370314188004,-0.5813920385207894,-0.5191701995721942,-0.14962529378479417,0.4499999999999993,-0.08000000000000007
2023-04-05,28187.68,4090.38,11996.86,19.08,3.3,119.2953,0.055571624416117515,-0.24954291924714767,-1.073417264897003,0.12858728153952725,0.0799999999999983,-0.050000000000000266
2023-04-06,28053.47,4105.02,12087.96,18.4,3.3,119.3072,-0.4772671069392942,0.3572739725370866,0.756496701748155,0.00997474880595206,-0.6799999999999997,0
2023-04-10,29678.68,4109.11,12084.36,18.97,3.41,119.7948,5.631661093420526,0.09958450470115565,-0.029786135766940447,0.4078599726763166,0.5700000000000003,0.11000000000000032
2023-04-11,30243.93,4108.94,12031.88,19.1,3.43,119.5248,1.8866560268048005,-0.004137234502721299,-0.4352260786957274,-0.22563978425074183,0.13000000000000256,0.020000000000000018
2023-04-12,29913.06,4091.95,11929.34,19.09,3.41,119.003,-1.1000328855057973,-0.41434586507982374,-0.8558881889870307,-0.43751783428662705,-0.010000000000001563,-0.020000000000000018
2023-04-13,30412.73,4146.22,12166.27,17.8,3.45,118.3915,1.6566096431239075,1.3175446748329378,1.966645678550627,-0.515177354549401,-1.2899999999999991,0.040000000000000036
2023-04-14,30493.72,4137.64,12123.47,17.07,3.52,118.8567,0.2659490012506538,-0.2071498810490624,-0.35241253546622886,0.3921636465115341,-0.7300000000000004,0.06999999999999984
2023-04-17,29449.98,4151.32,12157.72,16.95,3.6,119.2787,-3.4827529793151513,0.33007789687626854,0.28211156632309553,0.3544205873987849,-0.120000000000001,0.08000000000000007
2023-04-18,30382.37,4154.87,12153.41,16.83,3.58,119.1049,3.1169274994544693,0.08547842551518414,-0.03545701121385747,-0.1458154258888733,-0.120000000000001,-0.020000000000000018
2023-04-19,28814.51,4154.52,12157.23,16.46,3.6,119.303,-5.298342626282171,-0.008424204429147153,0.031426569036696606,0.16618580642022707,-0.36999999999999744,0.020000000000000018
2023-04-20,28235.24,4129.79,12059.56,17.17,3.54,119.1199,-2.0308236534724244,-0.5970339945818637,-0.8066348147893976,-0.1535926590905845,0.7100000000000009,-0.06000000000000005
2023-04-21,27259,4133.52,12072.46,16.77,3.57,119.3117,-3.5187101367462503,0.09027859909256364,0.10691190566518571,0.16088474964819355,-0.40000000000000213,0.029999999999999805
2023-04-24,27518.81,4137.04,12037.2,16.89,3.52,119.2039,0.9486029041388733,0.08512120612227392,-0.29249707493814725,-0.09039241654642538,0.120000000000001,-0.04999999999999982
2023-04-25,28321.6,4071.63,11799.16,18.76,3.4,119.613,2.8754993553611996,-1.5937145594968172,-1.9973512198237842,0.3426059044931762,1.870000000000001,-0.1200000000000001
2023-04-26,28406.04,4055.99,11854.35,18.84,3.43,119.3228,0.29770342063972777,-0.38486098771102206,0.4666546331131727,-0.24291055814575913,0.0799999999999983,0.03000000000000025
2023-04-27,29502.8,4135.35,12142.24,17.03,3.53,119.4298,3.788337548469123,1.9377167380001836,2.399539378583526,0.0896325377513385,-1.8099999999999987,0.09999999999999964
2023-04-28,29344.36,4169.48,12226.58,15.78,3.44,119.2248,-0.5384809830959014,0.8219359612569477,0.692198774948416,-0.17179643754596796,-1.2500000000000018,-0.08999999999999986
2023-05-01,28056.44,4167.87,12212.6,16.08,3.59,119.4435,-4.488216863010841,-0.03862138497261469,-0.11440646965130696,0.18326695351822408,0.29999999999999893,0.1499999999999999
2023-05-02,28682.78,4119.58,12080.51,17.78,3.44,119.6105,2.2078747058767334,-1.165389752800472,-1.0874795508465596,0.13971740875842187,1.7000000000000028,-0.1499999999999999
2023-05-03,29047.44,4090.75,12025.33,18.34,3.38,119.1233,1.2633412796967392,-0.7022889090581685,-0.45781517158172136,-0.40815391566138004,0.5599999999999987,-0.06000000000000005
2023-05-04,28861.56,4061.22,11966.4,20.09,3.37,119.0465,-0.6419749551598741,-0.7244906241250959,-0.4912535987454447,-0.06449180598204762,1.75,-0.009999999999999787
2023-05-05,29514.95,4136.25,12235.41,17.19,3.44,118.5548,2.238630869843483,1.8306159168067992,2.223148429883004,-0.4138872151897566,-2.8999999999999986,0.06999999999999984
2023-05-08,27682.7,4138.12,12256.92,16.98,3.52,118.5759,-6.408924529232074,0.04519981658628325,0.1756468701033853,0.017796093087607545,-0.21000000000000085,0.08000000000000007
2023-05-09,27647.15,4119.17,12179.55,17.71,3.53,118.8239,-0.1285020830234629,-0.4589891663840717,-0.6332359668700605,0.20893032783844134,0.7300000000000004,0.009999999999999787
2023-05-10,27620.2,4137.64,12306.44,16.94,3.43,118.5864,-0.09752594302447903,0.44738902330276886,1.0364386808978665,-0.2000756321242747,-0.7699999999999996,-0.09999999999999964
2023-05-11,27007.95,4130.62,12328.51,16.93,3.39,119.0303,-2.2416121976030823,-0.1698060217456998,0.1791763807474922,0.37362737248178846,-0.010000000000001563,-0.040000000000000036
2023-05-12,26811.54,4124.08,12284.74,17.03,3.46,119.3671,-0.7298875257069071,-0.1584552162620767,-0.3556624674866171,0.28255360509348293,0.10000000000000142,0.06999999999999984
2023-05-15,27178.3,4136.28,12365.21,17.12,3.5,119.1608,1.35864689257712,0.29538685652354957,0.6529042522091189,-0.1729777115714093,0.08999999999999986,0.040000000000000036
2023-05-16,27041.08,4109.9,12343.05,17.99,3.54,119.1743,-0.5061669571665206,-0.6398135861992671,-0.17937326174806145,0.011328587366676857,0.8699999999999974,0.040000000000000036
2023-05-17,27417.13,4158.77,12500.57,16.87,3.57,119.607,1.3810809325070394,1.1820660164447716,1.2681091635979413,0.3624240873389084,-1.1199999999999974,0.029999999999999805
2023-05-18,26829.49,4198.05,12688.84,16.05,3.65,120.0886,-2.1666344846249075,0.9400774284705093,1.4948623719993392,0.40184354495096386,-0.8200000000000003,0.08000000000000007
2023-05-19,26877.99,4191.98,12657.9,16.81,3.7,119.7751,0.18060803889383692,-0.1446955746059686,-0.24413408088950206,-0.261398601380769,0.759999999999998,0.050000000000000266
2023-05-22,26854.54,4192.63,12720.78,17.21,3.72,120.0875,-0.0872841888844178,0.015504597144122556,0.4955350606946851,0.2604826068250965,0.40000000000000213,0.020000000000000018
2023-05-23,27223.75,4145.58,12560.25,18.53,3.7,120.3204,1.36548598982138,-1.1285515564489756,-1.2699811486092116,0.193754092823184,1.3200000000000003,-0.020000000000000018
2023-05-24,26321.63,4115.24,12484.16,20.03,3.73,120.4752,-3.369871945196934,-0.7345550785867516,-0.6076424569158689,0.12857379563859794,1.5,0.029999999999999805
2023-05-25,26488.5,4151.28,12698.09,19.14,3.83,120.8413,0.6319641908438811,0.871956478556335,1.6990947722090866,0.30341918672727175,-0.8900000000000006,0.10000000000000009
2023-05-26,26728.06,4205.45,12975.69,17.95,3.8,120.6304,0.9003273349659224,1.2964582735314423,2.1626018375249245,-0.17467889912241574,-1.1900000000000013,-0.03000000000000025
2023-05-30,27696.65,4205.52,13017.43,17.46,3.69,120.5546,3.5597517362658593,0.0016644929182518808,0.32116218351099235,-0.06285631568765382,-0.48999999999999844,-0.10999999999999988
2023-05-31,27222.9,4179.83,12935.29,17.94,3.64,120.9662,-1.725293639372616,-0.6127372232972661,-0.6329993485914898,0.3408405391757796,0.4800000000000004,-0.04999999999999982
2023-06-01,26837.1,4221.02,13100.98,15.65,3.61,120.0491,-1.4273272281849714,0.9806229149665668,1.2727801391408278,-0.7610341968545598,-2.290000000000001,-0.03000000000000025
2023-06-02,27250.49,4282.37,13240.77,14.6,3.69,120.0049,1.5286244023068107,1.4429789652144365,1.0613669348156662,-0.0368250481137089,-1.0500000000000007,0.08000000000000007
2023-06-05,25751.24,4273.79,13229.43,14.73,3.69,120.0048,-5.658872130884163,-0.20055732655688274,-0.08568126190020564,-8.332996541682292e-5,0.13000000000000078,0
2023-06-06,27245.8,4283.85,13276.42,13.96,3.7,119.9718,5.641659949975697,0.23511165774898757,0.35456360937704545,-0.027502681684765662,-0.7699999999999996,0.010000000000000231
2023-06-07,26347.69,4267.52,13104.89,13.94,3.79,119.859,-3.351877567955164,-0.3819275706767655,-1.3004086394973413,-0.0940663236895567,-0.02000000000000135,0.08999999999999986
2023-06-08,26504.81,4293.93,13238.52,13.65,3.73,119.5712,0.5945620844968857,0.6169535247098068,1.014531878609759,-0.24040420849971156,-0.28999999999999915,-0.06000000000000005
2023-06-09,26483.2,4298.86,13259.14,13.83,3.75,119.4322,-0.08156562663170774,0.1147473763687401,0.15563641591196387,-0.116316350036616,0.17999999999999972,0.020000000000000018
2023-06-12,25906.91,4338.93,13461.92,15.01,3.73,119.6376,-2.2000841200243926,0.9277902665685289,1.5177832974956118,0.1718327037036893,1.1799999999999997,-0.020000000000000018
2023-06-13,25933.04,4369.01,13573.32,14.61,3.84,119.1899,0.10081029095481142,0.690866488336539,0.8241142337933383,-0.37491538822926884,-0.40000000000000036,0.10999999999999988
2023-06-14,25103.81,4372.59,13626.48,13.88,3.83,118.776,-3.2498203951222493,0.08190720692198283,0.3908857247971298,-0.3478653180010838,-0.72999999999999865,-0.009999999999999787
2023-06-15,25542.36,4425.84,13782.82,14.5,3.72,118.5521,1.7318622960385,1.2104580063653003,1.1407930557517432,-0.18868399184643891,0.6199999999999992,-0.10999999999999988
2023-06-16,26341.33,4409.59,13689.57,13.54,3.77,118.4184,3.080093817887253,-0.36783763376515566,-0.6788660041998185,-0.11284106180884379,-0.9600000000000009,0.04999999999999982
2023-06-20,28315.01,4388.71,13667.29,13.88,3.74,118.938,7.225286414908716,-0.47463803686902395,-0.1628842266692132,0.4378233154987754,0.34000000000000163,-0.029999999999999805
2023-06-21,29998.22,4365.69,13502.2,13.2,3.72,118.727,5.774599383312662,-0.5259081846185509,-1.2152751621876234,-0.17756089911138417,-0.6800000000000015,-0.020000000000000018
2023-06-22,29885.29,4381.89,13630.61,12.91,3.8,118.7552,-0.3771660474578553,0.37038857650539825,0.9465363795310822,0.02374914846887677,-0.28999999999999915,0.07999999999999963
2023-06-23,30692.18,4348.33,13492.52,13.44,3.74,119.152,2.664151292471928,-0.7688274822307051,-1.0182541111090515,0.33357575385855043,0.5299999999999994,-0.05999999999999961
2023-06-26,30279.98,4328.82,13335.78,14.25,3.72,119.0761,-1.3521130951621885,-0.4496875789266497,-1.1684809202785473,-0.06372044487461537,0.8100000000000005,-0.020000000000000018
2023-06-27,30702.1,4378.41,13555.67,13.74,3.77,118.8949,1.3844288095457458,1.1390657230512247,1.6354261372589107,-0.15228749302984568,-0.5099999999999998,0.04999999999999982
2023-06-28,30102.6,4376.86,13591.75,13.43,3.71,119.3382,-1.9719509400562885,-0.03540724651998062,0.26580810436716007,0.37215694346821593,-0.3100000000000005,-0.06000000000000005
2023-06-29,30441.4,4396.44,13591.33,13.54,3.85,119.527,1.1191977289573884,0.4463550205313638,-0.0030901575541975035,0.15808082493133924,0.10999999999999943,0.14000000000000012
2023-06-30,30475.82,4450.38,13787.92,13.59,3.81,119.3606,0.11300582548905425,1.2194363266363695,1.4360757038513583,-0.13931240207725182,0.05000000000000071,-0.040000000000000036
2023-07-03,31163.19,4455.59,13816.77,13.57,3.86,119.2119,2.2304008295732203,0.11700018289602099,0.2090225284463898,-0.1246581389357182,-0.019999999999999574,0.04999999999999982
2023-07-05,30492.71,4446.82,13791.65,14.18,3.95,119.3483,-2.174995195118612,-0.19702536362675716,-0.1819735206284534,0.11435269995887509,0.6099999999999994,0.0900000000000003
2023-07-06,29910.89,4411.59,13679.04,15.44,4.05,119.8193,-1.926501051732643,-0.7954065287478329,-0.8198602275776068,0.39386656795361574,1.2599999999999998,0.09999999999999964
2023-07-07,30337.33,4398.95,13660.72,14.83,4.06,119.0761,1.415633927751614,-0.2869292613603136,-0.13401729014432817,-0.6221990022692303,-0.6099999999999994,0.009999999999999787
2023-07-10,30427.52,4409.53,13685.48,15.07,4.01,118.9548,0.2968494655355869,0.24022317330238963,0.18108553851057252,-0.10191954952070148,0.2400000000000002,-0.04999999999999982
2023-07-11,30636.22,4439.26,13760.7,14.84,3.99,118.7344,0.6835507049201439,0.6719588071620208,0.548128652722113,-0.18545231602251633,-0.23000000000000043,-0.019999999999999574
2023-07-12,30379.01,4472.16,13918.96,13.54,3.86,117.6385,-0.8431059707488586,0.7383817501052548,1.1435236167187668,-0.927270302465466,-1.3000000000000007,-0.13000000000000034
2023-07-13,31471.53,4510.04,14138.57,13.61,3.76,117.1831,3.5331418217472432,0.8434509266770363,1.5654584341094235,-0.38786940462873787,0.07000000000000028,-0.10000000000000009
2023-07-14,30312.82,4505.42,14113.7,13.34,3.83,117.0463,-3.7512602282673058,-0.10249061954503702,-0.17605669508249377,-0.11680857787652599,-0.2699999999999996,0.07000000000000028
2023-07-17,30150.4,4522.79,14244.95,13.48,3.81,117.1267,-0.5372535259480671,0.38479435973783893,0.9256501078464652,0.06866718465330379,0.14000000000000057,-0.020000000000000018
2023-07-18,29860.85,4554.98,14353.64,13.3,3.8,117.0264,-0.9649932202155043,0.7092079866133361,0.7601110636127117,-0.08567044906468979,-0.17999999999999972,-0.010000000000000231
2023-07-19,29918.57,4565.72,14358.02,13.76,3.75,117.3462,0.19310999650787863,0.23550834835130985,0.03051025286584519,0.27289896384878887,0.4599999999999991,-0.04999999999999982
2023-07-20,29807.9,4534.87,14063.31,13.99,3.85,117.5947,-0.37058987969285084,-0.6779806181850034,-2.073939279916459,0.21154264129439326,0.23000000000000043,0.10000000000000009
2023-07-21,29907.14,4536.34,14032.81,13.6,3.84,117.9418,0.33237888265134075,0.03241023001034904,-0.21711191424866882,0.29473160317987634,-0.39000000000000057,-0.010000000000000231
2023-07-24,29171.26,4554.64,14058.87,13.91,3.86,117.8124,-2.491326986586806,0.4025974035343438,0.18553541458263823,-0.10977536179170855,0.3100000000000005,0.020000000000000018
2023-07-25,29221.74,4567.46,14144.56,13.86,3.91,117.8565,0.17289747940747446,0.2810758145649572,0.6076584562533682,0.037425388343326205,-0.05000000000000071,0.050000000000000266
2023-07-26,29351.49,4566.75,14127.28,13.19,3.86,117.76,0.44303587911596054,-0.015545953102247267,-0.12224179361357557,-0.0819127738470371,-0.6699999999999999,-0.050000000000000266
2023-07-27,29213.16,4537.41,14050.11,14.41,4.01,117.8938,-0.4724018917613648,-0.6445427491140521,-0.5477455004957221,0.11355642419337286,1.2200000000000006,0.1499999999999999
2023-07-28,29311.22,4582.23,14316.66,13.33,3.96,117.788,0.335108519785976,0.9829414508766732,1.8793669173701844,-0.0897820766023294,-1.08,-0.04999999999999982
2023-07-31,29223.31,4588.96,14346.02,13.63,3.97,117.8241,-0.3003699392314374,0.14676396864565788,0.20486577157932118,0.030643587729528576,0.3000000000000007,0.010000000000000231
2023-08-01,29728.88,4576.73,14283.91,13.93,4.05,118.5738,1.715228543224967,-0.26686495524472775,-0.4338822863836356,0.6342717201560433,0.29999999999999893,0.07999999999999963
2023-08-02,29155.83,4513.39,13973.45,16.09,4.08,119.1268,-1.946407111641868,-1.3936235197657965,-2.1974628409797248,0.46529205032603826,2.16,0.03000000000000025
2023-08-03,29168.14,4501.89,13959.72,15.92,4.2,119.3963,0.04221249062013044,-0.2551225527671619,-0.09830607199781127,0.22597401650550353,-0.16999999999999993,0.1200000000000001
2023-08-04,29073.7,4478.03,13892.07,17.1,4.05,118.821,-0.32430322520990984,-0.5314091027456058,-0.485786608606098,-0.48300532199005985,1.1800000000000015,-0.15000000000000036
2023-08-07,29179.01,4518.44,13977.12,15.77,4.09,119.0809,0.3615629718325408,0.8983583955258112,0.6103533258865923,0.21849350795060118,-1.3300000000000018,0.040000000000000036
2023-08-08,29774.42,4499.38,13867.19,15.99,4.02,119.6407,2.020002045098934,-0.4227192022497661,-0.7896088727717299,0.4689990567368518,0.22000000000000064,-0.07000000000000028
2023-08-09,29561.54,4467.71,13705.08,15.96,4,119.476,-0.7175443470650578,-0.7063636404007312,-1.1759051248198205,-0.13775702495548714,-0.02999999999999936,-0.019999999999999574
2023-08-10,29418.09,4468.83,13721.03,15.85,4.09,119.1581,-0.48644009080458517,0.02506562955826297,0.11631253428330268,-0.2664331611076598,-0.11000000000000121,0.08999999999999986
2023-08-11,29400.05,4464.05,13644.85,14.84,4.16,119.6268,-0.061341622042654365,-0.10702036647138868,-0.5567531304073725,0.39257139118662465,-1.0099999999999998,0.07000000000000028
2023-08-14,29397.35,4489.72,13788.33,14.82,4.19,120.0725,-0.009184079574708903,0.5733913274736935,1.046042116160173,0.3718830331652434,-0.019999999999999574,0.03000000000000025
2023-08-15,29165.96,4437.86,13631.05,16.46,4.21,120.2127,-0.7902258397201933,-1.161806073636562,-1.1472303532300998,0.11669467442017023,1.6400000000000006,0.019999999999999574
2023-08-16,28694.33,4404.33,13474.63,16.78,4.28,120.3551,-1.6302733558287485,-0.758413033820915,-1.1541620529389007,0.11838659756762127,0.3200000000000003,0.07000000000000028
2023-08-17,26600.98,4370.36,13316.93,17.89,4.3,120.5242,-7.575148505796392,-0.7742762356125255,-1.1772500094991756,0.14040229092211476,1.1099999999999994,0.019999999999999574
2023-08-18,26043.99,4369.71,13290.78,17.3,4.26,120.4321,-2.1161025805316314,-0.014874022775579476,-0.19655963192146686,-0.07644540066822358,-0.5899999999999999,-0.040000000000000036
2023-08-21,26128.18,4399.77,13497.59,17.13,4.34,120.4627,0.3227393956485969,0.6855621481268059,1.5440589241698888,0.025405280781942707,-0.1700000000000017,0.08000000000000007
2023-08-22,26038.42,4387.55,13505.87,16.97,4.34,120.3554,-0.3441285749175904,-0.2781282092231052,0.06132547650921083,-0.08911290895543544,-0.16000000000000014,0
2023-08-23,26429.54,4436.01,13721.03,15.98,4.19,120.0307,1.4909184383858687,1.0984339030271073,1.580528661157743,-0.27014889585785795,-0.9899999999999984,-0.14999999999999947
2023-08-24,26168.12,4376.31,13463.97,17.2,4.23,120.2354,-0.9940448020953951,-1.3549420207498386,-1.8912463644179311,0.1703944497601917,1.2199999999999989,0.040000000000000036
2023-08-25,26054.38,4405.71,13590.65,15.68,4.25,120.5137,-0.43559837176498917,0.6695523315476848,0.9364827583478785,0.23119515210003883,-1.5199999999999996,0.019999999999999574
2023-08-28,26102.51,4433.31,13705.13,15.08,4.2,120.3155,0.18455860256114676,0.6245056511158253,0.8388158993454908,-0.1645980178049733,-0.5999999999999996,-0.04999999999999982
2023-08-29,27713.68,4497.63,13943.76,14.45,4.12,120.2669,5.989467581195029,1.4404107984150372,1.7261881066675144,-0.040401958465086096,-0.6300000000000008,-0.08000000000000007
2023-08-30,27297.11,4514.87,14019.31,13.88,4.12,119.7937,-1.514531831766952,0.3825802169906467,0.5403568623126631,-0.39423429990206316,-0.5699999999999985,0
2023-08-31,25922.51,4507.66,14034.97,13.57,4.09,120.225,-5.166913256591954,-0.15982216816592398,0.11164073094374061,0.35938905112331554,-0.3100000000000005,-0.03000000000000025
2023-09-01,25802.02,4515.77,14031.81,13.09,4.18,120.759,-0.46589197791284676,0.17975431036134637,-0.02251772389527673,0.4431836752913476,-0.4800000000000004,0.08999999999999986
2023-09-05,25778.03,4496.83,14020.95,14.01,4.27,121.4345,-0.09302046713735024,-0.42030108696096136,-0.07742554060659046,0.5578198849990557,0.9199999999999999,0.08999999999999986
2023-09-06,25748.1,4465.48,13872.47,14.45,4.3,121.8671,-0.11617407853545814,-0.6995992744252888,-1.0646338989413806,0.35560839376200803,0.4399999999999995,0.03000000000000025
2023-09-07,26267.36,4451.14,13748.83,14.4,4.27,121.9528,1.9966265806816708,-0.3216468205007317,-0.8952571080715899,0.07029779236988887,-0.049999999999998934,-0.03000000000000025
2023-09-08,25906.35,4457.49,13761.53,13.84,4.26,121.9475,-1.3838991385949129,0.14255841976638095,0.0923288601253347,-0.004346038115432549,-0.5600000000000005,-0.009999999999999787
2023-09-11,25161.68,4487.46,13917.91,13.8,4.29,121.3386,-2.916591014244041,0.6701012782986737,1.1299481771114728,-0.5005639626796565,-0.03999999999999915,0.03000000000000025
2023-09-12,25852.36,4461.9,13773.63,14.23,4.27,121.2913,2.707969046726788,-0.5712155841120392,-1.042060539786327,-0.03898942430362595,0.4299999999999997,-0.020000000000000462
2023-09-13,26216.13,4467.44,13813.59,13.48,4.25,121.0549,1.3972977462680447,0.12408533465713134,0.28969956340141323,-0.1950928671302421,-0.75,-0.019999999999999574
2023-09-14,26531.31,4505.1,13926.05,12.82,4.29,121.2395,1.1950674805159878,0.8394550741110507,0.8108296728771336,0.15237664239702298,-0.6600000000000001,0.040000000000000036
2023-09-15,26620.02,4450.32,13708.33,13.79,4.33,121.199,0.33380192883214477,-1.2234084667106515,-1.5757509664041436,-0.033410535353706194,0.9699999999999989,0.040000000000000036
2023-09-18,26767.54,4453.53,13710.24,14,4.32,121.1938,0.5526395117179561,0.07210364368379629,0.013932163516194862,-0.0042905564858308765,0.21000000000000085,-0.009999999999999787
2023-09-19,27199.35,4443.95,13678.19,14.11,4.37,121.1645,1.6003116558925612,-0.2153419552961111,-0.23404053923119505,-0.024179077129016235,0.10999999999999943,0.04999999999999982
2023-09-20,27119.41,4402.2,13469.13,15.14,4.35,120.9648,-0.294336828428321,-0.9439204623111763,-1.5402193136045739,-0.1649532256370989,1.0300000000000011,-0.020000000000000462
2023-09-21,26567.29,4330,13223.98,17.54,4.49,121.5528,-2.0568947834298967,-1.6536873951467967,-1.8368552247221004,0.48491421009808633,2.3999999999999986,0.14000000000000057
2023-09-22,26582.63,4320.06,13211.81,17.2,4.44,121.5306,0.057723512757590356,-0.22982509659392747,-0.09207215566267024,-0.018265336145351085,-0.33999999999999986,-0.04999999999999982
2023-09-25,26296.86,4337.44,13271.32,16.9,4.55,122.1143,-1.0808454545593094,0.40150212758192083,0.4494189332145737,0.4791408453001189,-0.3000000000000007,0.10999999999999943
2023-09-26,26200.13,4273.53,13063.61,18.94,4.56,122.4742,-0.3685167834186487,-1.484412871796259,-1.5774813700081936,0.29429041819080126,2.0400000000000027,0.009999999999999787
2023-09-27,26351.82,4274.51,13092.85,18.22,4.61,122.9895,0.5772970224059648,0.022929233000645866,0.2235777485191548,0.419859031687686,-0.7200000000000024,0.05000000000000071
2023-09-28,27035.82,4299.7,13201.28,17.34,4.59,122.5342,2.5625310615467356,0.5875776887473094,0.8247514911523979,-0.37088111811458546,-0.879999999999999,-0.020000000000000462
2023-09-29,26900.3,4288.05,13219.32,17.52,4.59,122.3077,-0.5025214464367878,-0.271316867551441,0.1365601296225094,-0.18501740479210937,0.17999999999999972,0
2023-10-02,27517.12,4288.39,13307.77,17.61,4.69,123.0545,2.2670917464076012,0.007928697692172193,0.6668679285226631,0.6087346022357387,0.08999999999999986,0.10000000000000053
2023-10-03,27421.92,4229.45,13059.47,19.78,4.81,123.7848,-0.3465662861449559,-1.3839410161484267,-1.8834534074230191,0.5917227369116596,2.1700000000000017,0.11999999999999922
2023-10-04,27782.29,4263.75,13236.01,18.58,4.73,123.5946,1.3056073769490695,0.8077093787001388,1.3427604479081978,-0.15377192884979962,-1.2000000000000028,-0.07999999999999918
2023-10-05,27419.39,4258.19,13219.83,18.49,4.72,123.8993,-1.314833998274345,-0.13048673867483984,-0.12231705375675972,0.246228415282701,-0.08999999999999986,-0.010000000000000675
2023-10-06,27949.12,4308.5,13431.34,17.45,4.78,123.3563,1.9135286959841125,1.1745628333713398,1.587280714052497,-0.4392223051334021,-1.0399999999999991,0.0600000000000005
2023-10-10,27391.73,4358.24,13562.84,17.03,4.66,122.9282,-2.0144571292947333,1.147849044193272,0.9742917933577289,-0.34764707577013,-0.41999999999999815,-0.1200000000000001
2023-10-11,26851.85,4376.95,13659.68,16.09,4.58,122.7697,-1.990642313340274,0.42838286545681115,0.7114727695880063,-0.12902024965368852,-0.9400000000000013,-0.08000000000000007
2023-10-12,26745.5,4349.61,13574.22,16.69,4.7,123.2101,-0.3968484993171373,-0.6265948885271655,-0.6276022201099352,0.35807856626295376,0.6000000000000014,0.1200000000000001
2023-10-13,26859.1,4327.78,13407.23,19.32,4.63,123.5954,0.4238448568345987,-0.5031477449687571,-1.2378291915958073,0.31222992438673103,2.629999999999999,-0.07000000000000028
2023-10-16,28534.29,4373.63,13567.98,17.21,4.71,123.3185,6.050183849491653,1.0538619453747344,1.1918491302157719,-0.2242888035707047,-2.1099999999999994,0.08000000000000007
2023-10-17,28408.19,4373.2,13533.75,17.88,4.83,123.1202,-0.4429038079669212,-0.009832133478049343,-0.25260393488863997,-0.1609325506087167,0.6699999999999982,0.1200000000000001
2023-10-18,28309.35,4314.6,13314.3,19.22,4.91,123.8148,-0.34853450998024726,-1.3490386223825368,-1.6347920045939546,0.562578680200243,1.3399999999999999,0.08000000000000007
2023-10-19,28734.51,4278,13186.18,21.4,4.98,123.798,1.490670066371358,-0.8519009694152757,-0.9669334157292653,-0.013569573160854276,2.1799999999999997,0.07000000000000028
2023-10-20,29686.66,4224.16,12983.81,21.71,4.93,123.612,3.2598947218554386,-1.2665186185758515,-1.546611472946502,-0.15035773415910114,0.3100000000000023,-0.05000000000000071
2023-10-23,33106.86,4217.04,13018.33,20.37,4.86,123.2846,10.904272500711976,-0.16869643388464084,0.2655167634683764,-0.2652123940989348,-1.3399999999999999,-0.0699999999999994
2023-10-24,33919.92,4247.68,13139.87,18.97,4.83,123.6416,2.4261940765521572,0.7239491399758435,0.9292755207468417,0.2891554227475446,-1.4000000000000021,-0.03000000000000025
2023-10-25,34489.91,4186.77,12821.22,20.19,4.95,123.7871,1.6664365062974085,-1.444339793934546,-2.454950878113671,0.11760965221201403,1.2200000000000024,0.1200000000000001
2023-10-26,34140,4137.23,12595.61,20.68,4.86,124.0064,-1.0197100127035341,-1.1903071819741484,-1.7753270222074846,0.17700226781993678,0.48999999999999844,-0.08999999999999986
2023-10-27,33905.16,4117.37,12643.01,21.27,4.84,123.62,-0.6902502173639746,-0.4811871761209119,0.375615273174823,-0.3120832945234575,0.5899999999999999,-0.020000000000000462
2023-10-30,34485.49,4166.82,12789.48,19.75,4.88,123.4076,1.697144066606171,1.1938544947970087,1.1518464720184696,-0.17196463256912153,-1.5199999999999996,0.040000000000000036
2023-10-31,34667.88,4193.8,12851.24,18.14,4.88,123.8364,0.527495400206135,0.645408920746604,0.4817346738919426,0.3468641746004586,-1.6099999999999994,0
2023-11-01,35469.43,4237.86,13061.47,16.87,4.77,123.7922,2.2857588877389645,1.0451180679737604,1.622637020136608,-0.03569862323606898,-1.2699999999999996,-0.11000000000000032
2023-11-02,34935.25,4317.78,13294.19,15.66,4.67,122.8818,-1.5174850612227786,1.8682956430735587,1.766042273770374,-0.7381435689505444,-1.2100000000000009,-0.09999999999999964
2023-11-03,34735.91,4358.34,13478.28,14.91,4.57,121.7564,-0.5722325965262343,0.9349869637437891,1.3752403224737364,-0.9200590413344756,-0.75,-0.09999999999999964
2023-11-06,35063.96,4365.98,13518.78,14.89,4.67,121.6484,0.9399800184018758,0.1751426346801921,0.30003289529805244,-0.08874106598355525,-0.019999999999999574,0.09999999999999964
2023-11-07,35420.95,4378.38,13639.86,14.81,4.58,122.0777,1.0129630655397293,0.283611569324016,0.8916558576169464,0.3522810597425874,-0.08000000000000007,-0.08999999999999986
2023-11-08,35581.68,4382.78,13650.41,14.45,4.49,122.0926,0.452744566082508,0.10044332873562212,0.0773169376891758,0.012204596561105063,-0.3600000000000012,-0.08999999999999986
2023-11-09,36669.3,4347.35,13521.45,15.29,4.62,122.1281,3.010899406640455,-0.8116762182437398,-0.9492244425098662,0.029072064939672515,0.8399999999999999,0.1299999999999999
2023-11-10,37305.81,4415.24,13798.11,14.17,4.61,NA,1.7209185867550048,1.5495728650984475,2.0254312877202807,NA,-1.1199999999999992,-0.009999999999999787
2023-11-13,36470.45,4411.55,13767.74,14.76,4.63,122.4264,-2.2646734941716318,-0.08360910851976655,-0.22034519006446374,NA,0.5899999999999999,0.019999999999999574
2023-11-14,35552.8,4495.7,14094.38,14.16,4.44,121.35,-2.548342819888383,1.8895282757299015,2.344796200772059,-0.8831100923185176,-0.5999999999999996,-0.1899999999999995
2023-11-15,37876.32,4502.88,14103.84,14.18,4.53,121.0749,6.330719925311001,0.15958076771482865,0.06709643626372497,-0.22695698179964197,0.019999999999999574,0.08999999999999986
2023-11-16,36150.03,4508.24,14113.67,14.32,4.45,121.1754,-4.664833622743458,0.11896413835668085,0.06967305334626417,0.08297203823124377,0.14000000000000057,-0.08000000000000007
2023-11-17,36626.6,4514.02,14125.48,13.8,4.44,120.8477,1.3096973909902943,0.12812755985169844,0.08364274908085889,-0.2708007626217146,-0.5199999999999996,-0.009999999999999787
2023-11-20,37476.08,4547.38,14284.53,13.41,4.42,120.2533,2.2928110396353674,0.7363133890926576,1.119687474037967,-0.49307236739428717,-0.39000000000000057,-0.020000000000000462
2023-11-21,35734.18,4538.19,14199.98,13.35,4.41,120.2241,-4.759520906846149,-0.2022988790832514,-0.5936577340865057,-0.024285026487724792,-0.0600000000000005,-0.009999999999999787
2023-11-22,37443.86,4556.62,14265.86,12.85,4.42,120.6802,4.673509086798333,0.40528664649777113,0.4628714109486509,0.3786570393037536,-0.5,0.009999999999999787
2023-11-24,37745.94,4559.34,14250.85,12.46,4.47,120.2105,0.8035175656551985,0.059675559803196165,-0.10527162064768447,-0.3899698869675561,-0.3899999999999988,0.04999999999999982
2023-11-27,37244.39,4550.43,14241.02,12.69,4.39,120.173,-1.3376590785480147,-0.1956142216799961,-0.0690021426464682,-0.031200145021781367,0.22999999999999865,-0.08000000000000007
2023-11-28,37840.46,4554.89,14281.76,12.69,4.34,119.5904,1.58775711011927,0.09796471418237473,0.2856665984523943,-0.48598005086430973,0,-0.04999999999999982
2023-11-29,37864.76,4550.58,14258.49,12.98,4.27,119.8159,0.06419636805645723,-0.09466837674256823,-0.16306798403284972,0.18838273402828065,0.2900000000000009,-0.07000000000000028
2023-11-30,37743,4567.8,14226.22,12.92,4.37,120.2434,-0.322083620145186,0.3776991191685397,-0.2265777942307423,0.35616237480393664,-0.0600000000000005,0.10000000000000053
2023-12-01,38714,4594.63,14305.03,12.63,4.22,119.9424,2.5401263686250175,0.585654170061467,0.5524482834745825,-0.2506394279543578,-0.28999999999999915,-0.15000000000000036
2023-12-04,41856.31,4569.78,14185.49,13.08,4.28,120.4727,7.8041270429517695,-0.5423166555118542,-0.8391612472596677,0.4411543701252185,0.4499999999999993,0.0600000000000005
2023-12-05,44060.06,4567.18,14229.91,12.85,4.18,120.7913,5.131114099978973,-0.05691170958783687,0.3126476219462049,0.26410917931896094,-0.23000000000000043,-0.10000000000000053
2023-12-06,43778.51,4549.34,14146.71,12.97,4.12,120.5334,-0.6410645442498364,-0.391377911138413,-0.5863999194607672,-0.21373700925062522,0.120000000000001,-0.05999999999999961
2023-12-07,43305.91,4585.59,14339.99,13.06,4.14,120.6013,-1.0853942408187933,0.793661041331184,1.3570049600206247,0.05631707240363326,0.08999999999999986,0.019999999999999574
2023-12-08,44223.94,4604.37,14403.97,12.35,4.23,120.7607,2.097715611293083,0.4087074621006437,0.4451725208507895,0.13208377720950182,-0.7100000000000009,0.09000000000000075
2023-12-11,41205.53,4622.44,14432.49,12.63,4.23,120.9279,-7.069380076559639,0.39168516750809346,0.19780520423910986,0.13835987851580356,0.28000000000000114,0
2023-12-12,41452.65,4643.7,14533.4,12.07,4.2,120.6817,0.597934133713629,0.45887580600858513,0.6967533760262157,-0.2037999195518836,-0.5600000000000005,-0.03000000000000025
2023-12-13,42927.11,4707.09,14733.96,12.19,4.04,121.1571,3.495174909278731,1.3558420429298224,1.3705584615330224,0.3931549547532498,0.11999999999999922,-0.16000000000000014
2023-12-14,43031.34,4719.55,14761.56,12.48,3.92,119.5683,0.24251263507757415,0.264357337426091,0.1871471196677632,-1.3200294363103104,0.2900000000000009,-0.1200000000000001
2023-12-15,41939.81,4719.19,14813.92,12.28,3.91,119.7382,-2.5693192247851826,-0.007628136810033936,0.35407746351694414,0.14199365963420973,-0.20000000000000107,-0.009999999999999787
2023-12-18,42638.28,4740.56,14905.19,12.56,3.95,119.9102,1.6516946150774814,0.4518097487249406,0.6142195169489995,0.14354364939102027,0.28000000000000114,0.040000000000000036
2023-12-19,42252.2,4768.37,15003.22,12.53,3.93,119.4632,-0.9096017879478779,0.5849255234901207,0.6555370282296025,-0.37347551530597656,-0.030000000000001137,-0.020000000000000018
2023-12-20,43647.01,4698.35,14777.94,13.67,3.86,119.5435,3.247835705870372,-1.4793144174520378,-1.5129316462394016,0.06719477154524256,1.1400000000000006,-0.07000000000000028
2023-12-21,43876.98,4746.75,14963.87,13.65,3.89,119.3168,0.5255028460753763,1.0248790092495241,1.2503100662565103,-0.18981812219811545,-0.019999999999999574,0.03000000000000025
2023-12-22,44015.6,4754.63,14992.97,13.03,3.9,119.0625,0.315430756350743,0.16587067997893,0.19427956455384532,-0.21335753269475788,-0.620000000000001,0.009999999999999787
2023-12-26,42520.26,4774.75,15074.57,12.99,3.89,118.8875,-3.456344831184488,0.42227363999494116,0.5427793583001161,-0.14708975125161672,-0.03999999999999915,-0.009999999999999787
2023-12-27,43444.45,4781.58,15099.18,12.43,3.79,118.4729,2.1502442301802205,0.14294192776826975,0.16312195505712168,-0.3493425370439951,-0.5600000000000005,-0.10000000000000009
2023-12-28,42613.04,4783.35,15095.14,12.47,3.84,118.4104,-1.9322800804717488,0.03701020331980942,-0.02676000005372714,-0.05276860078380352,0.040000000000000924,0.04999999999999982
2023-12-29,42056.3,4769.83,15011.35,12.45,3.88,118.4208,-1.3151112883937444,-0.2830472999853839,-0.5566256069048592,0.008782626619030509,-0.02000000000000135,0.040000000000000036
2024-01-02,45030.04,4742.83,14765.94,13.2,3.95,119.2686,6.832062577205633,-0.5676660892966368,-1.648340440112861,0.7133709751991013,0.75,0.07000000000000028
2024-01-03,42836.3,4704.81,14592.21,14.04,3.91,119.6958,-4.994394864063345,-0.8048614308973967,-1.183535256406465,0.35754317806331315,0.8399999999999999,-0.040000000000000036
2024-01-04,44230.11,4688.68,14510.3,14.13,3.99,119.6208,3.201990490777362,-0.3434296699870387,-0.5629082597145896,-0.06267847901506585,0.09000000000000163,0.08000000000000007
2024-01-05,44174.5,4697.24,14524.07,13.35,4.05,119.388,-0.12580793543417457,0.18240092336760938,0.0948531070756431,-0.1948046043667162,-0.7800000000000011,0.05999999999999961
2024-01-08,47000.31,4763.54,14843.77,13.08,4.01,119.2506,6.2006497910411795,1.401598713236396,2.177297545302892,-0.11515321928889932,-0.2699999999999996,-0.040000000000000036
2024-01-09,46103,4756.5,14857.71,12.76,4.02,119.6666,-1.9276173625820903,-0.14789856520085465,0.09386738319818733,0.34823815146163284,-0.3200000000000003,0.009999999999999787
2024-01-10,46590.34,4783.45,14969.65,12.69,4.04,119.7614,1.0515199698280853,0.5649939819610594,0.7505895630288251,0.07918873728547382,-0.07000000000000028,0.020000000000000462
2024-01-11,46324.98,4780.24,14970.19,12.44,3.98,119.8916,-0.571188306644288,-0.06712890360400792,0.003607233706404145,0.10865711074758977,-0.25,-0.06000000000000005
2024-01-12,42797.41,4783.83,14972.76,12.7,3.96,119.534,-7.920375370099109,0.07507264519421852,0.017165977342337158,-0.29871514650690045,0.2599999999999998,-0.020000000000000018
2024-01-16,43152.59,4765.98,14944.35,13.84,4.07,120.5759,0.8264852165076775,-0.3738298623245484,-0.18992481920818705,0.8678580428846061,1.1400000000000006,0.11000000000000032
2024-01-17,42705.07,4739.21,14855.62,14.79,4.1,121.0402,-1.0424790353997793,-0.5632727126755555,-0.595505715052802,0.38432916640092074,0.9499999999999993,0.02999999999999936
2024-01-18,41234.95,4780.94,15055.65,14.13,4.14,120.8895,-3.503145082665249,0.8766724739531995,1.337509119401581,-0.12458166111164459,-0.6599999999999984,0.040000000000000036
2024-01-19,41633.68,4839.81,15310.97,13.3,4.15,120.6442,0.9623257367644911,1.2238283870230404,1.6816228918834497,-0.20311872367013706,-0.8300000000000001,0.010000000000000675
2024-01-22,39547.64,4850.43,15360.29,13.19,4.11,120.6178,-5.140343395897418,0.21918970535104165,0.3216042804204733,-0.021884921873649432,-0.11000000000000121,-0.040000000000000036
2024-01-23,39866.78,4864.6,15425.94,12.55,4.14,121.1001,0.8037374522634977,0.2917131506229964,0.42649002174677264,0.3990607564024806,-0.6399999999999988,0.02999999999999936
2024-01-24,40051.8,4868.55,15481.92,13.14,4.18,120.4916,0.46302206709043503,0.08116591682760799,0.36223835110256175,-0.5037435365219167,0.5899999999999999,0.040000000000000036
2024-01-25,39944.5,4894.16,15510.5,13.45,4.14,120.8311,-0.2682625680151318,0.5246506091991066,0.18443224569946182,0.28136617398724084,0.3099999999999987,-0.040000000000000036
2024-01-26,41792.29,4890.97,15455.36,13.26,4.15,120.6173,4.522088211249731,-0.06520097562336957,-0.35613451897802406,-0.17709792724209805,-0.1899999999999995,0.010000000000000675
2024-01-29,43272.35,4927.93,15628.04,13.6,4.08,120.8538,3.4801990150652884,0.7528373761456209,1.1110867952785597,0.1958827169139532,0.33999999999999986,-0.07000000000000028
2024-01-30,42985.96,4924.97,15509.9,13.31,4.06,120.6025,-0.6640312158520345,-0.06008383499374048,-0.7588206983717427,-0.20815368307722792,-0.28999999999999915,-0.020000000000000462
2024-01-31,42599.49,4845.65,15164.01,14.35,3.99,120.4331,-0.9031269376452045,-1.6236787963986643,-2.25536726039266,-0.14056017276331545,1.0399999999999991,-0.0699999999999994
2024-02-01,43090.14,4906.19,15361.64,13.88,3.87,120.3335,1.14519192634841,1.2416277903485096,1.2948635742780823,-0.08273573301407211,-0.46999999999999886,-0.1200000000000001
2024-02-02,43187.41,4958.61,15628.95,13.85,4.03,120.902,0.22548169532328188,1.0627786351802726,1.7251470820669468,0.4713245375744357,-0.030000000000001137,0.16000000000000014
2024-02-05,42654.6,4942.81,15597.68,13.67,4.17,121.349,-1.2413894836882378,-0.31914641356145523,-0.20027784267675486,0.3690391431261375,-0.17999999999999972,0.13999999999999968
2024-02-06,43093.37,4954.23,15609,13.06,4.09,120.9588,1.0234034218139954,0.2307761728426172,0.07254857291130179,-0.32206997652766134,-0.6099999999999994,-0.08000000000000007
2024-02-07,44393.14,4995.06,15756.64,12.83,4.09,120.9049,2.9715796025973518,0.8207666921331125,0.9414192753997241,-0.044570558452772246,-0.23000000000000043,0
2024-02-08,45345.8,4997.91,15793.71,12.79,4.15,121.0798,2.1232606265749965,0.05704010073621646,0.23498957734791048,0.14455461891271781,-0.040000000000000924,0.0600000000000005
2024-02-09,47154.45,5026.61,15990.66,12.93,4.17,121.039,3.911082500306229,0.572597559086141,1.2393042287662581,-0.03370246373783914,0.14000000000000057,0.019999999999999574
2024-02-12,49961,5021.84,15942.55,13.93,4.17,120.9378,5.781431680443383,-0.09494002275562963,-0.3013166318069693,-0.08364438731343071,1,0
2024-02-13,49691.47,4953.17,15655.6,15.85,4.31,121.5202,-0.5409412476035769,-1.3768624761212322,-1.8162955016126858,0.480414026460263,1.92,0.13999999999999968
2024-02-14,51833.46,5000.62,15859.15,14.38,4.27,121.4002,4.220259808426263,0.9534129096895327,1.2917940366239833,-0.09879780352823886,-1.4699999999999989,-0.040000000000000036
2024-02-15,51935.86,5029.73,15906.17,14.01,4.24,121.2121,0.19736090250663807,0.5804399991795606,0.29604634451434464,-0.15506224349666198,-0.370000000000001,-0.02999999999999936
2024-02-16,52181.12,5005.57,15775.65,14.24,4.3,121.1505,0.47112479375819305,-0.48150123419912205,-0.823947225280186,-0.05083292663679018,0.23000000000000043,0.05999999999999961
2024-02-20,52284.38,4975.51,15630.78,15.42,4.27,121.0199,0.19769212540055037,-0.6023414477223099,-0.9225564796867758,-0.10785794850312058,1.1799999999999997,-0.03000000000000025
2024-02-21,51833.99,4981.8,15580.87,15.34,4.32,121.0379,-0.8651553213530505,0.12633935945860486,-0.3198167513803085,0.014872480897665241,-0.08000000000000007,0.05000000000000071
2024-02-22,51262.51,5087.03,16041.62,14.54,4.33,121.102,-1.1086425888690243,2.090289169482773,2.914271513956912,0.05294460061922024,-0.8000000000000007,0.009999999999999787
2024-02-23,50751.19,5088.8,15996.82,13.75,4.26,121.0369,-1.0024619869676954,0.034788317372758115,-0.27966423583141164,-0.053770791532148365,-0.7899999999999991,-0.07000000000000028
2024-02-26,54559,5069.53,15976.25,13.74,4.28,121.0592,7.234761899863784,-0.379393524610272,-0.12867080225955618,0.018422436431730915,-0.009999999999999787,0.020000000000000462
2024-02-27,57064.29,5078.18,16035.3,13.43,4.31,120.9647,4.48958420545118,0.17048185442885,0.36892975802196304,-0.07809146518376053,-0.3100000000000005,0.02999999999999936
2024-02-28,62479.39,5069.76,15947.74,13.84,4.27,121.128,9.065821538356822,-0.16594504761027196,-0.5475415642493431,0.13490702096108365,0.41000000000000014,-0.040000000000000036
2024-02-29,61240.13,5096.27,16091.92,13.4,4.25,121.1824,-2.00340487767825,0.5215420393339443,0.9000156259302727,0.04490108630408329,-0.4399999999999995,-0.019999999999999574
2024-03-01,62468.47,5137.08,16274.94,13.11,4.19,121.0111,1.9859255866720105,0.797592505779221,1.1309218791076603,-0.14145716426279265,-0.2900000000000009,-0.05999999999999961
2024-03-04,68277.61,5130.95,16207.51,13.49,4.22,120.872,8.891994493499844,-0.11939974324697289,-0.41517863867674976,-0.11501424889441836,0.3800000000000008,0.02999999999999936
2024-03-05,63893.71,5078.65,15939.59,14.46,4.13,120.8846,-6.636097290083853,-1.0245348981573699,-1.6668763489317229,0.010423707159468165,0.9700000000000006,-0.08999999999999986
2024-03-06,66092.71,5104.76,16031.54,14.5,4.11,120.4649,3.383753184859728,0.5127959537251314,0.5752080300235107,-0.3477947317575669,0.03999999999999915,-0.019999999999999574
2024-03-07,66914.79,5157.36,16273.38,14.44,4.09,120.1909,1.2361565601350932,1.025138288139793,1.4972612093730575,-0.22771121111251347,-0.0600000000000005,-0.020000000000000462
2024-03-08,68313.7,5123.69,16085.11,14.74,4.09,119.975,2.0690313180052655,-0.6549938065646188,-1.1636644632600834,-0.1797924336124801,0.3000000000000007,0
2024-03-11,72202.19,5117.94,16019.27,15.22,4.1,120.0394,5.536004573506581,-0.11228682551802649,-0.41016267751654567,0.05366344814765611,0.4800000000000004,0.009999999999999787
2024-03-12,71471.62,5175.27,16265.64,13.84,4.16,120.1668,-1.0169930020511586,1.1139497364013096,1.5262534883065726,0.10607554005348518,-1.3800000000000008,0.0600000000000005
2024-03-13,73098.48,5165.31,16177.77,13.75,4.19,119.9642,2.250712527767007,-0.1926391571869246,-0.541682978805369,-0.16874126878496654,-0.08999999999999986,0.03000000000000025
2024-03-14,71456.55,5150.48,16128.53,14.4,4.29,120.241,-2.271800043343397,-0.2875205915668033,-0.304832420483514,0.23046971715983133,0.6500000000000004,0.09999999999999964
2024-03-15,69492.42,5117.09,15973.17,14.41,4.31,120.4003,-2.7871890797905863,-0.6503996116926203,-0.9679313741006723,0.13239624558991636,0.009999999999999787,0.019999999999999574
2024-03-18,67566.95,5149.42,16103.45,14.33,4.34,120.5752,-2.809872370425559,0.6298168875158439,0.8123095037619876,0.14516001063311634,-0.08000000000000007,0.03000000000000025
2024-03-19,61977.96,5178.51,16166.79,13.82,4.3,120.9332,-8.634012019554405,0.563328313189082,0.39256033634096354,0.29647023641325987,-0.5099999999999998,-0.040000000000000036
2024-03-20,67862.33,5224.62,16369.41,13.04,4.27,120.9289,9.070225618828864,0.8864697827339896,1.2455211081922712,-0.0035557451957046737,-0.7800000000000011,-0.03000000000000025
2024-03-21,65505.11,5241.53,16401.84,12.92,4.27,120.8086,-3.5352939297693453,0.32313725131380977,0.19791744645711873,-0.09952945648139533,-0.11999999999999922,0
2024-03-22,63712.44,5234.18,16428.82,13.06,4.22,121.1842,-2.7748320930061965,-0.1403246406415093,0.1643585969553385,0.31042270812502437,0.14000000000000057,-0.04999999999999982
2024-03-25,69914.45,5218.19,16384.47,13.19,4.25,121.0295,9.289251783131114,-0.3059595569942175,-0.2703174659171026,-0.12773845660714045,0.129999999999999,0.03000000000000025
2024-03-26,69976.26,5203.58,16315.7,13.24,4.24,121.0742,0.08836899036737123,-0.28037482252578627,-0.42061005423370545,0.03692632579177513,0.05000000000000071,-0.009999999999999787
2024-03-27,69372.26,5248.49,16399.52,12.78,4.2,121.0089,-0.8668965879136792,0.8593565940708814,0.5124231682398062,-0.05394841819503782,-0.46000000000000085,-0.040000000000000036
2024-03-28,70770.78,5254.35,16379.46,13.01,4.2,121.0635,1.9959127855150527,0.11158887706699261,-0.1223955260613252,0.04511047184720951,0.23000000000000043,0
2024-04-01,69702.13,5243.77,16396.83,13.65,4.33,121.5151,-1.5215326805851248,-0.20155996658246522,0.10599126152559535,0.37233335646158494,0.6400000000000006,0.1299999999999999
2024-04-02,65478.7,5205.81,16240.45,14.61,4.36,121.3035,-6.250597792493018,-0.7265395734467717,-0.9582979754547694,-0.1742865279370065,0.9599999999999991,0.03000000000000025
2024-04-03,65982.23,5211.49,16277.46,14.33,4.36,121.0198,0.7660564434429418,0.10904938060498637,0.22762850368014398,-0.2341501041117411,-0.27999999999999936,0
2024-04-04,68415.92,5147.21,16049.08,16.35,4.31,120.7613,3.6220082734843118,-1.241098305745858,-1.4129801685195176,-0.21382986386893066,2.0200000000000014,-0.05000000000000071
2024-04-05,67878.68,5204.34,16248.52,16.03,4.39,120.9646,-0.788355198914914,1.1038072569657942,1.2350300644069279,0.16820708739455625,-0.3200000000000003,0.08000000000000007
2024-04-08,71607.88,5202.39,16253.96,15.19,4.42,120.7359,5.348312968119195,-0.037475749305038164,0.03347436903755607,-0.18924252804861652,-0.8400000000000016,0.03000000000000025
2024-04-09,69100.81,5209.91,16306.64,14.98,4.36,120.7048,-3.5638670930076444,0.14444457627025287,0.3235815431256839,-0.025762019553443594,-0.20999999999999908,-0.05999999999999961
2024-04-10,70554.77,5160.64,16170.36,15.8,4.55,121.5727,2.0822834789479217,-0.9501978333886996,-0.8392450034524046,0.7164542415101671,0.8200000000000003,0.1899999999999995
2024-04-11,70001.36,5199.06,16442.2,14.91,4.56,121.6081,-0.7874617204167933,0.7417237205871174,1.6671263834258099,0.029114140795627463,-0.8900000000000006,0.009999999999999787
2024-04-12,67107.27,5123.41,16175.09,17.31,4.5,122.2885,-4.22222865707873,-1.4657607029448627,-1.6378796112602956,0.557942804509004,2.3999999999999986,-0.05999999999999961
2024-04-15,63359.28,5061.82,15885.02,19.23,4.63,122.425,-5.747100005602768,-1.2094130563305328,-1.8095877743574462,0.11155903875899043,1.9200000000000017,0.1299999999999999
2024-04-16,63840,5051.41,15865.25,18.4,4.67,123.1234,0.7558569336314491,-0.2058690186348855,-0.12453439013313528,0.5688506895578982,-0.8300000000000018,0.040000000000000036
2024-04-17,61267.8,5022.21,15683.37,18.21,4.59,123.0207,-4.112553369137828,-0.5797336366097028,-1.153026756986364,-0.0834470588240599,-0.18999999999999773,-0.08000000000000007
2024-04-18,63447.36,5011.12,15601.5,18,4.64,123.0017,3.4956166279590306,-0.22106328639264206,-0.5233851819749447,-0.015445748060205489,-0.21000000000000085,0.04999999999999982
2024-04-19,63836.5,4967.23,15282.01,18.71,4.62,123.1075,0.6114541347463032,-0.8797102336545848,-2.069074388938752,0.08597809957331393,0.7100000000000009,-0.019999999999999574
2024-04-22,66828.83,5010.6,15451.31,16.94,4.62,123.0609,4.580944718491153,0.8693327734887291,1.1017469803556779,-0.037860261964262065,-1.7699999999999996,0
2024-04-23,66472.3,5070.55,15696.64,15.69,4.61,122.7227,-0.53492547311631,1.1893624576652329,1.5752887318084774,-0.2752016110505906,-1.2500000000000018,-0.009999999999999787
2024-04-24,64198.5,5071.63,15712.75,15.97,4.65,122.89,-3.480547359399644,0.021297196541247843,0.10258079773404205,0.13623076158033598,0.28000000000000114,0.040000000000000036
2024-04-25,64510.14,5048.42,15611.76,15.37,4.7,122.8384,0.4842574810984601,-0.45869419014579194,-0.6448008278709949,-0.04199758819769528,-0.6000000000000014,0.04999999999999982
2024-04-26,63747.32,5099.96,15927.9,15.03,4.67,122.9471,-1.1895276808788324,1.0157373516559431,2.00478120800085,0.08845111455872967,-0.33999999999999986,-0.03000000000000025
2024-04-29,63804.4,5116.17,15983.08,14.67,4.63,122.5449,0.0895009550795578,0.3173415687477643,0.3458374202088166,-0.32766881190244845,-0.35999999999999943,-0.040000000000000036
2024-04-30,60690.8,5035.69,15657.82,15.65,4.69,122.9853,-5.003003198580203,-1.5855554753445134,-2.056018999353171,0.3587342594052245,0.9800000000000004,0.0600000000000005
2024-05-01,58278.09,5018.39,15605.48,15.39,4.63,123.0168,-4.056591353507244,-0.3441392364873508,-0.33483380769308013,0.025609537619608602,-0.2599999999999998,-0.0600000000000005
2024-05-02,59071.21,5064.2,15840.96,14.68,4.58,122.4384,1.351745731157017,0.9087013401336108,1.4976855988734883,-0.4712885044469317,-0.7100000000000009,-0.04999999999999982
2024-05-03,62855.86,5127.79,16156.33,13.49,4.5,122.1375,6.210050327714711,1.247858860899953,1.971293273012975,-0.24605870964089505,-1.1899999999999995,-0.08000000000000007
2024-05-06,63145.67,5180.74,16349.25,13.49,4.49,121.8913,0.46001109836701914,1.0273136069377742,1.1870101390954346,-0.20177953055835474,0,-0.009999999999999787
2024-05-07,62344.02,5187.7,16332.56,13.23,4.47,122.093,-1.2776522199558826,0.13425358193490666,-0.10213633486575446,0.16533854510205614,-0.2599999999999998,-0.020000000000000462
2024-05-08,61156.89,5187.67,16302.76,13,4.48,122.1926,-1.9225227802889933,-5.782926294273238e-4,-0.1826242750635032,0.0815439023168274,-0.23000000000000043,0.010000000000000675
2024-05-09,63088.62,5214.08,16346.26,12.69,4.45,122.1634,3.1097875090424054,0.5078002595890752,0.2664706367289327,-0.02389955649872988,-0.3100000000000005,-0.03000000000000025
2024-05-10,60801.1,5222.68,16340.87,12.55,4.5,122.014,-3.693252371573763,0.1648021406346345,-0.03297934109749434,-0.12237006262099115,-0.1399999999999988,0.04999999999999982
2024-05-13,62909.03,5221.42,16388.24,13.6,4.48,122.0261,3.408183369701412,-0.02412845541712727,0.28946728509637865,0.009916403091025927,1.049999999999999,-0.019999999999999574
2024-05-14,61558.14,5246.68,16511.18,13.42,4.45,121.9256,-2.1707620521475235,0.48261000617184635,0.7473722773815084,-0.08239336367443784,-0.17999999999999972,-0.03000000000000025
2024-05-15,66293.39,5308.15,16742.39,12.45,4.36,121.3543,7.410809979147004,1.1647879688046814,1.3906099461168608,-0.46966564041825976,-0.9700000000000006,-0.08999999999999986
2024-05-16,65282.62,5297.1,16698.32,12.42,4.38,121.2236,-1.5364349226338447,-0.2083874307301059,-0.2635711114551853,-0.10775920860677246,-0.02999999999999936,0.019999999999999574
2024-05-17,66941.22,5303.27,16685.97,11.99,4.42,121.2354,2.508907623907497,0.11641104408202096,-0.07398689960673721,0.009733604452222266,-0.4299999999999997,0.040000000000000036
2024-05-20,71466.21,5308.13,16794.87,12.15,4.44,121.2289,6.5409829689279775,0.09159960683451374,0.6505236071523868,-0.005361614061616393,0.16000000000000014,0.020000000000000462
2024-05-21,70191.19,5321.41,16832.62,11.86,4.41,121.3793,-1.8001946002087266,0.24986983273898034,0.22451878423108695,0.12398593227009869,-0.2900000000000009,-0.03000000000000025
2024-05-22,69145.91,5307.01,16801.54,12.29,4.43,121.5462,-1.5003895001491685,-0.2709717683547552,-0.18481216029346825,0.13740840402549637,0.4299999999999997,0.019999999999999574
2024-05-23,67903.82,5267.84,16736.03,12.77,4.47,121.7477,-1.812661739229604,-0.7408176785643761,-0.39066684508206606,0.16564331951807176,0.4800000000000004,0.040000000000000036
2024-05-24,68567.61,5304.72,16920.79,11.93,4.46,121.6172,0.9727973609143348,0.6976578915070419,1.0979162971519685,-0.10724637160759443,-0.8399999999999999,-0.009999999999999787
2024-05-28,68350.32,5306.04,17019.88,12.92,4.54,121.43,-0.31740208520876223,0.024880404548,0.5839029196136991,-0.15404418320246194,0.9900000000000002,0.08000000000000007
2024-05-29,67573.57,5266.95,16920.58,14.28,4.61,122.1641,-1.1429314677545932,-0.7394346936504093,-0.585144004120508,0.6027257822370125,1.3599999999999994,0.07000000000000028
2024-05-30,68356.11,5235.48,16737.08,14.47,4.55,121.9601,1.151402173929128,-0.5992916722542319,-1.0904015201179007,-0.16712808274155222,0.19000000000000128,-0.0600000000000005
2024-05-31,67506.03,5277.51,16735.02,12.92,4.51,122.098,-1.2514024783842004,0.7995864911521267,-0.012308758653389873,0.11300589054430432,-1.5500000000000007,-0.040000000000000036
2024-06-03,68794.57,5283.4,16828.67,13.11,4.41,122.3509,1.8907890184165055,0.11154342969863507,0.5580449767752071,0.2069144841557069,0.1899999999999995,-0.09999999999999964
2024-06-04,70596.56,5291.34,16857.05,13.16,4.33,122.7256,2.5856600693622056,0.15016920495654063,0.16849873901847445,0.30578231039086745,0.05000000000000071,-0.08000000000000007
2024-06-05,71164.39,5354.03,17187.9,12.63,4.29,122.5339,0.8011134756920057,1.1778026448059364,1.9436680962654052,-0.15632425169140873,-0.5299999999999994,-0.040000000000000036
2024-06-06,70770.7,5352.96,17173.12,12.58,4.28,122.3713,-0.5547479620929607,-0.01998694317570937,-0.08602771926753405,-0.1327860934692282,-0.05000000000000071,-0.009999999999999787
2024-06-07,69283.58,5346.99,17133.13,12.22,4.43,123.549,-2.1237135951608366,-0.11158931807155881,-0.23313546722736334,0.9577973052765643,-0.35999999999999943,0.14999999999999947
2024-06-10,69490.62,5360.79,17192.53,12.74,4.47,123.9125,0.2983842149502536,0.25775665246072776,0.3460971138949276,0.293783284626592,0.5199999999999996,0.040000000000000036
2024-06-11,67316.44,5375.32,17343.55,12.85,4.39,124.0349,-3.1787293267953487,0.2706754843456949,0.8745692191430621,0.09873062588487969,0.10999999999999943,-0.08000000000000007
2024-06-12,68270.98,5421.03,17608.44,12.04,4.31,123.8295,1.408029992944293,0.8467727171883155,1.5157653204788346,-0.16573581927588066,-0.8100000000000005,-0.08000000000000007
2024-06-13,66764.3,5433.74,17667.56,11.94,4.24,124.0235,-2.2316279549340123,0.23418286723053683,0.3351857089853638,0.15654443530506157,-0.09999999999999964,-0.0699999999999994
2024-06-14,66022.42,5431.6,17688.88,12.66,4.2,124.1694,-1.1174125233484489,-0.039391312700232106,0.12060039180443738,0.11756985538751152,0.7200000000000006,-0.040000000000000036
2024-06-17,66517.55,5473.23,17857.02,12.75,4.28,124.239,0.7471441306016402,0.7635185920104703,0.9460514661945751,0.056036753846733234,0.08999999999999986,0.08000000000000007
2024-06-18,65126.6,5487.03,17862.23,12.3,4.22,123.9776,-2.1132754708251156,0.2518189767846124,0.029171945306671887,-0.21062257450550348,-0.4499999999999993,-0.0600000000000005
2024-06-20,64842.53,5473.17,17721.59,13.28,4.25,124.192,-0.43713526796889113,-0.2529152276068203,-0.7904757405230001,0.17278510610516662,0.97999999999999865,0.03000000000000025
2024-06-21,64136.38,5464.62,17689.36,13.2,4.25,124.1086,-1.0949961597580327,-0.15633874377698476,-0.18203413859207984,-0.06717664245377009,-0.08000000000000007,0
2024-06-24,60236.01,5447.87,17496.82,13.33,4.25,123.7125,-6.274140739442657,-0.3069879221799354,-1.0944178753522493,-0.3196663539148048,0.13000000000000078,0
2024-06-25,61820.98,5469.3,17717.65,12.84,4.23,123.9417,2.597244281500899,0.39259309005768017,1.254216774045247,0.1850968531429409,-0.4900000000000002,-0.019999999999999574
2024-06-26,60794.33,5477.9,17805.16,12.55,4.32,124.26,-1.6746261008739438,0.15711783413401292,0.4926985057020161,0.25648508813089776,-0.28999999999999915,0.08999999999999986
2024-06-27,61622.64,5482.87,17858.68,12.24,4.29,124.3379,1.3532807438984662,0.09068706560970696,0.3001361613131692,0.06267148881766715,-0.3100000000000005,-0.03000000000000025
2024-06-28,60322.28,5460.48,17732.6,12.44,4.36,124.2103,-2.132781408964668,-0.4091988512145761,-0.7084911101362223,-0.10267627060676077,0.1999999999999993,0.07000000000000028
2024-07-01,62870.34,5475.09,17879.3,12.22,4.48,124.4667,4.1372988971231095,0.2672015942936312,0.8238865649893512,0.20621134311396006,-0.21999999999999886,0.1200000000000001
2024-07-02,62056.54,5509.01,18028.76,12.03,4.43,124.2917,-1.3028605396653958,0.6176219776783398,0.8324641494205309,-0.14069878956401993,-0.19000000000000128,-0.05000000000000071
2024-07-03,60187.34,5537.02,18188.3,12.09,4.36,123.7768,-3.05838737729065,0.5071516198198012,0.8810269633585222,-0.4151278694748406,0.0600000000000005,-0.0699999999999994
2024-07-05,56624.69,5567.19,18352.76,12.48,4.28,123.4762,-6.1016922020991515,0.5433988413196644,0.9001441691028234,-0.24315187124335225,0.39000000000000057,-0.08000000000000007
2024-07-08,56684.73,5572.85,18403.74,12.37,4.28,123.3576,0.10597531188345499,0.10161544279974066,0.27739329201459384,-0.09609705731294937,-0.11000000000000121,0
2024-07-09,57995.57,5576.98,18429.29,12.51,4.3,123.4071,2.2861766025666697,0.07408185037576231,0.1387341964429467,0.04011919100577188,0.14000000000000057,0.019999999999999574
2024-07-10,57653.32,5633.91,18647.45,12.85,4.28,123.1895,-0.5918794363610758,1.0156283642139385,1.1768160724768606,-0.17648260882614508,0.33999999999999986,-0.019999999999999574
2024-07-11,57384.82,5584.54,18283.41,12.92,4.2,122.769,-0.4668025535902842,-0.8801629230175578,-1.9715316220343837,-0.3419279347438575,0.07000000000000028,-0.08000000000000007
2024-07-12,57910.59,5615.35,18398.45,12.46,4.18,122.4404,0.9120460989390011,0.5501853628775422,0.6272330637521861,-0.26801598690875394,-0.4599999999999991,-0.020000000000000462
2024-07-15,64772.57,5631.22,18472.57,13.12,4.23,122.6347,11.198194186240862,0.28221956620431143,0.4020507153997599,0.15856367351050338,0.6599999999999984,0.05000000000000071
2024-07-16,65045.81,5667.2,18509.34,13.19,4.17,122.7264,0.4209579621884174,0.6369053660041146,0.19885404575692434,0.07474697844891409,0.07000000000000028,-0.0600000000000005
2024-07-17,64157.33,5588.27,17996.92,14.48,4.16,122.518,-1.3753442914071101,-1.4025410555021267,-2.8074837403879727,-0.1699529531862254,1.290000000000001,-0.009999999999999787
2024-07-18,63999.59,5544.59,17871.22,15.93,4.2,122.7909,-0.24616708899731776,-0.784708046968241,-0.7009034457896135,0.22249507668128388,1.4499999999999993,0.040000000000000036
2024-07-19,66771.26,5505,17726.94,16.52,4.25,123.147,4.2396071352911235,-0.7165907407030048,-0.8106081327518666,0.2895855001232128,0.5899999999999999,0.04999999999999982
2024-07-22,67585.54,5564.41,18007.57,14.91,4.26,123.2172,1.2121306400404208,1.0734189165974684,1.5706708684556148,0.056988801051449656,-1.6099999999999994,0.009999999999999787
2024-07-23,65923.74,5555.74,17997.35,14.72,4.25,123.3843,-2.4895435413752054,-0.15593317997986134,-0.056770020733054594,0.13552231075237842,-0.1899999999999995,-0.009999999999999787
2024-07-24,65430.69,5427.13,17342.41,18.04,4.28,123.5575,-0.7507204981397564,-2.34211784438898,-3.70695781350463,0.14027599086183784,3.3199999999999985,0.03000000000000025
2024-07-25,65816.21,5399.22,17181.72,18.46,4.27,123.5286,0.5874746127725317,-0.5155950404247989,-0.9308918741410821,-0.023392655541432106,0.4200000000000017,-0.010000000000000675
2024-07-26,67929.7,5459.1,17357.88,16.39,4.2,123.672,3.1607186307507362,1.1029442312487703,1.020055400007358,0.11601914888981213,-2.0700000000000003,-0.0699999999999994
2024-07-29,66827.89,5463.54,17370.2,16.6,4.17,124.1392,-1.6352838505012457,0.08129903108695657,0.07095123322020669,0.3770616933670645,0.21000000000000085,-0.03000000000000025
2024-07-30,66200.81,5436.44,17147.42,17.69,4.15,124.2855,-0.9427809859882785,-0.4972496433737206,-1.2908369314169832,0.11778218261957463,1.0899999999999999,-0.019999999999999574
2024-07-31,64607.71,5522.3,17599.4,16.36,4.09,123.6373,-2.4358945005523935,1.5670005291918088,2.601708557657112,-0.522905902143922,-1.3300000000000018,-0.0600000000000005
2024-08-01,65342.4,5446.68,17194.15,18.59,3.99,123.8693,1.1307382932050913,-1.3788191433052432,-2.329560086622884,0.18746980318651296,2.2300000000000004,-0.09999999999999964
2024-08-02,61466.66,5346.56,16776.16,23.39,3.8,123.4681,-6.1146222449673715,-1.8552885294603527,-2.4610378699110314,-0.3244154356520923,4.800000000000001,-0.1900000000000004
2024-08-05,54025.9,5186.33,16200.08,38.57,3.78,123.5787,-12.903135278613043,-3.0427045496882243,-3.4942650490817684,0.08953769681614432,15.18,-0.020000000000000018
2024-08-06,56096.88,5240.03,16366.85,27.71,3.9,123.6532,3.7616634800441417,1.0300905557720341,1.024176720120451,0.06026730551758064,-10.86,0.1200000000000001
2024-08-07,55100.98,5199.5,16195.81,27.85,3.96,123.5698,-1.7912694164197163,-0.7764756389251559,-1.0505380889529903,-0.06746945321731701,0.14000000000000057,0.06000000000000005
2024-08-08,61644.69,5319.31,16660.02,23.79,3.99,123.4466,11.221959266934967,2.2781128575607212,2.8259270408742765,-0.09975047018375705,-4.060000000000002,0.03000000000000025
2024-08-09,60818.65,5344.16,16745.3,20.37,3.94,122.9276,-1.3490609156942668,0.46607802121503283,0.5105784663273383,-0.4213109714410024,-3.419999999999998,-0.050000000000000266
2024-08-12,59337.91,5344.39,16780.61,20.71,3.9,123.2204,-2.4648091876331435,0.0043036707511490135,0.21064312978253952,0.23790576246973671,0.33999999999999986,-0.040000000000000036
2024-08-13,60596.01,5434.43,17187.61,18.12,3.85,123.0146,2.098065584276121,1.6707226654933294,2.396472222704382,-0.16715742921995513,-2.59,-0.04999999999999982
2024-08-14,58779.3,5455.21,17192.6,16.19,3.83,122.4297,-3.04392972161196,0.38164760676338005,0.02902832783764353,-0.4766059812205903,-1.9299999999999997,-0.020000000000000018
2024-08-15,57502.3,5543.22,17594.5,15.23,3.92,122.5844,-2.196480510401244,1.6004444012784447,2.3107294521119925,0.1262784636128167,-0.9600000000000009,0.08999999999999986
2024-08-16,58879.72,5554.25,17631.72,14.8,3.89,122.3972,2.3671771971203626,0.1987841126329215,0.21131994208190008,-0.15282783395642596,-0.4299999999999997,-0.029999999999999805
2024-08-19,59469.51,5608.25,17876.77,14.65,3.86,121.8788,0.9967025261566675,0.9675327436177383,1.3802552030213633,-0.4244385680455487,-0.15000000000000036,-0.03000000000000025
2024-08-20,59062.49,5597.12,17816.94,15.88,3.82,121.7728,-0.686770829431893,-0.19865481747167735,-0.3352414530974457,-0.08700948952311549,1.2300000000000004,-0.040000000000000036
2024-08-21,61193.87,5620.85,17918.99,16.27,3.79,121.8535,3.545098516112155,0.42307182841856417,0.5711354225400811,0.06624900755918262,0.3899999999999988,-0.029999999999999805
2024-08-22,60378.7,5570.64,17619.35,17.55,3.86,122.3626,-1.3410627364036642,-0.8972949425464449,-1.6863314421524223,0.41692643315780487,1.2800000000000011,0.06999999999999984
2024-08-23,64130.87,5634.61,17877.79,15.86,3.81,121.4597,6.028944552355675,1.1417986208501318,1.4561430386587304,-0.7406247313634928,-1.6900000000000013,-0.04999999999999982
2024-08-26,62838.55,5616.84,17725.76,16.15,3.82,121.6943,-2.0357100616076096,-0.31587066155740473,-0.8540211525382091,0.19296418960390582,0.28999999999999915,0.009999999999999787
2024-08-27,59398.77,5625.8,17754.82,15.43,3.83,121.8672,-5.6295219562846555,0.15939320118754097,0.1638079563415218,0.1419764856460226,-0.7199999999999989,0.010000000000000231
2024-08-28,59024,5592.18,17556.03,17.11,3.84,121.8943,-0.6329378229176896,-0.5993966945423423,-1.1259547712336726,0.022234848498747795,1.6799999999999997,0.009999999999999787
2024-08-29,59371.27,5591.96,17516.43,15.65,3.87,122.2333,0.5866298474527909,-0.003934142455719325,-0.22581830204089215,0.2777237951740119,-1.459999999999999,0.03000000000000025
2024-08-30,59113.86,5648.4,17713.62,15,3.91,122.3262,-0.43450246452909624,1.0042467382856302,1.1194537576775687,0.07597333529751893,-0.6500000000000004,0.040000000000000036
2024-09-03,57474.64,5528.93,17136.3,20.72,3.84,122.7811,-2.812160764679561,-2.1378012454581707,-3.3134814643442922,0.3711848013453256,5.719999999999999,-0.07000000000000028
2024-09-04,57994.01,5520.07,17084.3,21.32,3.77,122.5144,0.8995922314269933,-0.16037653903602234,-0.3039107439578359,-0.21745209764700846,0.6000000000000014,-0.06999999999999984
2024-09-05,56152.01,5503.41,17127.66,19.9,3.73,122.4533,-3.2277251834880616,-0.30226412501868083,0.2534787437854291,-0.04988412861530733,-1.4200000000000017,-0.040000000000000036
2024-09-06,53930.39,5408.42,16690.83,22.38,3.72,122.4991,-4.036833659665007,-1.7410901670867673,-2.5835233738524366,0.037395020856045846,2.4800000000000004,-0.009999999999999787
2024-09-09,57645.59,5471.05,16884.6,19.45,3.7,122.7156,6.661960677245382,1.1513555690020993,1.1542497076842295,0.1765799980627314,-2.9299999999999997,-0.020000000000000018
2024-09-10,57352.79,5495.52,17025.88,19.08,3.65,123.0071,-0.5092256651233029,0.44626607244904193,0.8332575501317052,0.23725942840666647,-0.370000000000001,-0.050000000000000266
2024-09-11,58137.54,5554.13,17395.53,17.69,3.65,122.7754,1.3590091533338011,1.0608580303038906,2.1478737272326853,-0.18854073714482666,-1.389999999999997,0
2024-09-12,60543.35,5595.76,17569.68,17.07,3.68,122.4423,4.054805480406465,0.7467372942029371,0.9961412505129275,-0.27167713006033267,-0.620000000000001,0.03000000000000025
2024-09-13,60012.35,5626.02,17683.98,16.56,3.66,121.6551,-0.8809263003463741,0.539309687837175,0.6484455827196811,-0.6449906709724118,-0.5100000000000016,-0.020000000000000018
2024-09-16,60312.6,5633.09,17592.13,17.14,3.63,121.4976,0.49906627542579685,0.12558720767881226,-0.5207502049755064,-0.129548240284727,0.5800000000000018,-0.03000000000000025
2024-09-17,61769.18,5634.58,17628.06,17.61,3.65,121.6031,2.386349743816041,0.026447349073777104,0.20403077021597937,0.08679531290791687,0.46999999999999886,0.020000000000000018
2024-09-18,62960.14,5618.26,17573.3,18.23,3.7,121.5618,1.9097293173649277,-0.2900603126386514,-0.31112459389284197,-0.03396871867371587,0.620000000000001,0.050000000000000266
2024-09-19,63210.69,5713.64,18013.98,16.33,3.73,121.3059,0.39716046782043435,1.6834291247587174,2.476741840236052,-0.21073209381086144,-1.9000000000000021,0.029999999999999805
2024-09-20,63362.74,5702.55,17948.32,16.15,3.73,121.4052,0.2402559101696511,-0.1942855451501302,-0.3651605873953301,0.08182568126509082,-0.17999999999999972,0
2024-09-23,64272.93,5718.57,17974.27,15.89,3.75,121.4303,1.4262555745158778,0.28053309143558636,0.1444773581969372,0.020672430587342916,-0.259999999999998,0.020000000000000018
2024-09-24,63130.89,5732.93,18074.52,15.39,3.74,121.1291,-1.7928357092392488,0.2507969702996604,0.5561920854248115,-0.24835166545864595,-0.5,-0.009999999999999787
2024-09-25,65177.21,5722.26,18082.21,15.41,3.79,121.4447,3.189967777860936,-0.18629115860662182,0.04253703316621227,0.2602096170936541,0.019999999999999574,0.04999999999999982
2024-09-26,65789,5745.37,18190.29,15.37,3.79,121.0785,0.9342783151980782,0.40304808028714945,0.5959353221397734,-0.30199195648847876,-0.040000000000000924,0
2024-09-27,65858.99,5738.17,18119.59,16.96,3.75,121.1111,0.10632901663623073,-0.12539688882462485,-0.38942618014008445,0.026921057053552744,1.5900000000000016,-0.040000000000000036
2024-09-30,60790,5762.48,18189.17,16.73,3.81,121.2864,-8.009063950971651,0.42275934328568354,0.3832688594961553,0.14463848064520946,-0.23000000000000043,0.06000000000000005
2024-10-01,60631.37,5708.75,17910.36,19.26,3.74,121.6881,-0.2612885857729452,-0.9367852083837391,-1.54470456491147,0.330652283252153,2.530000000000001,-0.06999999999999984
2024-10-02,60744.99,5709.54,17925.12,18.9,3.79,121.5724,0.18721937811871925,0.013837448536691,0.08237646508248986,-0.09512436973890814,-0.360000000000003,0.04999999999999982
2024-10-03,62090.71,5699.94,17918.48,20.49,3.85,122.1197,2.1911770641022343,-0.1682811533125772,-0.037049850327264267,0.4491741178162201,1.5899999999999999,0.06000000000000005
2024-10-04,62051.29,5751.07,18137.85,19.21,3.98,122.2197,-0.06350792048603893,0.8930275984438296,1.2168332539975069,0.08185336100794416,-1.2799999999999976,0.1299999999999999
2024-10-07,62122.02,5695.94,17923.9,22.64,4.03,122.4241,0.1139214339207939,-0.9632284107421896,-1.186589726411924,0.16710012480292136,3.4299999999999997,0.050000000000000266
2024-10-08,60578.28,5751.13,18182.92,21.42,4.04,122.6625,-2.5164102472084338,0.9642716894193271,1.4347674117033193,0.1945435410909191,-1.2199999999999989,0.009999999999999787
2024-10-09,60279.53,5792.04,18291.62,20.86,4.06,122.8821,-0.49438362070546304,0.7088203896394418,0.5960339557562477,0.17886775644706532,-0.5600000000000023,0.019999999999999574
2024-10-10,62518.75,5780.05,18282.05,20.93,4.09,123.0951,3.6473934971033017,-0.2072227971014584,-0.052332731270432475,0.17318682645282024,0.07000000000000028,0.03000000000000025
2024-10-11,63187.47,5815.03,18342.94,20.46,4.08,122.9805,1.063951025177623,0.6033611862784838,0.3325055165882773,-0.09314211428117503,-0.46999999999999886,-0.009999999999999787
2024-10-15,67608.44,5815.26,18315.59,20.64,4.03,123.5124,6.762680532342458,0.003955189423976435,-0.1492149580171187,0.43157496673025264,0.17999999999999972,-0.04999999999999982
2024-10-16,67402.33,5842.47,18367.08,19.58,4.02,123.9235,-0.3053240272874902,0.4668155706577082,0.2807322030610848,0.3322883852062475,-1.0600000000000023,-0.010000000000000675
2024-10-17,68426.11,5841.47,18373.61,19.11,4.09,124.1122,1.5074889882516374,-0.017117513483455582,0.03554642043326339,0.15215554567786782,-0.46999999999999886,0.07000000000000028
2024-10-18,68363.73,5864.67,18489.55,18.03,4.08,123.9185,-0.09120561048128195,0.39637370431258034,0.6290311644079338,-0.15619037431928717,-1.0799999999999983,-0.009999999999999787
2024-10-21,67380.08,5853.98,18540,18.37,4.19,124.4757,-1.449299555774708,-0.182444274130944,0.27248525145555647,0.4486424679885026,0.33999999999999986,0.11000000000000032
2024-10-22,66601.11,5851.2,18573.13,18.2,4.2,124.4107,-1.1628181199512255,-0.04750033835065892,0.17853524507422946,-0.05223266637131019,-0.1700000000000017,0.009999999999999787
2024-10-23,68156.84,5797.42,18276.65,19.24,4.24,124.6931,2.30902758698619,-0.9233777411951749,-1.609162375055817,0.226732888843717,1.0399999999999991,0.040000000000000036
2024-10-24,66564.51,5809.86,18415.49,19.08,4.21,124.5127,-2.3639967313068055,0.2143483186927142,0.7567869448001474,-0.1447799621932866,-0.16000000000000014,-0.03000000000000025
2024-10-25,67012.56,5808.12,18518.61,20.33,4.25,124.6105,0.6708511877683065,-0.029953572187402244,0.5584014119765612,0.07851537313596779,1.25,0.040000000000000036
2024-10-28,72724.35,5823.52,18567.19,19.8,4.28,124.8076,8.17962020534182,0.26479514493722434,0.26198721767727307,0.1580479051265904,-0.5299999999999976,0.03000000000000025
2024-10-29,72322.91,5832.92,18712.75,19.34,4.28,124.8612,-0.5535313455759194,0.1612842692562566,0.7809065127508674,0.04293688344194635,-0.46000000000000085,0
2024-10-30,70197.83,5813.67,18607.93,20.35,4.29,124.8153,-2.9823554233180616,-0.3305691628138874,-0.5617275763579954,-0.03676757765918026,1.0100000000000016,0.009999999999999787
2024-10-31,69467.29,5705.45,18095.15,23.16,4.28,124.7988,-1.0461404573636202,-1.87901825995187,-2.794388738225706,-0.013220407039504778,2.8099999999999987,-0.009999999999999787
2024-11-01,69358.94,5728.8,18239.92,21.88,4.37,124.8076,-0.15609445275579503,0.40842263302351967,0.7968652107550156,0.00705110125673869,-1.2800000000000011,0.08999999999999986
2024-11-04,69380.73,5712.69,18179.98,21.98,4.31,124.5903,0.03141134785629163,-0.28160686495120046,-0.3291610032938763,-0.17425973112734638,0.10000000000000142,-0.0600000000000005
2024-11-05,75646.55,5782.76,18439.17,20.49,4.26,124.5532,8.646267118523099,1.2191061302749162,1.415621763072572,-0.02978203346604147,-1.490000000000002,-0.04999999999999982
2024-11-06,75920,5929.04,18983.47,16.27,4.42,125.7035,0.3608319865994858,2.4981233838897055,2.9091394227354073,0.9193025410635158,-4.219999999999999,0.16000000000000014
2024-11-07,76566.73,5973.1,19269.46,15.2,4.31,124.775,0.8482493890795695,0.7403744412988189,1.4952858703411565,-0.74138439260798,-1.0700000000000003,-0.11000000000000032
2024-11-08,76716.06,5995.54,19286.78,14.94,4.3,125.5811,0.19484254852439875,0.37498038698000613,0.08984279154304886,0.6439649648513068,-0.2599999999999998,-0.009999999999999787
2024-11-12,90493.82,5983.99,19281.4,14.71,4.43,126.7762,16.517048740366747,-0.19282899377301987,-0.0278986461632158,0.9471562220739749,-0.22999999999999865,0.1299999999999999
2024-11-13,87340.4,5985.38,19230.73,14.02,4.44,126.9572,-3.546843323138482,0.023225951010807933,-0.26313802553765697,0.14266945597345426,-0.6900000000000013,0.010000000000000675
2024-11-14,91058.36,5949.17,19107.65,14.31,4.43,127.0015,4.168749179122777,-0.6068115029117749,-0.6420741973986566,0.03488756278038352,0.2900000000000009,-0.010000000000000675
2024-11-15,90636.24,5870.62,18680.12,16.14,4.43,126.8848,-0.4646486570962338,-1.329146396056835,-2.262892166170971,-0.09193092200634467,1.83,0
2024-11-18,92435.89,5893.62,18791.81,15.58,4.42,126.6045,1.9661190075311197,0.391015982410714,0.5961279857167767,-0.22115340903372527,-0.5600000000000005,-0.009999999999999787
2024-11-19,94393.15,5916.98,18987.47,16.35,4.39,126.3994,2.095318381369893,0.39557737052682285,1.035815131370832,-0.1621319236015495,0.77000000000000135,-0.03000000000000025
2024-11-20,98439.09,5917.11,18966.14,17.16,4.41,126.88,4.196947431118581,0.0021970426116624253,-0.11240038692310605,0.37950230204897295,0.8099999999999987,0.020000000000000462
2024-11-21,99024.03,5948.71,18972.42,16.87,4.43,127.1047,0.5924566683361832,0.532623530517462,0.033106159313156525,0.17693983820574744,-0.28999999999999915,0.019999999999999574
2024-11-22,97778.77,5969.34,19003.65,15.24,4.41,127.4712,-1.265507014200118,0.3461979200411136,0.16447203220355533,0.28793004616840534,-1.6300000000000008,-0.019999999999999574
2024-11-25,91929.54,5987.37,19054.84,14.6,4.27,126.9948,-6.168506375591853,0.30158820722512303,0.2690071564565244,-0.37443159918417734,-0.6400000000000006,-0.14000000000000057
2024-11-26,95951.19,6021.63,19175.58,14.1,4.3,127.4301,4.281721061376231,0.5705736188806654,0.631645696993921,0.34218382300084116,-0.5,0.03000000000000025
2024-11-27,95665.53,5998.74,19060.48,14.1,4.25,126.8205,-0.29815791818368353,-0.380853961537575,-0.6020512974656,-0.4795278108526979,0,-0.04999999999999982
2024-11-29,96465.42,6032.38,19218.17,13.51,4.18,126.5798,0.832655666837745,0.5592178893918387,0.8239104150018051,-0.18997615424476422,-0.5899999999999999,-0.07000000000000028
2024-12-02,95924.52,6047.15,19403.95,13.34,4.19,127.1272,-0.5622969945010325,0.24454606033064152,0.9620467901747531,0.43152207028862577,-0.16999999999999993,0.010000000000000675
2024-12-03,98746.24,6049.88,19480.91,13.3,4.23,126.9565,2.8991694895765363,0.04513504631038501,0.3958358110994098,-0.13436519200711317,-0.03999999999999915,0.040000000000000036
2024-12-04,97044.23,6086.49,19735.12,13.45,4.19,126.7574,-1.738647314913777,0.6033123750501801,1.296477796149098,-0.15694846901954662,0.14999999999999858,-0.040000000000000036
2024-12-05,99891.35,6075.11,19700.72,13.54,4.17,126.4286,2.891624136126758,-0.18714648272304402,-0.17446063644204202,-0.2597301468798996,0.08999999999999986,-0.020000000000000462
2024-12-06,99929.32,6090.27,19859.77,12.77,4.15,126.688,0.03800407681247009,0.24923196558415128,0.804089418307008,0.20496489824282094,-0.7699999999999996,-0.019999999999999574
2024-12-09,96660.76,6052.85,19736.69,14.19,4.2,126.5981,-3.3255607089969885,-0.6163180212196195,-0.6216737374886705,-0.0709869225158144,1.42,0.04999999999999982
2024-12-10,101202.11,6034.91,19687.24,14.18,4.22,126.957,4.591207744114101,-0.29682940713744443,-0.2508629958166253,0.28309447508076957,-0.009999999999999787,0.019999999999999574
2024-12-11,100030.47,6084.19,20034.89,13.58,4.26,126.8483,-1.1644766861909517,0.8132661932885199,1.7504543531780214,-0.08565621493801245,-0.5999999999999996,0.040000000000000036
2024-12-12,101428.75,6051.25,19902.84,13.92,4.32,126.9556,1.3881741965406036,-0.5428741091956013,-0.6612818565548295,0.0845534732859754,0.33999999999999986,0.0600000000000005
2024-12-13,101399.99,6051.09,19926.72,13.81,4.4,127.3096,-0.028358900413039123,-0.002644116757721804,0.11991095488550485,0.2784496098764855,-0.10999999999999943,0.08000000000000007
2024-12-16,106136.99,6074.08,20173.89,14.69,4.39,127.2687,4.565762568844889,0.3792116324959238,1.2327649390545758,-0.032131568442306246,0.879999999999999,-0.010000000000000675
2024-12-17,100150.73,6050.61,20109.06,15.87,4.4,127.5043,-5.80542670745352,-0.38714440227618496,-0.3218734276970281,0.18494900727947794,1.1799999999999997,0.010000000000000675
2024-12-18,97372.21,5872.16,19392.69,27.62,4.5,127.6418,-2.8135499489330584,-2.9936554508987356,-3.6274268841044233,0.10778139529543651,11.750000000000002,0.09999999999999964
2024-12-19,97765,5867.08,19372.77,24.09,4.57,128.6366,0.40257881159071474,-0.08654734577540069,-0.10277190959833149,0.7763471260169297,-3.530000000000001,0.07000000000000028
2024-12-20,97230.08,5930.85,19572.6,18.36,4.52,127.893,-0.548651116569232,1.081047625241105,1.0262157155153773,-0.5797397904081514,-5.73,-0.05000000000000071
2024-12-23,98594.47,5974.07,19764.89,16.78,4.59,128.3021,1.3935046230512782,0.7260895475461382,0.9776502343560978,0.31936625463737656,-1.5799999999999983,0.07000000000000028
2024-12-24,99346.28,6040.04,20031.13,14.27,4.59,128.3377,0.7596350071763069,1.0982197273833094,1.3380432123582864,0.027743163942872684,-2.5100000000000016,0
2024-12-26,94171.89,6037.59,20020.36,14.73,4.58,128.3329,-5.348979550823785,-0.04057087414679472,-0.05378077199917897,-0.0037402024233301745,0.46000000000000085,-0.009999999999999787
2024-12-27,95130.82,5970.84,19722.03,15.95,4.62,128.45,1.0131267558085355,-1.1117304675595463,-1.5013470690501407,0.09120545652958612,1.2199999999999989,0.040000000000000036
2024-12-30,93354.22,5906.94,19486.78,17.4,4.55,128.8205,-1.8851921785532966,-1.0759690191102678,-1.1999998112278476,0.28802389401976214,1.4499999999999993,-0.07000000000000028
2024-12-31,94383.59,5881.63,19310.79,17.35,4.58,129.2775,1.0966148115544527,-0.4293996454133975,-0.9072279892182067,0.35412942184285257,-0.04999999999999716,0.03000000000000025
2025-01-02,98136.51,5868.55,19280.79,17.93,4.57,129.4598,3.899224529191514,-0.222634979255254,-0.15547436017424587,0.14091515229246454,0.5799999999999983,-0.009999999999999787
2025-01-03,98209.85,5942.47,19621.68,16.13,4.6,129.4535,0.07470472425445962,1.2517287272657995,1.7525813936080326,-0.004866493919930548,-1.8000000000000007,0.02999999999999936
2025-01-06,96941.98,5975.38,19864.98,16.04,4.62,128.538,-1.299386061534058,0.5522822262490124,1.232330508742585,-0.7097162835106197,-0.08999999999999986,0.020000000000000462
2025-01-07,95036.63,5909.03,19489.68,17.82,4.67,128.613,-1.9850258982351932,-1.1166004769812332,-1.907328776174566,0.05833148782352637,1.7800000000000011,0.04999999999999982
2025-01-08,92547.44,5918.25,19478.88,17.7,4.67,129.0785,-2.6541018318440024,0.1559107735282339,-0.055429301347231785,0.36128510745259135,-0.120000000000001,0
2025-01-10,94565.02,5827.04,19161.63,19.54,4.77,129.8664,2.1566262322124885,-1.553164435389398,-1.6420959701866522,0.6085483294172356,1.8399999999999999,0.09999999999999964
2025-01-13,96534.96,5836.22,19088.1,19.19,4.79,130.0413,2.0617582295074044,0.15741742695762895,-0.3844737757715322,0.13458625996873863,-0.34999999999999787,0.020000000000000462
2025-01-14,100510.23,5842.91,19044.39,18.71,4.78,129.3812,4.035429083334208,0.11456334044925853,-0.22925342218123035,-0.5089006733067336,-0.4800000000000004,-0.009999999999999787
2025-01-15,99981.78,5949.91,19511.23,16.12,4.66,129.2092,-0.5271543975894133,1.814713298542614,2.421762722673826,-0.1330289332978296,-2.59,-0.1200000000000001
2025-01-16,104107,5937.34,19338.29,16.6,4.61,129.436,4.043124700809919,-0.21148717634655867,-0.8903128911214253,0.1753754240402472,0.4800000000000004,-0.04999999999999982
2025-01-17,104435,5996.66,19630.2,15.97,4.61,129.4859,0.31456519115256043,0.9941425935723558,1.4982128394381178,0.038544441870502766,-0.6300000000000008,0
2025-01-21,103667.11,6049.24,19756.78,15.06,4.57,128.4151,-0.7379968277968274,0.8729996752231628,0.6427526851974008,-0.830400931533859,-0.9100000000000001,-0.040000000000000036
2025-01-22,103926.36,6086.37,20009.34,15.1,4.6,128.3402,0.24976713841198261,0.6119200577442641,1.270244096797768,-0.058343490572276835,0.03999999999999915,0.02999999999999936
2025-01-23,104850.27,6118.71,20053.68,15.02,4.65,128.2162,0.8850761038477373,0.5299445097723066,0.22135135146665874,-0.09666491239785913,-0.08000000000000007,0.05000000000000071
2025-01-24,104733.56,6101.24,19954.3,14.85,4.63,127.4611,-0.11137310742324047,-0.28592607828965555,-0.49680191002643426,-0.5906681550391646,-0.16999999999999993,-0.020000000000000462
2025-01-27,101290,6012.28,19341.83,17.9,4.53,128.0912,-3.343191167897075,-1.4687984883634542,-3.117455086516152,0.49312902046070306,3.049999999999999,-0.09999999999999964
2025-01-28,103747.25,6067.7,19733.59,16.41,4.55,128.2817,2.3969963036714503,0.9175576254676798,2.005215180135167,0.14861167858271074,-1.4899999999999984,0.019999999999999574
2025-01-29,104742.64,6039.31,19632.32,16.56,4.55,128.3418,0.9548641068466424,-0.4689853570095437,-0.5145072139807638,0.04683904716351606,0.14999999999999858,0
2025-01-30,102411.26,6071.17,19681.75,15.84,4.52,128.1004,-2.2509626306240094,0.5261570722435494,0.2514622680727996,-0.18826860111458288,-0.7199999999999989,-0.03000000000000025
2025-01-31,100623.85,6040.53,19627.44,16.43,4.58,128.4828,-1.760736039565458,-0.5059581291424919,-0.27632232847629723,0.2980711777886391,0.5899999999999999,0.0600000000000005
2025-02-03,97795.05,5994.57,19391.96,18.62,4.54,129.109,-2.8515344839059154,-0.7637696973120001,-1.2070039971671775,0.4861965586996142,2.1900000000000013,-0.040000000000000036
2025-02-04,96638.33,6037.88,19654.02,17.21,4.52,128.1083,-1.1898508854878642,0.7198897488333245,1.3423350365769693,-0.7781008889123697,-1.4100000000000001,-0.020000000000000462
2025-02-05,96564.62,6061.48,19692.33,15.77,4.43,127.9751,-0.07630318644338274,0.39010377290882303,0.19473222856074557,-0.10402861881120273,-1.4400000000000013,-0.08999999999999986
2025-02-06,96537.08,6083.57,19791.99,15.5,4.45,128.2017,-0.028523829864468553,0.3637700027498525,0.5048090565471952,0.17690911831111933,-0.2699999999999996,0.020000000000000462
2025-02-07,96476.25,6025.99,19523.4,16.54,4.49,128.4292,-0.06303191806917852,-0.950991348210728,-1.3663564250171234,0.17729748022894398,1.0399999999999991,0.040000000000000036
2025-02-10,95774.08,6066.44,19714.27,15.81,4.51,128.6382,-0.7304779370745251,0.6690160848149773,0.9728992854940444,0.1626033064086485,-0.72999999999999865,0.019999999999999574
2025-02-11,97862.53,6068.5,19643.86,16.02,4.54,128.4322,2.1571654093007098,0.03395154850025506,-0.3577917706596878,-0.16026741631378627,0.20999999999999908,0.03000000000000025
2025-02-12,96625.29,6051.97,19649.95,15.89,4.62,128.3288,-1.2723230589802625,-0.2727618689451816,0.03099724892425826,-0.08054183118897384,-0.129999999999999,0.08000000000000007
2025-02-13,97509.03,6115.07,19945.64,15.1,4.52,127.8931,0.9104480903133094,1.037237745962294,1.4935779302449603,-0.3400961588074125,-0.7900000000000009,-0.10000000000000053
2025-02-14,97596.94,6114.63,20026.77,14.77,4.47,127.1491,0.09011513686552064,-0.007195597605580417,0.40593054761881575,-0.5834345143298059,-0.33000000000000007,-0.04999999999999982
2025-02-18,96632.03,6129.58,20041.26,15.35,4.55,127.2906,-0.993588070944007,0.24419717448793676,0.07232699302495149,0.11122479281926445,0.5800000000000001,0.08000000000000007
2025-02-19,98347.2,6144.15,20056.25,15.27,4.53,127.7317,1.7593814919814932,0.23741775065797555,0.0747677384373091,0.3459308773233971,-0.08000000000000007,-0.019999999999999574
2025-02-20,96157.03,6117.52,19962.36,15.66,4.5,127.1126,-2.2521490392286125,-0.43436239711489577,-0.46923255091471106,-0.4858662468836705,0.39000000000000057,-0.03000000000000025
2025-02-21,96582.12,6013.13,19524.01,18.21,4.42,127.1408,0.44110466322955233,-1.721137399126249,-2.220351015198929,0.022182594306041636,2.5500000000000007,-0.08000000000000007
2025-02-24,88583.74,5983.25,19286.92,18.98,4.4,127.1921,-8.644531159469615,-0.4981513054854503,-1.2217844267460976,0.04034082943711326,0.7699999999999996,-0.019999999999999574
2025-02-25,84111.78,5955.25,19026.39,19.43,4.3,127.3752,-5.18016908107537,-0.4690715138396584,-1.360018310772304,0.14385196494179908,0.4499999999999993,-0.10000000000000053
2025-02-26,84625.19,5956.06,19075.26,19.1,4.25,127.2822,0.6085347915862016,0.01360051919139238,0.2565244644207709,-0.0730393101746607,-0.3299999999999983,-0.04999999999999982
2025-02-27,84297.73,5861.57,18544.42,21.13,4.29,127.9704,-0.3877039423457518,-1.5991702852089063,-2.8223272307799974,0.539231857047362,2.0299999999999976,0.040000000000000036
2025-02-28,86018.76,5954.5,18847.28,19.63,4.24,128.2805,2.021047499355255,1.5729750431898282,1.6199671223848355,0.2420285363873731,-1.5,-0.04999999999999982
2025-03-03,87249.96,5849.72,18350.19,22.78,4.16,127.75,1.421169063028671,-1.775343937549323,-2.6728677729558115,-0.4144043457273483,3.150000000000002,-0.08000000000000007
2025-03-04,90603.73,5778.15,18285.16,23.51,4.22,127.9966,3.7718279549688205,-1.231023460336722,-0.35501267655373425,0.19284719830139352,0.7300000000000004,0.05999999999999961
2025-03-05,89921.85,5842.63,18552.73,21.93,4.28,126.504,-0.7554422402240135,1.1097475685101443,1.452714613147954,-1.1729772845812114,-1.5800000000000018,0.0600000000000005
2025-03-06,86756.98,5738.52,18069.26,24.87,4.29,126.1099,-3.583008309190916,-1.7979700568309553,-2.6404796124664287,-0.31201792120754135,2.9400000000000013,0.009999999999999787
2025-03-07,86206.69,5770.2,18196.22,23.37,4.32,125.9814,-0.6363091818300859,0.5505404600508967,0.7001728292337361,-0.10194720018450454,-1.5,0.03000000000000025
2025-03-10,82914.51,5614.56,17468.32,27.86,4.22,126.268,-3.893770788487494,-2.7343518375984033,-4.082492553622963,0.22723552430568006,4.489999999999998,-0.10000000000000053
2025-03-11,83659.43,5572.07,17436.1,26.92,4.28,126.0457,0.8944075716872391,-0.7596604935653062,-0.18461850477127228,-0.17620926451442642,-0.9399999999999977,0.0600000000000005
2025-03-12,81073.43,5599.3,17648.45,24.23,4.32,125.8664,-3.1398865478756477,0.4874971275235396,1.210519120605369,-0.14235126480839355,-2.6900000000000013,0.040000000000000036
2025-03-13,83980.49,5521.52,17303.01,24.66,4.27,126.0031,3.5229222741389066,-1.3988405225353162,-1.9767486017327585,0.10854828665047833,0.4299999999999997,-0.05000000000000071
2025-03-14,84351.46,5638.94,17754.09,21.77,4.31,125.6942,0.4407607712849426,2.104291988140794,2.573543710463433,-0.24545368987842764,-2.8900000000000006,0.040000000000000036
2025-03-17,82698.76,5675.12,17808.66,20.51,4.31,125.3688,-1.978750971124299,0.6395603934347349,0.30689439275786157,-0.25921795103824863,-1.259999999999998,0
2025-03-18,86877.96,5614.66,17504.12,21.7,4.29,125.488,4.929976728378271,-1.0710674253909147,-1.7248574049080645,0.09503430560489079,1.1899999999999977,-0.019999999999999574
2025-03-19,84183.42,5675.29,17750.79,19.9,4.25,125.8006,-3.1506385502435563,1.0740629118979328,1.3993740181330594,0.24879772600137073,-1.8000000000000007,-0.040000000000000036
2025-03-20,84061.96,5662.89,17691.63,19.8,4.24,125.985,-0.14438437608284005,-0.21873007738033579,-0.33383755930671555,0.14647385153763182,-0.09999999999999787,-0.009999999999999787
2025-03-21,83852.03,5667.56,17784.05,19.28,4.25,126.2679,-0.25004481089112573,0.08243274123156397,0.5210341793709716,0.22429880378433964,-0.5199999999999996,0.009999999999999787
2025-03-24,87427.88,5767.57,18188.59,17.48,4.34,126.1956,4.176052705421718,1.7492157944607456,2.249248623346922,-0.05727560774246854,-1.8000000000000007,0.08999999999999986
2025-03-25,86926.01,5776.65,18271.86,17.15,4.31,126.0535,-0.5756927890622876,0.15730819184724965,0.4567697040366525,-0.11266641984573056,-0.33000000000000185,-0.03000000000000025
2025-03-26,87217.48,5712.2,17899.01,18.33,4.35,126.2364,0.33474725029805086,-1.121969145510704,-2.0616767393111246,0.14499195730151015,1.1799999999999997,0.040000000000000036
2025-03-27,84381.8,5693.31,17804.03,18.69,4.38,126.3626,-3.3053031003488442,-0.3312437106650634,-0.5320567887846295,0.09992122732089825,0.360000000000003,0.03000000000000025
2025-03-28,82616.83,5580.94,17322.99,21.65,4.27,126.4187,-2.1138325739141095,-1.9934580336265384,-2.739031513737089,0.044386195435386355,2.9599999999999973,-0.11000000000000032
2025-03-31,85170.37,5611.85,17299.29,22.28,4.23,126.7075,3.0440190597486705,0.5523212456949977,-0.13690608302976415,0.2281866715599712,0.6300000000000026,-0.03999999999999915
2025-04-01,82490.08,5633.07,17449.89,21.77,4.17,126.4338,-3.1975559709531254,0.37741531622366153,0.8667884704516737,-0.21624294941533506,-0.5100000000000016,-0.0600000000000005
2025-04-02,83174.33,5670.97,17601.05,21.51,4.2,126.3811,0.8260722880324423,0.6705592339420363,0.8625214451843277,-0.04169058134095849,-0.259999999999998,0.03000000000000025
2025-04-03,83860.16,5396.52,16550.61,30.02,4.06,124.7316,0.8211883115587071,-4.960587756339585,-6.153560020560711,-1.3137716453083925,8.509999999999998,-0.14000000000000057
2025-04-04,83498.25,5074.08,15587.79,45.31,4.01,125.8129,-0.4324976129250757,-6.160907367588031,-5.9935043665621635,0.8631653966090447,15.290000000000003,-0.04999999999999982
2025-04-07,76251.64,5062.25,15603.26,46.98,4.15,126.8282,-9.078675010040982,-0.23341792090825209,0.09919512981131362,0.803753202352997,1.6699999999999946,0.14000000000000057
2025-04-08,82594.75,4982.77,15267.91,52.33,4.26,126.8668,7.990719573197502,-1.582508719681286,-2.172662659844349,0.03043024127231675,5.350000000000001,0.10999999999999943
2025-04-09,79552.34,5456.9,17124.97,33.62,4.34,126.628,-3.7530949371776146,9.089490164871528,11.478439213801295,-0.1884062873391379,-18.71,0.08000000000000007
2025-04-10,83380.47,5268.05,16387.31,40.72,4.4,125.089,4.699893946698985,-3.5220587845119056,-4.403037750222971,-1.2228170341593625,7.100000000000001,0.0600000000000005
2025-04-11,85271.01,5363.36,16724.46,37.56,4.48,124.0163,2.242042813218603,1.793036925211311,2.036506367783275,-0.8612475371617023,-3.1599999999999966,0.08000000000000007
2025-04-14,83629.78,5405.97,16831.48,30.89,4.38,123.6598,-1.9434860657284503,0.7913254093152133,0.637862404442302,-0.28787617876817606,-6.670000000000002,-0.10000000000000053
2025-04-15,84028.72,5396.63,16823.17,30.12,4.35,123.776,0.47589684140714184,-0.17292137684190578,-0.04938396428944003,0.09392335995217493,-0.7699999999999996,-0.03000000000000025
2025-04-16,84961.97,5275.7,16307.16,32.64,4.29,123.2724,1.1045099437998473,-2.266331270099542,-3.115282773077155,-0.4076939559584325,2.5199999999999996,-0.05999999999999961
2025-04-17,84466.47,5282.7,16286.45,29.65,4.34,123.1298,-0.584909372553355,0.13259586728278094,-0.1270801410896638,-0.11574573272499222,-2.990000000000002,0.04999999999999982
2025-04-21,93489.1,5158.2,15870.9,33.82,4.42,122.3145,10.149020107727402,-2.3849649226388436,-2.584623005203035,-0.6643486922822461,4.170000000000002,0.08000000000000007
2025-04-22,93740.92,5287.76,16300.42,30.57,4.41,122.4175,0.2689954867754807,2.4807034313980125,2.6703630646553123,0.08417371335296409,-3.25,-0.009999999999999787
2025-04-23,94021.96,5375.86,16708.05,28.45,4.4,123.0252,0.29935651804748886,1.6523845474795351,2.469976485693337,0.49518787219096083,-2.120000000000001,-0.009999999999999787
2025-04-24,94708.79,5484.77,17166.04,26.47,4.32,122.9251,0.7278443307280114,2.005659908960844,2.704237427203715,-0.08139856347151309,-1.9800000000000004,-0.08000000000000007
2025-04-25,94666.64,5525.21,17382.94,24.84,4.29,122.8858,-0.04451475114386483,0.7346095426564503,1.25562520043907,-0.0319757995555392,-1.629999999999999,-0.03000000000000025
2025-04-28,94271.09,5528.75,17366.13,25.15,4.23,122.7176,-0.41870999285524846,0.06404944691347225,-0.096750798287637,-0.1369688093046939,0.3099999999999987,-0.05999999999999961
2025-04-29,94182.54,5560.83,17461.32,24.17,4.19,122.5944,-0.09397537900106556,0.5785627496395662,0.5466391425979822,-0.10044352527227574,-0.9799999999999969,-0.040000000000000036
2025-04-30,96524.98,5569.06,17446.34,24.7,4.17,122.5921,2.456702086571916,0.1478900779794401,-0.08582643992500749,-0.001876122869770569,0.5299999999999976,-0.020000000000000462
2025-05-01,96929.81,5604.14,17710.74,24.6,4.25,123.1405,0.41852733750769033,0.6279331841724911,1.5041350695319977,0.44633956620367954,-0.09999999999999787,0.08000000000000007
2025-05-02,95861.33,5686.67,17977.73,22.68,4.33,122.4962,-1.1084440289744535,1.4619229243407972,1.4962534458206278,-0.5245970798379851,-1.9200000000000017,0.08000000000000007
2025-05-05,96839.17,5650.38,17844.24,23.64,4.36,122.2613,1.0148893159227512,-0.6402040027831291,-0.7453002607968884,-0.19194514743778868,0.9600000000000009,0.03000000000000025
2025-05-06,97058.32,5606.91,17689.66,24.76,4.3,122.0417,0.22604737515337092,-0.7723033885545405,-0.8700478985952387,-0.17977680105856209,1.120000000000001,-0.0600000000000005
2025-05-07,103253.49,5631.28,17738.16,23.55,4.26,122.117,6.1874997776504514,0.4337004125959609,0.2737963007495736,0.06168119537601768,-1.2100000000000009,-0.040000000000000036
2025-05-08,102986.96,5663.94,17928.14,22.48,4.37,122.7568,-0.25846544494836365,0.5782993340666565,1.0653294385731371,0.5225560724667844,-1.0700000000000003,0.11000000000000032
2025-05-09,104821.19,5659.91,17928.92,21.9,4.37,122.5191,1.7653567831660055,-0.0711772086374296,0.004350607663461403,-0.19382260908171745,-0.5800000000000018,0
2025-05-12,104131.06,5844.19,18708.34,18.39,4.45,123.4863,-0.6605648031639433,3.2040014309449916,4.255436218308084,0.7863282542501793,-3.509999999999998,0.08000000000000007
2025-05-13,103545.38,5886.55,19010.08,18.22,4.49,122.9583,-0.5640327354416996,0.722208217371545,1.599995106121277,-0.4284945240212501,-0.1700000000000017,0.040000000000000036
2025-05-14,103786.43,5892.58,19146.81,18.62,4.53,122.6746,0.23252592895381952,0.10238448046244741,0.7166757313363803,-0.23099521778151555,0.40000000000000213,0.040000000000000036
2025-05-15,103500.03,5916.93,19112.32,17.83,4.45,122.8174,-0.27633274478731096,0.4123800988772075,-0.18029688256380183,0.11633781639002194,-0.7900000000000027,-0.08000000000000007
2025-05-16,103161.07,5958.38,19211.1,17.24,4.43,123.0737,-0.32803493638002834,0.6980898743963238,0.5155083693235696,0.20846634369400263,-0.5899999999999999,-0.020000000000000462
2025-05-19,106883.24,5963.6,19215.46,18.14,4.46,122.4186,3.544547050346658,0.08756935229854435,0.022692637689658568,-0.5337043605768699,0.9000000000000021,0.03000000000000025
2025-05-20,109699.54,5940.46,19142.71,18.09,4.48,122.3199,2.6008150317942125,-0.3887754118519382,-0.3793199061863817,-0.08065752249919456,-0.05000000000000071,0.020000000000000462
2025-05-21,111722.53,5844.61,18872.64,20.87,4.58,121.7496,1.8273212702963448,-1.6266702451147808,-1.4208710093678079,-0.46732675563196935,2.780000000000001,0.09999999999999964
2025-05-22,107329.61,5842.01,18925.73,20.28,4.54,122.0429,-4.011381988741469,-0.04449532958030744,0.2809117690087959,0.24061457305366574,-0.5899999999999999,-0.040000000000000036
2025-05-23,107794.01,5802.82,18737.21,22.29,4.51,121.3837,0.431752423473597,-0.6730909417987263,-1.0010985571010877,-0.5416019542427541,2.009999999999998,-0.03000000000000025
2025-05-27,107819.29,5921.54,19199.16,18.96,4.43,121.6099,0.023449388433682827,2.025254391312181,2.4355141752385734,0.1861777967306466,-3.3299999999999983,-0.08000000000000007
2025-05-28,105572.58,5888.55,19100.94,19.31,4.47,121.9888,-2.1057906488691103,-0.5586762811583768,-0.5128979575408366,0.3110856548616425,0.34999999999999787,0.040000000000000036
2025-05-29,104033.26,5912.17,19175.87,19.18,4.43,121.5617,-1.4688022757892938,0.4003150916718212,0.3915169300368504,-0.3507284426142121,-0.129999999999999,-0.040000000000000036
2025-05-30,104645.87,5911.69,19113.77,18.57,4.41,121.7674,0.5871327524205938,-0.008119175975807025,-0.3243700094815338,0.1690714748048272,-0.6099999999999994,-0.019999999999999574
2025-06-02,105447.82,5935.94,19242.61,18.36,4.46,121.1881,0.763425017589725,0.40936514501339616,0.6718073216102738,-0.47687835660079614,-0.21000000000000085,0.04999999999999982
2025-06-03,104753.38,5970.37,19398.96,17.69,4.46,121.4592,-0.6607407821432432,0.5783504036175557,0.8092365461962459,0.2234519920905953,-0.6699999999999982,0
2025-06-04,101570.2,5970.81,19460.49,17.61,4.37,121.0539,-3.0858640549940475,0.007369455953210036,0.31667999120799095,-0.3342502960419935,-0.08000000000000185,-0.08999999999999986
2025-06-05,104397.99,5939.3,19298.45,18.48,4.4,120.9596,2.7460237354805628,-0.5291315280564035,-0.8361474492046383,-0.0779295409325087,0.870000000000001,0.03000000000000025
2025-06-06,105619.02,6000.36,19529.95,16.77,4.51,121.161,1.1628046300375061,1.022818611570031,1.1924402916539734,0.16636341265536814,-1.7100000000000009,0.10999999999999943
2025-06-09,110300.24,6005.88,19591.24,17.16,4.49,120.9103,4.336763345103023,0.09195219134294774,0.31333428325979185,-0.20712913065725758,0.39000000000000057,-0.019999999999999574
2025-06-10,108669.37,6038.81,19714.99,16.95,4.47,121.0485,-1.4896132451266197,0.5467983326655101,0.6296732547404815,0.11423433661317262,-0.21000000000000085,-0.020000000000000462
2025-06-11,105721.05,6022.24,19615.88,17.26,4.41,120.587,-2.750594810743401,-0.2747689533666886,-0.503981782151186,-0.38198076122313296,0.3100000000000023,-0.05999999999999961
2025-06-12,106118.7,6045.26,19662.48,18.02,4.36,120.1723,0.37542573294633286,0.38152107599636054,0.23728089392740515,-0.34449378289798105,0.759999999999998,-0.04999999999999982
2025-06-13,105465.42,5976.97,19406.83,20.82,4.41,120.3245,-0.6175152236682635,-1.136074330540815,-1.3087185253505496,0.12657134757647626,2.8000000000000007,0.04999999999999982
2025-06-16,104590.44,6033.11,19701.21,19.11,4.46,120.1565,-0.8330975014649411,0.9348881754855043,1.505498921180859,-0.13972000060746836,-1.7100000000000009,0.04999999999999982
2025-06-17,104915.6,5982.72,19521.09,21.6,4.39,120.5048,0.31040657451448794,-0.8387318295762114,-0.9184635587651258,0.28945264002118165,2.490000000000002,-0.07000000000000028
2025-06-18,104671.9,5980.87,19546.27,20.14,4.38,120.7305,-0.23255214154325188,-0.03092717177288762,0.1289055799354344,0.18712026461757958,-1.4600000000000009,-0.009999999999999787
2025-06-20,102160.03,5967.84,19447.41,20.62,4.38,121.0408,-2.4290190608935447,-0.21809894398643337,-0.5070576145342898,0.2566890035158309,0.4800000000000004,0
2025-06-23,106141,6025.17,19630.97,19.83,4.34,121.1694,3.822789349286637,0.9560641855696161,0.9394521985639059,0.10618876668626598,-0.7900000000000027,-0.040000000000000036
2025-06-24,107400.22,6092.18,19912.53,17.48,4.3,120.3645,1.1793831615682038,1.1060286796933383,1.424076059684154,-0.6664927611021554,-2.349999999999998,-0.040000000000000036
2025-06-25,107029.64,6092.16,19973.55,16.76,4.29,120.3336,-0.3456425042102751,-3.2829024796399153e-4,0.3059716452710859,-0.025675317062923142,-0.7199999999999989,-0.009999999999999787
2025-06-26,107113.38,6141.02,20167.91,16.59,4.26,119.6451,0.07820941748981625,0.798815349977744,0.9683829081707174,-0.573802499194187,-0.1700000000000017,-0.03000000000000025
2025-06-27,107352.2,6173.07,20273.46,16.32,4.29,119.659,0.22271182043596127,0.5205430912106124,0.5219914145559557,0.01161701785772351,-0.2699999999999996,0.03000000000000025
2025-06-30,105711.78,6204.95,20369.73,16.73,4.24,119.4088,-1.5398683667667612,0.5151077553744443,0.473733385807229,-0.2093130830233214,0.41000000000000014,-0.04999999999999982
2025-07-01,108888.32,6198.01,20202.89,16.83,4.26,119.3436,2.960643566566823,-0.11190878184379471,-0.8224311883765267,-0.05461725337276846,0.09999999999999787,0.019999999999999574
2025-07-02,109628.83,6227.42,20393.13,16.64,4.3,119.3037,0.6777617543303194,0.4733849037258153,0.9372415945668067,-0.033438467874358224,-0.18999999999999773,0.040000000000000036
2025-07-03,108028.6,6279.35,20601.1,16.38,4.35,119.2382,-1.4704380486476154,0.8304350113371939,1.0146393001841503,-0.05491697822996855,-0.26000000000000156,0.04999999999999982
2025-07-07,108958.04,6229.98,20412.52,17.79,4.4,119.6201,0.8566847105061726,-0.7893349417233964,-0.9196034340265058,0.31977145062374035,1.4100000000000001,0.05000000000000071
2025-07-08,111282.85,6225.52,20418.46,16.81,4.42,119.8371,2.111230437155953,-0.07161495228000803,0.029095554610236718,0.18124329475348588,-0.9800000000000004,0.019999999999999574
2025-07-09,116031.3,6263.26,20611.34,15.94,4.34,119.7311,4.1784823937254245,0.604384333467678,0.9402016136903057,-0.0884925519475388,-0.8699999999999992,-0.08000000000000007
2025-07-10,117582.16,6280.46,20630.66,15.78,4.35,119.8343,1.327734098088662,0.2742409872004359,0.09369090448210216,0.08615601951174057,-0.16000000000000014,0.009999999999999787
2025-07-11,117472.65,6259.75,20585.53,16.4,4.43,119.9214,-0.0931782743975873,-0.33029779929130143,-0.21899170222177133,0.07265729559859935,0.6199999999999992,0.08000000000000007
2025-07-14,117781.64,6268.56,20640.33,17.2,4.43,120.2209,0.2626861152496218,0.14064149836947593,0.26585270641366066,0.24943556823266988,0.8000000000000007,0
2025-07-15,118681.68,6243.76,20677.8,17.38,4.5,120.5105,0.7612549350207942,-0.3964098180953002,0.18137321447913024,0.24060022058121078,0.17999999999999972,0.07000000000000028
2025-07-16,119273.69,6263.7,20730.49,17.16,4.46,120.4175,0.49758172841585235,0.3188499806256573,0.2544902406613758,-0.07720149141565713,-0.21999999999999886,-0.040000000000000036
2025-07-17,118023.05,6297.36,20885.65,16.52,4.47,120.6384,-1.0540823946890043,0.5359433132147373,0.7456756871203396,0.18327704224159191,-0.6400000000000006,0.009999999999999787
2025-07-18,117914.17,6296.79,20895.66,16.41,4.44,120.356,-0.09229574522322537,-0.009051821685268635,0.04791616247317165,-0.2343623995068711,-0.10999999999999943,-0.02999999999999936
2025-07-21,120026.42,6305.6,20974.17,16.65,4.38,119.9961,1.7754898295281762,0.1398147722005305,0.3750198747578537,-0.2994775323249321,0.23999999999999844,-0.0600000000000005
2025-07-22,118810.44,6309.62,20892.68,16.5,4.35,119.681,-1.0182603360281206,0.06373254110627613,-0.3892822264331741,-0.2629372447676914,-0.14999999999999858,-0.03000000000000025
2025-07-23,118397.04,6358.91,21020.02,15.37,4.4,119.5697,-0.34855597179088704,0.778152614671157,0.6076458534908014,-0.09304048684413146,-1.1300000000000008,0.05000000000000071
2025-07-24,117633.27,6363.35,21057.96,15.39,4.43,119.5664,-0.6471818520575212,0.069798922208264,0.1803318994001657,-0.0027599346148043935,0.02000000000000135,0.02999999999999936
2025-07-25,117969.63,6388.64,21108.32,14.93,4.4,119.9857,0.2855314841401224,0.3966444948062531,0.2388639640228618,0.35007034228247136,-0.46000000000000085,-0.02999999999999936
2025-07-28,117933.39,6389.77,21178.58,15.03,4.42,120.6149,-0.030724490330946708,0.017686081491241623,0.33230179868262155,0.5230256569134006,0.09999999999999964,0.019999999999999574
2025-07-29,117830.15,6370.86,21098.29,15.98,4.34,120.9674,-0.08757928100227019,-0.2963805680808562,-0.3798299000335348,0.29182622250463197,0.9500000000000011,-0.08000000000000007
2025-07-30,115761.13,6362.9,21129.67,15.48,4.38,121.4042,-1.7715336893633804,-0.12502200507658046,0.14862193568490056,0.36043865939268116,-0.5,0.040000000000000036
2025-07-31,113248.73,6339.39,21122.45,16.72,4.37,121.721,-2.1942293679030556,-0.37016989606790673,-0.03417580026869871,0.26060661691813536,1.2399999999999984,-0.009999999999999787
2025-08-01,112542.74,6238.01,20650.13,20.38,4.23,121.2122,-0.6253489564596038,-1.6121328046944328,-2.2614841111279205,-0.41888119364204,3.66,-0.13999999999999968
2025-08-04,114112.95,6329.94,21053.58,17.52,4.22,120.9859,1.3855686752622276,1.4629536175940316,1.9349002140078397,-0.18687187542374417,-2.8599999999999994,-0.010000000000000675
2025-08-05,115028.83,6299.19,20916.55,17.85,4.22,120.9082,0.7994045236264569,-0.4869703735275621,-0.6529905287834481,-0.06424299118696908,0.33000000000000185,0
2025-08-06,117515.49,6345.06,21169.42,16.77,4.22,120.5082,2.138736208614489,0.725550368351513,1.201697587220174,-0.33137795612701026,-1.0800000000000018,0
2025-08-07,116683.79,6340,21242.7,16.57,4.23,120.5043,-0.7102528208616121,-0.07977889372803304,0.3455619427727541,-0.00323634666283823,-0.1999999999999993,0.010000000000000675
2025-08-08,116492.51,6389.45,21450.02,15.15,4.27,120.3329,-0.1640647380595439,0.7769424248420975,0.971227083560855,-0.1423368391076707,-1.42,0.03999999999999915
2025-08-11,120113.18,6373.45,21385.4,16.25,4.27,120.6892,3.0607485853050065,-0.2507268470623103,-0.30171315710258995,0.2956577505093705,1.0999999999999996,0
2025-08-12,123365.63,6445.76,21681.9,14.73,4.29,120.2736,2.6718082607903426,1.128162608098826,1.3769364904312908,-0.3449498529261241,-1.5199999999999996,0.020000000000000462
2025-08-13,118389.79,6466.58,21713.14,14.49,4.24,120.13,-4.117006193089701,0.32248249415864905,0.14397961332335285,-0.11946577928023672,-0.2400000000000002,-0.04999999999999982
2025-08-14,117436.96,6468.54,21710.67,14.83,4.29,120.6446,-0.8080806650923478,0.03030509210582011,-0.01137624728304587,0.4274543772908146,0.33999999999999986,0.04999999999999982
2025-08-15,117455.68,6449.8,21622.98,15.09,4.33,120.3377,0.015939196766368013,-0.2901303595573168,-0.40472067179191384,-0.254707641117502,0.2599999999999998,0.040000000000000036
2025-08-18,112856.19,6449.15,21629.77,14.99,4.34,120.5622,-3.9946717608113858,-0.010078339718333496,0.03139684785722352,0.18638452319095222,-0.09999999999999964,0.009999999999999787
2025-08-19,114276,6411.37,21314.95,15.57,4.3,120.7224,1.2502221667773483,-0.5875362532782091,-1.4661902080337796,0.1327892650754059,0.5800000000000001,-0.040000000000000036
2025-08-20,112480.3,6395.78,21172.86,15.69,4.29,120.7757,-1.58384798002853,-0.24345787627044757,-0.6688531591366953,0.04414113474631165,0.11999999999999922,-0.009999999999999787
2025-08-21,116908.68,6370.17,21100.31,16.6,4.33,121.0843,3.861502201889877,-0.4012241056242871,-0.34324405399388525,0.25518909077213436,0.9100000000000019,0.040000000000000036
2025-08-22,115383.87,6466.91,21496.53,14.22,4.26,120.2774,-1.3128547610623542,1.5072248733122962,1.860379444192617,-0.6686255574970268,-2.380000000000001,-0.07000000000000028
2025-08-25,111788.01,6439.32,21449.29,14.79,4.28,120.4214,-3.1660259718565342,-0.427546108007526,-0.2199982166048997,0.11965162865772427,0.5699999999999985,0.020000000000000462
2025-08-26,111253.21,6465.94,21544.27,14.62,4.26,120.5274,-0.47955353266662115,0.4125455473914741,0.4418343329311014,0.08798550301003516,-0.16999999999999993,-0.020000000000000462
2025-08-27,112574.85,6481.4,21590.14,14.85,4.24,120.7274,1.1809559179043916,0.23881364585491838,0.21268410668380255,0.1657998479748457,0.23000000000000043,-0.019999999999999574
2025-08-28,108378.32,6501.86,21705.16,14.43,4.22,120.2595,-3.799026473883238,0.31517534019496196,0.5313291308507218,-0.38832035099476414,-0.41999999999999993,-0.020000000000000462
2025-08-29,108827.93,6460.26,21455.55,15.36,4.23,120.2082,0.4139942033525301,-0.6418725150927784,-1.1566667132736796,-0.04266685361757894,0.9299999999999997,0.010000000000000675
2025-09-02,111756.41,6415.54,21279.63,17.17,4.28,120.6837,2.65535809912123,-0.6946392429263426,-0.8233076060781386,0.3947834008291906,1.8100000000000023,0.04999999999999982
2025-09-03,110720.79,6448.26,21497.73,16.35,4.22,120.5052,-0.9309965068105441,0.5087154738689037,1.019707105992218,-0.14801678898948012,-0.8200000000000003,-0.0600000000000005
2025-09-04,110670.02,6502.08,21707.69,15.3,4.17,120.7629,-0.045864596538613966,0.8311798740471943,0.9719227485426529,0.2136213598061154,-1.0500000000000007,-0.04999999999999982
2025-09-05,110212.6,6481.5,21700.39,15.18,4.1,120.1282,-0.4141753243294133,-0.3170160654550003,-0.033634291444428754,-0.5269613271214446,-0.120000000000001,-0.07000000000000028
2025-09-08,111549.32,6495.15,21798.7,15.11,4.05,120.0971,1.2055597188018297,0.210377948614493,0.45201022542578073,-0.025892360358170663,-0.07000000000000028,-0.04999999999999982
2025-09-09,113983.97,6512.61,21879.49,15.04,4.08,120.1569,2.1590999533477984,0.2684552987744837,0.3699333334768795,0.04978064984131336,-0.07000000000000028,0.03000000000000025
2025-09-10,115540,6532.04,21886.06,15.35,4.04,120.1223,1.3558965880791973,0.297900125633177,0.030023614689511646,-0.02879982973071904,0.3100000000000005,-0.040000000000000036
2025-09-11,116106.03,6587.47,22043.07,14.71,4.01,119.9534,0.48870349864920115,0.845006098923129,0.7148362309399303,-0.14070564231678517,-0.6399999999999988,-0.03000000000000025
2025-09-12,115968.35,6584.29,22141.1,14.76,4.06,120.0611,-0.11865162897546355,-0.04828512001093799,0.44373430959971927,0.08974458395520912,0.049999999999998934,0.04999999999999982
2025-09-15,116832.56,6615.28,22348.75,15.69,4.05,119.5644,0.7424489619223706,0.4695616136135783,0.933478120743203,-0.4145641522886656,0.9299999999999997,-0.009999999999999787
2025-09-16,116484.4,6606.76,22333.96,16.36,4.04,119.1348,-0.2984440208877004,-0.1288757435196075,-0.06620010532110143,-0.35995132270443264,0.6699999999999999,-0.009999999999999787
2025-09-17,117117.99,6600.35,22261.33,15.72,4.06,119.1582,0.5424529720285065,-0.09706893488914403,-0.3257297540477211,0.019639687338912637,-0.6399999999999988,0.019999999999999574
2025-09-18,115690.55,6631.96,22470.73,15.7,4.11,119.6616,-1.2262934066800568,0.47777085223632554,0.9362480940776408,0.4215737100136785,-0.02000000000000135,0.05000000000000071
2025-09-19,115752.4,6664.36,22631.48,15.45,4.14,119.7858,0.05344729789555913,0.487353856235373,0.7128283987604789,0.10373886802561572,-0.25,0.02999999999999936
2025-09-22,112017.21,6693.75,22788.98,16.1,4.15,119.8152,-3.280090688786075,0.4400330199851865,0.6935228365268387,0.024540799201577812,0.6500000000000021,0.010000000000000675
2025-09-23,113348.17,6656.92,22573.47,16.64,4.12,119.6202,1.1811711933823688,-0.5517340092831446,-0.9501762863951768,-0.16288321869923905,0.5399999999999991,-0.03000000000000025
2025-09-24,109035.72,6637.97,22497.86,16.18,4.16,120.1707,-3.8788697171465714,-0.28507212670838555,-0.33551293439870733,0.4591508411153633,-0.46000000000000085,0.040000000000000036
2025-09-25,109697.29,6604.72,22384.7,16.74,4.18,120.5419,0.6049128271435222,-0.5021648905465526,-0.5042503804375542,0.3084178345816646,0.5599999999999987,0.019999999999999574
2025-09-26,109681.16,6643.7,22484.07,15.29,4.2,120.4349,-0.014705181870944273,0.5884492261081675,0.4429368688473545,-0.08880523521934691,-1.4499999999999993,0.020000000000000462
2025-09-29,114067.71,6661.21,22591.15,16.12,4.15,120.115,3.921460802612309,0.26321125222388275,0.47511782053426543,-0.2659740773842678,0.8300000000000018,-0.04999999999999982
2025-09-30,118659.97,6688.46,22660.01,16.28,4.16,120.1368,3.9469788561284247,0.4082503589616593,0.3043460240673923,0.01814762683141069,0.16000000000000014,0.009999999999999787
2025-10-01,120621.32,6711.2,22755.16,16.29,4.12,120.1502,1.6394043414484472,0.33941192284689947,0.4190235959519839,0.011153329155444425,0.00999999999999801,-0.040000000000000036
2025-10-02,122318.4,6715.35,22844.05,16.63,4.1,120.4296,1.3971429668764301,0.06181781816128051,0.38987566932071616,0.23227230683087186,0.33999999999999986,-0.020000000000000462
2025-10-03,122458.56,6715.79,22780.51,16.65,4.13,120.0881,0.114520594845402,0.006551938259136136,-0.27853437306291084,-0.2839709755137143,0.019999999999999574,0.03000000000000025
2025-10-06,121393.95,6740.28,22941.67,16.37,4.18,120.2722,-0.8731644910749736,0.3639996973882731,0.7049561828463169,0.1531867250964325,-0.2799999999999976,0.04999999999999982
2025-10-07,123343.25,6714.59,22788.36,17.24,4.14,120.4884,1.5930077014997934,-0.3818696311233438,-0.6705028374916822,0.17959754055549837,0.8699999999999974,-0.040000000000000036
2025-10-08,121714.51,6753.72,23043.38,16.3,4.13,120.7766,-1.3292898647915052,0.5810693412792389,1.112864717530826,0.23890753907895856,-0.9399999999999977,-0.009999999999999787
2025-10-09,112980.28,6735.11,23024.63,16.43,4.14,121.0902,-7.446493028651879,-0.27593218696981836,-0.08140139344128272,0.25931643014551753,0.129999999999999,0.009999999999999787
2025-10-10,110768.89,6552.51,22204.43,21.66,4.05,121.1163,-1.9767331493902418,-2.7485959970572793,-3.6272694002150274,0.021551857692525545,5.23,-0.08999999999999986
2025-10-14,110804.12,6644.31,22521.7,20.81,4.03,121.1822,0.03179990225063989,1.3912666952620611,1.418747035666712,0.05439571571832502,-0.8500000000000014,-0.019999999999999574
2025-10-15,108198,6671.06,22670.08,20.64,4.05,120.8642,-2.380107578420443,0.4017918538789189,0.6566704528934153,-0.26275968819442497,-0.16999999999999815,0.019999999999999574
2025-10-16,106463.3,6629.07,22562.54,25.31,3.99,120.6698,-1.6162557131226052,-0.631424497513855,-0.4754984461307288,-0.16097116097695263,4.669999999999998,-0.05999999999999961
2025-10-17,107208.91,6664.01,22679.97,20.78,4.02,120.7028,0.6979036032463526,0.5256882598063228,0.519114716264113,0.027343617465813708,-4.529999999999998,0.02999999999999936
2025-10-20,108362.27,6735.13,22990.54,18.23,4,120.6209,1.0700604832599936,1.061570636531961,1.360067086513439,-0.06787564018315706,-2.5500000000000007,-0.019999999999999574
2025-10-21,107585.98,6735.35,22953.67,17.87,3.98,120.8895,-0.718962384655697,0.0032664017913575094,-0.1604990396602446,0.2224335769766661,-0.35999999999999943,-0.020000000000000018
2025-10-22,110116.03,6699.4,22740.4,18.6,3.97,120.8958,2.3244286203967235,-0.5351805698817103,-0.9334758258685127,0.0052112349273159,0.7300000000000004,-0.009999999999999787
2025-10-23,111042.13,6738.44,22941.8,17.3,4.01,120.9531,0.8375050806735729,0.5810473980595532,0.8817495868099101,0.04738495901550621,-1.3000000000000007,0.03999999999999959
2025-10-24,111666.21,6791.69,23204.87,16.37,4.02,120.9345,0.5604474745181776,0.7871361907069385,1.1401596251250368,-0.015379043850671792,-0.9299999999999997,0.009999999999999787
2025-10-27,112906.75,6875.16,23637.46,15.79,4.01,120.7988,1.1048103194561065,1.2215109973364946,1.8470571320257534,-0.11227250383321064,-0.5800000000000018,-0.009999999999999787
2025-10-28,110032.13,6890.89,23827.49,16.42,3.99,120.6361,-2.578984273965368,0.22853333884658156,0.8007214389607498,-0.13477755256481316,0.6300000000000026,-0.019999999999999574
2025-10-29,108308.18,6890.59,23958.47,16.92,4.08,120.5312,-1.5791731964041489,-0.004353668837353553,0.5481958634545592,-0.0869935572655578,0.5,0.08999999999999986
2025-10-30,109555.27,6822.34,23581.14,16.91,4.11,121.2832,1.1448488684925096,-0.9954191197687479,-1.5874674784390308,0.6219666192015971,-0.010000000000001563,0.03000000000000025
2025-10-31,110052.25,6840.2,23724.96,17.44,4.11,121.3859,0.45260822434816106,0.2614449461560753,0.6080418512750541,0.08464201345077527,0.5300000000000011,0
2025-11-03,101468.15,6851.97,23834.72,17.17,4.13,121.4512,-8.121029688059167,0.17192311955085415,0.4615682648216435,0.05378091039132116,-0.2699999999999996,0.019999999999999574
2025-11-04,100291.85,6771.55,23348.64,19,4.1,121.8271,-1.166052069991963,-1.1806190194192823,-2.0604602850234244,0.30902904134926246,1.8299999999999983,-0.03000000000000025
2025-11-05,103472,6796.29,23499.8,18.01,4.17,121.8482,3.121660926911929,0.36468630849650907,0.6453172168296106,0.017318127896182034,-0.9899999999999984,0.07000000000000028
2025-11-06,101447.93,6720.32,23053.99,19.5,4.11,121.6948,-1.9755382780550335,-1.1241102610423326,-1.9153054061078478,-0.12597366402342658,1.4899999999999984,-0.05999999999999961
2025-11-07,102882.15,6728.8,23004.54,19.08,4.11,121.388,1.4038496481008522,0.12610492171649668,-0.21472686601242685,-0.2524244108640161,-0.4200000000000017,0
2025-11-10,106071.01,6832.43,23527.17,17.6,4.13,121.2984,3.052461708111487,1.5283571949666452,2.2464335758417775,-0.07384015261759913,-1.4799999999999969,0.019999999999999574
2025-11-12,101945.44,6850.92,23406.46,17.51,4.08,121.0458,-3.967100727341233,0.27025562093996314,-0.514387087295276,-0.20846390503876933,-0.08999999999999986,-0.04999999999999982
2025-11-13,98906.39,6737.49,22870.36,20,4.11,120.7725,-3.0263920953016665,-1.6695497821197947,-2.3170303583457397,-0.22603757975661054,2.4899999999999984,0.03000000000000025
2025-11-14,94829.23,6734.11,22900.59,19.83,4.14,120.9666,-4.209615219002494,-0.050179638215652744,0.13209253640376062,0.16058638566303074,-0.1700000000000017,0.02999999999999936
2025-11-17,91855.7,6672.41,22708.07,22.38,4.13,121.1146,-3.185882763094483,-0.9204541614053596,-0.8442306502656649,0.12227303767424758,2.5500000000000007,-0.009999999999999787
2025-11-18,92184.51,6617.32,22432.85,24.69,4.12,121.2127,0.3573244671432718,-0.829065986303057,-1.2193965486781977,0.08096488126509982,2.3100000000000023,-0.009999999999999787
2025-11-19,91783.66,6642.16,22564.23,23.66,4.13,121.4978,-0.4357825969204754,0.3746757649478738,0.5839506622926649,0.23493019966380757,-1.0300000000000011,0.009999999999999787
2025-11-20,87214,6538.76,22078.05,26.42,4.1,121.6889,-5.10694176538351,-1.568966674838812,-2.178200676244657,0.1571632324754546,2.7600000000000016,-0.03000000000000025
2025-11-21,84826,6602.99,22273.08,23.43,4.06,121.8653,-2.7762768908692337,0.9775031702355719,0.8794872064166626,0.14485484614503719,-2.990000000000002,-0.040000000000000036
2025-11-24,87981.12,6705.12,22872.01,20.52,4.04,121.9171,3.652014642738166,1.5348836917048914,2.6535117880074566,0.04249691592139726,-2.91,-0.019999999999999574
2025-11-25,87366.12,6765.88,23025.59,18.56,4.01,121.6335,-0.7014681517576449,0.9020920798512577,0.6692313898737368,-0.23288805544288138,-1.9600000000000009,-0.03000000000000025
2025-11-26,90635.53,6812.61,23214.69,17.19,4,121.2437,3.6738735040474424,0.6882972184270031,0.8179061812985111,-0.320985530697282,-1.3699999999999974,-0.009999999999999787
2025-11-28,90919.78,6849.09,23365.69,16.35,4.02,121.0527,0.3131279743389115,0.5340490085902871,0.6483439119209677,-0.15765817367698887,-0.8399999999999999,0.019999999999999574
2025-12-01,86628.25,6812.63,23275.92,17.24,4.09,120.9862,-4.8351604427978145,-0.533755435779959,-0.3849357294809508,-0.05494984622167465,0.889999999999997,0.07000000000000028
2025-12-02,91532.75,6829.37,23413.67,16.59,4.09,121.1467,5.507085689560753,0.24541868350880236,0.5900690054593483,0.1325718425764677,-0.6499999999999986,0
2025-12-03,93150.03,6849.72,23454.09,16.08,4.06,120.7336,1.7514587369328538,0.29753463150949955,0.17248535036102908,-0.341574242835474,-0.5100000000000016,-0.03000000000000025
2025-12-04,92353.31,6857.12,23505.14,15.78,4.11,120.6766,-0.8589871200001653,0.10797529874064793,0.21742273078402263,-0.04722252917170877,-0.29999999999999893,0.05000000000000071
2025-12-05,89347.18,6870.4,23578.13,15.41,4.14,120.6863,-3.3091868077248066,0.1934800188635677,0.31004668312295536,0.008037689309503548,-0.3699999999999992,0.02999999999999936
2025-12-08,90338.37,6846.51,23545.9,16.66,4.17,120.776,1.1032607283334883,-0.3483295312932455,-0.13678798279954663,0.0742973160831717,1.25,0.03000000000000025
2025-12-09,92243.57,6840.51,23576.49,16.93,4.18,120.6832,2.0870291479504033,-0.08767431309877338,0.12983214262671794,-0.07686599191014665,0.2699999999999996,0.009999999999999787
2025-12-10,91194.97,6886.68,23654.16,15.77,4.13,120.6752,-1.1432836543823655,0.6726820871525874,0.3288968922301905,-0.006629145704462047,-1.1600000000000001,-0.04999999999999982
2025-12-11,91784.59,6901,23593.86,14.85,4.14,119.98,0.6444676561301321,0.20772175085355116,-0.2552489299610272,-0.5777576664342199,-0.9199999999999999,0.009999999999999787
2025-12-12,90350,6827.41,23195.17,15.74,4.19,120.1442,-1.5753401573567416,-1.0720936344245757,-1.7042441347467019,0.13676258002588426,0.8900000000000006,0.05000000000000071
2025-12-15,85950,6816.51,23057.41,16.5,4.18,119.9561,-4.992528520937967,-0.15977816227152886,-0.5956874507763388,-0.15668455098314382,0.7599999999999998,-0.010000000000000675
2025-12-16,87599.87,6800.26,23111.46,16.48,4.15,119.8902,1.9013782094122078,-0.23867639262764584,0.23414055701440617,-0.0549518601357768,-0.019999999999999574,-0.02999999999999936
2025-12-17,86064.34,6721.43,22693.32,17.62,4.16,120.155,-1.7684357851466714,-1.1659917229323469,-1.8257990352227083,0.2206252050951818,1.1400000000000006,0.009999999999999787
2025-12-18,85352.25,6774.76,23006.36,16.87,4.12,120.0528,-0.8308345139871776,0.79030122681587045,1.3700091390418834,-0.08509299545371718,-0.75,-0.040000000000000036
2025-12-19,88016.09,6834.5,23307.62,14.91,4.16,120.1652,3.073282774229469,0.8779372826507981,1.300964628959811,0.0935816701519876,-1.9600000000000009,0.040000000000000036
2025-12-22,88837.97,6878.49,23428.83,14.08,4.17,119.9912,0.9294510023687863,0.6415836501949101,0.5186969560559973,-0.14490559522588597,-0.8300000000000001,0.009999999999999787
2025-12-23,87594.74,6909.79,23561.84,14,4.18,119.7057,-1.4093198220191283,0.45400954671901417,0.5661138912497421,-0.23821762818965198,-0.08000000000000007,0.009999999999999787
2025-12-24,87516,6932.05,23613.31,13.47,4.15,119.4372,-0.089931668733633785,0.3216338173197997,0.21820818978959267,-0.22455202543989472,-0.5299999999999994,-0.02999999999999936
2025-12-26,87280.65,6929.94,23593.1,13.6,4.14,119.4723,-0.2692844996952104,-0.030442959723586682,-0.08562397028164526,0.029383511541070106,0.129999999999999,-0.010000000000000675
2025-12-29,87055.23,6905.74,23474.35,14.2,4.12,119.5899,-0.2586043970145724,-0.3498205318253511,-0.5045960720829967,0.09838444512419997,0.5999999999999996,-0.019999999999999574
2025-12-30,88185.26,6896.24,23419.08,14.33,4.14,119.4939,1.2897084042208462,-0.137661429740632,-0.23572609464981298,-0.08030657464814794,0.13000000000000078,0.019999999999999574
2025-12-31,87696,6845.5,23241.99,14.95,4.18,119.7456,-0.55635405614467,-0.7384833448339734,-0.7590518188578699,0.21041683573770342,0.6199999999999992,0.040000000000000036
2026-01-02,90112.01,6858.47,23235.63,14.51,4.19,119.6059,2.7177163764767087,0.18928827007993476,-0.02736801083926821,-0.1167320997473631,-0.4399999999999995,0.010000000000000675
2026-01-05,93891.94,6902.05,23395.82,14.9,4.17,119.6192,4.109109446583048,0.6334084134120843,0.6870497491716421,0.01111923457335351,0.39000000000000057,-0.020000000000000462
2026-01-06,92771.99,6944.82,23547.17,14.75,4.18,119.7807,-1.1999784199169028,0.6177589017273277,0.644826946173005,0.1349207117455009,-0.15000000000000036,0.009999999999999787
2026-01-07,91377.92,6920.93,23584.27,15.38,4.15,119.8719,-1.5140888551485432,-0.3445904280642509,0.1574320990942013,0.07611017314435031,0.6300000000000008,-0.02999999999999936
2026-01-08,91246.53,6921.46,23480.02,15.45,4.19,120.0904,-0.14389094414219983,0.0076576371602854465,-0.4430117632724162,0.18211199041484605,0.06999999999999851,0.040000000000000036
2026-01-09,90476.01,6966.28,23671.35,14.49,4.18,120.2215,-0.8480231650004555,0.6454636335169184,0.8115609371746046,0.10910821561953554,-0.9599999999999991,-0.010000000000000675
2026-01-12,91293.98,6977.27,23733.9,15.12,4.19,119.9958,0.9000116261576707,0.15763564193846946,0.2638949749242059,-0.18791324889155803,0.629999999999999,0.010000000000000675
2026-01-13,95222.7,6963.74,23709.87,15.98,4.18,120.1401,4.213350979803643,-0.1941036445421318,-0.10129887255949654,0.1201819614381705,0.8600000000000012,-0.010000000000000675
2026-01-14,96852.91,6926.6,23471.75,16.75,4.15,119.9537,1.6975077113333015,-0.5347614026380398,-1.009384678819103,-0.15527267880326434,0.7699999999999996,-0.02999999999999936
2026-01-15,95569.99,6944.47,23530.02,15.84,4.17,119.9951,-1.3334577222485322,0.2576587081787096,0.24794823621689943,0.03450736191288328,-0.9100000000000001,0.019999999999999574
2026-01-16,95467.76,6940.01,23515.39,15.86,4.24,120.0838,-0.10702597759699728,-0.06424439595011933,-0.06219522997721327,0.07389237791066705,0.019999999999999574,0.07000000000000028
2026-01-20,88916.02,6796.86,22954.32,20.09,4.3,119.4455,-7.109627010673414,-2.0842474609839456,-2.4148946331257193,-0.5329631998318263,4.23,0.05999999999999961
2026-01-21,89936.47,6875.62,23224.82,16.9,4.26,119.3431,1.1411203424476213,1.1521080474656387,1.1715380314130996,-0.08576624367915286,-3.1900000000000013,-0.040000000000000036
2026-01-22,89522.33,6913.35,23436.02,15.64,4.26,119.1962,-0.46154408162486504,0.547250362606988,0.9052620669365297,-0.1231663030540453,-1.259999999999998,0
2026-01-23,89365.99,6915.61,23501.24,16.09,4.24,118.8976,-0.17479066246899322,0.032685032281776216,0.277903064535856,-0.2508256464887282,0.4499999999999993,-0.019999999999999574
2026-01-26,88136.48,6950.23,23601.36,16.15,4.22,118.0525,-1.3853662591927218,0.4993577300732355,0.4251151774342432,-0.7133177689121695,0.05999999999999872,-0.020000000000000462
2026-01-27,89296,6978.6,23817.1,16.35,4.24,117.4523,1.3070171894433713,0.4073571036609991,0.909947259405719,-0.509714706008424,0.20000000000000284,0.020000000000000462
2026-01-28,88963.96,6978.03,23857.45,16.35,4.26,117.5117,-0.3725350146051909,-0.008168160943178293,0.16927274461799868,0.05056093807178641,0,0.019999999999999574
2026-01-29,83943.96,6969.01,23685.12,16.88,4.24,117.4396,-5.808191055267642,-0.12934646000264394,-0.7249534669401925,-0.06137442292359907,0.5299999999999976,-0.019999999999999574
2026-01-30,83986.02,6939.03,23461.82,17.44,4.26,117.8996,0.050092307376381484,-0.43111820838497295,-0.9472583786788391,0.3909255966032532,0.5600000000000023,0.019999999999999574
2026-02-02,78938.16,6976.44,23592.11,16.34,4.29,118.3609,-6.198559530022507,0.5376762714528027,0.5537915025719542,0.3905016591454924,-1.1000000000000014,0.03000000000000025
2026-02-03,76313.98,6917.81,23255.19,18,4.28,117.9764,-3.3808615498630346,-0.8439512459453624,-1.4384001170951066,-0.3253826960344597,1.6600000000000001,-0.009999999999999787
2026-02-04,72853.79,6882.72,22904.58,18.64,4.29,118.2602,-4.6401589625977735,-0.5085322899976319,-1.5191442365784624,0.2402677117162355,0.6400000000000006,0.009999999999999787
2026-02-05,63845.99,6798.4,22540.59,21.77,4.21,118.5034,-13.198077893552629,-1.2326632274291427,-1.6019206606140202,0.20543705665412304,3.129999999999999,-0.08000000000000007
2026-02-06,69936.2,6932.3,23031.21,17.76,4.22,118.2407,9.110962081360796,1.9504358091879226,2.1532568660690643,-0.22192748019520536,-4.009999999999998,0.009999999999999787
2026-02-09,69986.8,6964.82,23238.67,17.36,4.22,117.6392,0.07232549645994624,0.4680114924299872,0.8967448813001155,-0.5100064090101775,-0.40000000000000213,0
2026-02-10,69219,6941.81,23102.47,17.79,4.16,117.5216,-1.103126142782429,-0.3309215963660961,-0.5878163211958665,-0.10001667778247736,0.4299999999999997,-0.05999999999999961
2026-02-11,67479.13,6941.47,23066.47,17.65,4.18,117.4601,-2.5457026525431914,-0.004897978000428793,-0.15594903108464564,-0.05234450291595749,-0.14000000000000057,0.019999999999999574
2026-02-12,66001.99,6832.76,22597.15,20.82,4.09,117.5376,-2.2133471798674975,-1.5784876133702497,-2.0556255776110532,0.06595809474703174,3.1700000000000017,-0.08999999999999986
2026-02-13,68970.18,6836.17,22546.67,20.6,4.04,117.5258,4.398934418312628,0.04989417709708732,-0.22364089277235877,-0.010039844578013657,-0.21999999999999886,-0.04999999999999982
2026-02-17,67191.37,6843.22,22578.38,20.29,4.05,117.7375,-2.6129420606990195,0.10307478073485754,0.14054280369570904,0.17996861995825952,-0.3100000000000023,0.009999999999999787
2026-02-18,66533.36,6881.31,22753.63,19.62,4.09,117.8426,-0.9841340652389619,0.5550659701347271,0.7731881867377055,0.08922655773790922,-0.6699999999999982,0.040000000000000036
2026-02-19,67214.29,6861.89,22682.73,20.23,4.08,118.2354,1.018239772129803,-0.2826126800979267,-0.31208511221159085,0.3327716792577817,0.6099999999999994,-0.009999999999999787
2026-02-20,67885.32,6909.51,22886.07,19.09,4.08,117.9917,0.9933937163372875,0.6915809547171747,0.8924586543324509,-0.20632695101809873,-1.1400000000000006,0
2026-02-23,64743.99,6837.75,22627.27,21.01,4.03,117.9395,-4.737893315652464,-1.043999339209556,-1.1372612484480626,-0.0442501889125424,1.9200000000000017,-0.04999999999999982
2026-02-24,64290.01,6890.07,22863.68,19.55,4.04,117.9463,-0.7036624040154038,0.7622514474642017,1.0393809243476326,0.005765501782573068,-1.4600000000000009,0.009999999999999787
2026-02-25,68448.27,6946.13,23152.08,17.93,4.05,117.769,6.267402379372733,0.810342532877506,1.253500001986474,-0.1504357446776794,-1.620000000000001,0.009999999999999787
2026-02-26,67068.86,6908.86,22878.38,18.63,4.02,117.9042,-2.0358424692442867,-0.538002407756899,-1.1892265499117372,0.11473516278606155,0.6999999999999993,-0.03000000000000025
2026-02-27,65950,6878.88,22668.21,19.86,3.97,117.8223,-1.6822973636729799,-0.4348797881100097,-0.9228857383664746,-0.06948731118088247,1.2300000000000004,-0.04999999999999938
2026-03-02,69016.92,6881.62,22748.86,21.44,4.05,118.667,4.54548127643708,0.03982413482379599,0.3551531825914722,0.7143693962052389,1.5800000000000018,0.07999999999999963
2026-03-03,68222.81,6816.63,22516.69,23.57,4.06,119.4341,-1.1572725518705695,-0.9488874510841683,-1.0258222244317494,0.6443503655241933,2.129999999999999,0.009999999999999787
2026-03-04,72776.66,6869.5,22807.48,21.15,4.09,119.0705,6.461633299347191,0.7726108548736121,1.2831740325589536,-0.3049000159165871,-2.4200000000000017,0.03000000000000025
2026-03-05,70955.49,6830.71,22748.99,23.75,4.13,119.5683,-2.534252035444773,-0.5662702054044289,-0.2567803525529655,0.41720015524884246,2.6000000000000014,0.040000000000000036
2026-03-06,68350,6740.02,22387.68,29.49,4.15,119.491,-3.741121587805374,-1.3365729048958386,-1.600994125153754,-0.06467014894973033,5.739999999999998,0.020000000000000462
2026-03-09,68480.54,6795.99,22695.95,25.5,4.12,119.5151,0.19080541464564504,0.8269840075943335,1.3675686917240526,0.02016684936636537,-3.9899999999999984,-0.03000000000000025
2026-03-10,69847.95,6781.48,22697.1,24.93,4.15,118.7255,1.9771119351725375,-0.21373651385516723,0.005066854949120625,-0.6628617382223645,-0.5700000000000003,0.03000000000000025
2026-03-11,70210.72,6775.8,22716.13,24.23,4.21,119.2885,0.5180269257872183,-0.08379262407114396,0.08380818150950375,0.4730822977024651,-0.6999999999999993,0.05999999999999961
2026-03-12,70500.54,6672.62,22311.98,27.29,4.27,119.8227,0.4119363437343537,-1.5344854576946787,-1.7951490891183752,0.4468221386326299,3.0599999999999987,0.05999999999999961
2026-03-13,70838.78,6632.19,22105.36,27.19,4.28,120.5518,0.4786221494452292,-0.6077520001309011,-0.930364089239788,0.606638587677466,-0.09999999999999787,0.010000000000000675
2026-03-16,74758.54,6699.38,22374.18,23.51,4.23,120.097,5.38568623788791,1.0079918404358068,1.2087502390912164,-0.3779786489432446,-3.6799999999999997,-0.04999999999999982
2026-03-17,73845.35,6716.09,22479.53,22.37,4.2,119.8328,-1.2290411712255533,0.2491155157688496,0.4697501888946576,-0.22023117327210073,-1.1400000000000006,-0.03000000000000025
2026-03-18,71204.95,6624.7,22152.42,25.09,4.26,119.9276,-3.641070305116756,-1.370105213122308,-1.4658371731366415,0.07907895126981757,2.719999999999999,0.05999999999999961
2026-03-19,69858.95,6606.49,22090.69,24.06,4.25,120.1802,-1.9084129267652017,-0.2752588617910945,-0.2790492804725986,0.2104055704891472,-1.0300000000000011,-0.009999999999999787
2026-03-20,70560.99,6506.48,21647.61,26.78,4.39,120.2757,0.9999233006739772,-1.525389582947767,-2.0261197052438007,0.07943244896155832,2.7200000000000024,0.13999999999999968
2026-03-23,70906,6581,21946.76,26.15,4.34,119.9371,0.4877613979264339,1.1388106093258799,1.372446468047528,-0.2819168872416178,-0.6300000000000026,-0.04999999999999982
2026-03-24,70555.44,6556.37,21761.89,26.95,4.39,120.1295,-0.49562724317606666,-0.37496133331575976,-0.8459245591989628,0.16028888749515247,0.8000000000000007,0.04999999999999982
2026-03-25,71277.56,6591.9,21929.83,25.33,4.33,120.1282,1.018276761590009,0.5404526448369751,0.7687535628194908,-0.0010821713518183174,-1.620000000000001,-0.05999999999999961
2026-03-26,68762.2,6477.16,21408.08,27.44,4.42,120.389,-3.592737602681595,-1.7559479899018626,-2.407938960215361,0.2168660721260096,2.110000000000003,0.08999999999999986
2026-03-27,66390.02,6368.85,20948.36,31.05,4.44,120.8851,-3.510743136772909,-1.6863223156244445,-2.1708059178545014,0.41123411020347334,3.6099999999999994,0.020000000000000462
2026-03-30,66683.77,6343.72,20794.64,30.61,4.35,121.2851,0.4414850995392072,-0.39535723670915957,-0.7365100489856502,0.3303464784375265,-0.4400000000000013,-0.09000000000000075
2026-03-31,68133.96,6528.52,21590.63,25.25,4.3,121.035,2.1514172294201828,2.8714924185273105,3.7564163085779256,-0.20642124925318583,-5.359999999999999,-0.04999999999999982
2026-04-01,68100.65,6575.32,21840.95,24.54,4.33,120.1198,-0.048900937381191056,0.714297472893044,1.1527223822193733,-0.7590181856500955,-0.7100000000000009,0.03000000000000025
2026-04-02,66959.99,6582.69,21879.18,23.87,4.31,120.503,-1.6891481058674884,0.11202303039326011,0.1748851604229884,0.31850707742844264,-0.6699999999999982,-0.020000000000000462
2026-04-06,68909.06,6611.83,21996.34,24.17,4.34,120.4302,2.8692387456770163,0.4416992414478571,0.5340576178573642,-0.06043168995848447,0.3000000000000007,0.03000000000000025
2026-04-07,71872.04,6616.85,22017.85,25.78,4.33,120.32,4.209965136570304,0.0758957090345902,0.09774121351515674,-0.09154717852482008,1.6099999999999994,-0.009999999999999787
2026-04-08,71015.98,6782.81,22635,21.04,4.29,119.0596,-1.1982393521488888,2.4772044477339605,2.764389287078295,-1.0530652132525908,-4.740000000000002,-0.040000000000000036
2026-04-09,71798.73,6824.66,22822.42,19.49,4.29,118.8998,1.096186573615654,0.6151052613166286,0.8246005250292399,-0.13430864594692338,-1.5500000000000007,0
2026-04-10,72905.26,6816.89,22902.89,19.23,4.31,118.8552,1.5294002171321708,-0.11391668601081761,0.35197173326810827,-0.037517613108573045,-0.259999999999998,0.019999999999999574
2026-04-13,74505.1,6886.24,23183.74,19.12,4.3,118.9916,2.1706789371542357,1.012186151436012,1.2188067413765324,0.11469569063198293,-0.10999999999999943,-0.009999999999999787
2026-04-14,74386.01,6967.38,23639.08,18.36,4.26,118.3581,-0.15996928949775224,1.1714039770858165,1.945010380626755,-0.5338127702120055,-0.7600000000000016,-0.040000000000000036
2026-04-15,74725.02,7022.95,24016.02,18.17,4.29,118.3623,0.4547089294662854,0.7944100281507716,1.581983297797862,0.00354849011783287,-0.18999999999999773,0.03000000000000025
2026-04-16,75124.72,7041.28,24102.7,17.94,4.32,118.3616,0.533468990895436,0.2606614137922847,0.3602759747472817,-5.914062754186489e-4,-0.23000000000000043,0.03000000000000025
2026-04-17,75736.82,7126.06,24468.48,17.48,4.26,118.0795,0.8114770124569404,1.1968515194247686,1.506189123105628,-0.23862190952197437,-0.46000000000000085,-0.0600000000000005
2026-04-20,75854.66,7109.14,24404.39,18.87,4.26,118.2374,0.1554705102634557,-0.23772069191974055,-0.26227244988010767,0.1336341357712989,1.3900000000000006,0
2026-04-21,76434.02,7064.01,24259.96,19.5,4.3,118.4331,0.7608744065160877,-0.6368401170700366,-0.5935779438708266,0.16537764073083494,0.629999999999999,0.040000000000000036
2026-04-22,78416.36,7137.9,24657.57,18.92,4.3,118.6004,2.560469403714194,1.0405736514160324,1.6256698024886163,0.14116150483447498,-0.5799999999999983,0
2026-04-23,78281.09,7108.4,24438.5,19.31,4.34,118.7155,-0.1726512251496004,-0.4141432114161958,-0.8924195110346034,0.09700151487956887,0.389999999999997,0.040000000000000036
2026-04-24,77490.01,7165.08,24836.6,18.71,4.31,118.7294,-1.015704198021261,0.7942043275907196,1.6158614065993504,0.011707979422492798,-0.5999999999999979,-0.03000000000000025
2026-04-27,77302.47,7173.91,24887.1,18.02,4.35,118.5458,-0.24231163136825273,0.12316071238149817,0.20312252452274748,-0.15475703878289337,-0.6900000000000013,0.040000000000000036
2026-04-28,76361.99,7138.8,24663.8,17.83,4.36,118.7717,-1.2240849228309258,-0.4906138729193543,-0.9013015369472299,0.1903779268102035,-0.19000000000000128,0.010000000000000675
2026-04-29,75794.4,7135.95,24673.24,18.81,4.42,119.0975,-0.7460647991571534,-0.039930647301922306,0.038267395511404345,0.2739322314368131,0.9800000000000004,0.05999999999999961
2026-04-30,76442.08,7209.01,24892.31,16.89,4.4,118.671,0.8508918595019566,1.0186244049721793,0.8839664908510514,-0.35875270057514896,-1.9199999999999982,-0.019999999999999574
2026-05-01,78285.16,7230.12,25114.44,16.99,4.39,118.3926,2.382472768944943,0.2924000966883611,0.8884059091762708,-0.2348737874430462,0.09999999999999787,-0.010000000000000675
2026-05-04,79926.19,7200.75,25067.8,18.29,4.45,118.8264,2.0745526217798016,-0.40704462796039564,-0.18588254900286927,0.3657383966366723,1.3000000000000007,0.0600000000000005
2026-05-05,81028.26,7259.22,25326.13,17.38,4.43,118.6207,1.3694398920286233,0.8087197784593769,1.0252515048502886,-0.1732596872797032,-0.9100000000000001,-0.020000000000000462
2026-05-06,81476.51,7365.12,25838.94,17.39,4.36,118.0982,0.5516775130555374,1.4482958012582259,2.004598732108498,-0.4414525824016913,0.010000000000001563,-0.0699999999999994
2026-05-07,80047.2,7337.11,25806.2,17.08,4.41,118.0116,-1.769829715199478,-0.38103109376628197,-0.12678832659123174,-0.07335570474698017,-0.3100000000000023,0.04999999999999982
2026-05-08,80150.27,7398.93,26247.08,17.19,4.38,118.0392,0.12867870412947013,0.83903630375044,1.6939971619729377,0.023384796938419328,0.11000000000000298,-0.03000000000000025
2026-05-11,81734.25,7412.84,26274.13,18.38,4.42,118.0562,1.9569882931870453,0.1878236576624559,0.10300601372925655,0.014400958281601817,1.1899999999999977,0.040000000000000036
2026-05-12,80414.77,7400.96,26088.2,17.99,4.46,118.5238,-1.6275264884860974,-0.160391021166717,-0.710170007462807,0.39530020196281157,-0.39000000000000057,0.040000000000000036
2026-05-13,79371.63,7444.25,26402.34,17.87,4.46,118.4737,-1.305686616198365,0.5832200784963604,1.196953777029286,-0.04227892762269647,-0.11999999999999744,0
2026-05-14,79142.38,7501.24,26635.22,17.26,4.47,118.6696,-0.28924908257010884,0.7626417898904947,0.8781757555436087,0.1652165965149166,-0.6099999999999994,0.009999999999999787
2026-05-15,79026,7408.5,26225.14,18.43,4.59,119.2825,-0.14715965479670245,-1.2440350542895828,-1.5515907457720246,0.51514683451721055,1.1699999999999982,0.1200000000000001
2026-05-18,76952.14,7403.05,26090.73,17.82,4.61,NA,-2.659324208036651,-0.07359122098584692,-0.5138413859459234,NA,-0.6099999999999994,0.020000000000000462
2026-05-19,76799.23,7353.61,25870.71,18.06,4.67,NA,-0.19890561028983456,-0.670072834731883,-0.8468638087968827,NA,0.23999999999999844,0.05999999999999961
2026-05-20,77494.61,7432.97,26270.36,17.44,4.57,NA,0.9013771491904521,1.0734160570107676,1.5329866710017015,NA,-0.6199999999999974,-0.09999999999999964
2026-05-21,77451.06,7445.72,26293.1,16.76,4.57,NA,-0.05621325351885531,0.17138609811624406,0.08652398993014287,NA,-0.6799999999999997,0
