date,btc_price,sp500,nasdaq,vix,dgs10,dollar_index
2017-01-01,992.95,NA,NA,NA,NA,NA
2017-01-02,1011.45,NA,NA,NA,NA,NA
2017-01-03,1020.67,2257.83,5429.08,12.85,2.45,119.0903
2017-01-04,1130.3,2270.75,5477,11.85,2.46,118.8803
2017-01-05,1007,2269,5487.94,11.67,2.37,117.9999
2017-01-06,895.71,2276.98,5521.06,11.32,2.42,118.3495
2017-01-07,909,NA,NA,NA,NA,NA
2017-01-08,923.33,NA,NA,NA,NA,NA
2017-01-09,902.66,2268.9,5531.82,11.56,2.38,118.4111
2017-01-10,907,2268.9,5551.82,11.49,2.38,118.5386
2017-01-11,795.77,2275.32,5563.65,11.26,2.38,119.0219
2017-01-12,812.25,2270.44,5547.49,11.54,2.36,117.8001
2017-01-13,831.42,2274.64,5574.12,11.23,2.4,117.9884
2017-01-14,828,NA,NA,NA,NA,NA
2017-01-15,833.31,NA,NA,NA,NA,NA
2017-01-16,834.41,NA,NA,NA,NA,NA
2017-01-17,906,2267.89,5538.73,11.87,2.33,117.2656
2017-01-18,887.99,2271.89,5555.65,12.48,2.42,117.7242
2017-01-19,902.92,2263.69,5540.08,12.78,2.47,118.3182
2017-01-20,894.31,2271.31,5555.33,11.54,2.48,NA
2017-01-21,925.06,NA,NA,NA,NA,NA
2017-01-22,931.22,NA,NA,NA,NA,NA
2017-01-23,910.7,2265.2,5552.94,11.77,2.41,117.2479
2017-01-24,887,2280.07,5600.96,11.07,2.47,117.0516
2017-01-25,896,2298.37,5656.34,10.81,2.53,116.9355
2017-01-26,917.02,2296.68,5655.18,10.63,2.51,117.2766
2017-01-27,922.63,2294.69,5660.78,10.58,2.49,117.0735
2017-01-28,924.98,NA,NA,NA,NA,NA
2017-01-29,916.54,NA,NA,NA,NA,NA
2017-01-30,923.23,2280.9,5613.71,11.88,2.49,116.7325
2017-01-31,970.01,2278.87,5614.79,11.99,2.45,116.2241
2017-02-01,992.75,2279.55,5642.65,11.81,2.48,116.3914
2017-02-02,1008.38,2280.85,5636.2,11.93,2.48,115.903
2017-02-03,1018,2297.42,5666.77,10.97,2.49,115.6259
2017-02-04,1035.54,NA,NA,NA,NA,NA
2017-02-05,1016.32,NA,NA,NA,NA,NA
2017-02-06,1022.58,2292.56,5663.55,11.37,2.42,116.0504
2017-02-07,1053.96,2293.08,5674.22,11.29,2.4,116.4082
2017-02-08,1056.7,2294.67,5682.45,11.45,2.34,116.1382
2017-02-09,994.24,2307.87,5715.18,10.88,2.4,116.306
2017-02-10,1001.99,2316.1,5734.13,10.85,2.41,116.148
2017-02-11,1018.65,NA,NA,NA,NA,NA
2017-02-12,1010,NA,NA,NA,NA,NA
2017-02-13,1002.82,2328.25,5763.96,11.07,2.43,116.3427
2017-02-14,1013.92,2337.58,5782.57,10.74,2.47,116.3949
2017-02-15,1014.53,2349.25,5819.44,11.97,2.51,116.2162
2017-02-16,1038.94,2347.22,5814.9,11.76,2.45,116.0067
2017-02-17,1057.3,2351.16,5838.58,11.49,2.42,116.4035
2017-02-18,1062.15,NA,NA,NA,NA,NA
2017-02-19,1059.88,NA,NA,NA,NA,NA
2017-02-20,1089.82,NA,NA,NA,NA,NA
2017-02-21,1128.29,2365.38,5865.95,11.57,2.43,116.5921
2017-02-22,1128.71,2362.82,5860.63,11.74,2.42,116.2136
2017-02-23,1186.9,2363.81,5835.51,11.71,2.38,115.6527
2017-02-24,1186.91,2367.34,5845.31,11.47,2.31,115.8143
2017-02-25,1158,NA,NA,NA,NA,NA
2017-02-26,1184.91,NA,NA,NA,NA,NA
2017-02-27,1195.81,2369.75,5861.9,12.09,2.36,115.6764
2017-02-28,1195.08,2363.64,5825.44,12.92,2.36,116.0032
2017-03-01,1230,2395.96,5904.03,12.54,2.46,116.438
2017-03-02,1269.17,2381.92,5861.22,11.81,2.49,116.8429
2017-03-03,1292.86,2383.12,5870.75,10.96,2.49,116.6438
2017-03-04,1273.97,NA,NA,NA,NA,NA
2017-03-05,1278.98,NA,NA,NA,NA,NA
2017-03-06,1284.99,2375.31,5849.17,11.24,2.49,116.4313
2017-03-07,1237.36,2368.39,5833.93,11.45,2.52,116.4303
2017-03-08,1150.22,2362.98,5837.55,11.86,2.57,116.875
2017-03-09,1197.3,2364.87,5838.81,12.3,2.6,116.9959
2017-03-10,1109.01,2372.6,5861.73,11.66,2.58,116.616
2017-03-11,1188.11,NA,NA,NA,NA,NA
2017-03-12,1235.58,NA,NA,NA,NA,NA
2017-03-13,1245.49,2373.47,5875.78,11.35,2.62,116.4004
2017-03-14,1247.42,2365.45,5856.82,12.3,2.6,116.5646
2017-03-15,1263,2385.26,5900.05,11.63,2.51,116.3584
2017-03-16,1175.11,2381.38,5900.76,11.21,2.53,115.4456
2017-03-17,1069.57,2378.25,5901,11.28,2.5,115.2783
2017-03-18,970,NA,NA,NA,NA,NA
2017-03-19,1019.49,NA,NA,NA,NA,NA
2017-03-20,1044.96,2373.47,5901.53,11.34,2.47,115.0426
2017-03-21,1114.42,2344.02,5793.83,12.47,2.43,114.8119
2017-03-22,1034.57,2348.45,5821.64,12.81,2.4,114.7937
2017-03-23,1025.14,2345.96,5817.69,13.12,2.41,114.7899
2017-03-24,934.87,2343.98,5828.74,12.96,2.4,114.63720000000001
2017-03-25,963.72,NA,NA,NA,NA,NA
2017-03-26,973.08,NA,NA,NA,NA,NA
2017-03-27,1042.08,2341.59,5840.37,12.5,2.38,114.2347
2017-03-28,1045.4,2358.57,5875.14,11.53,2.42,114.419
2017-03-29,1043.27,2361.13,5897.55,11.42,2.39,114.7167
2017-03-30,1042.34,2368.06,5914.34,11.54,2.42,114.5245
2017-03-31,1088.99,2362.72,5911.74,12.37,2.4,114.7938
2017-04-01,1092,NA,NA,NA,NA,NA
2017-04-02,1113.99,NA,NA,NA,NA,NA
2017-04-03,1152.6,2358.84,5894.68,12.38,2.35,114.8734
2017-04-04,1143.99,2360.16,5898.61,11.79,2.36,115.0038
2017-04-05,1132.99,2352.95,5864.48,12.89,2.34,114.9494
2017-04-06,1192.3,2357.49,5878.95,12.39,2.34,115.0181
2017-04-07,1194,2355.54,5877.81,12.87,2.38,115.0547
2017-04-08,1184.5,NA,NA,NA,NA,NA
2017-04-09,1210.97,NA,NA,NA,NA,NA
2017-04-10,1210,2357.16,5880.93,14.05,2.37,115.11
2017-04-11,1223.99,2353.78,5866.77,15.07,2.32,115.009
2017-04-12,1214.17,2344.93,5836.16,15.77,2.28,114.9162
2017-04-13,1177.05,2328.95,5805.15,15.96,2.24,114.5059
2017-04-14,1173.74,NA,NA,NA,NA,114.5368
2017-04-15,1178.85,NA,NA,NA,NA,NA
2017-04-16,1177.99,NA,NA,NA,NA,NA
2017-04-17,1189.91,2349.01,5856.79,14.66,2.26,114.3283
2017-04-18,1201.94,2342.19,5849.47,14.42,2.18,114.2575
2017-04-19,1214.21,2338.17,5863.03,14.93,2.21,114.7923
2017-04-20,1236.15,2355.84,5916.78,14.15,2.24,114.6205
2017-04-21,1249.99,2348.69,5910.52,14.63,2.24,114.8128
2017-04-22,1247,NA,NA,NA,NA,NA
2017-04-23,1251.98,NA,NA,NA,NA,NA
2017-04-24,1257.29,2374.15,5983.82,10.84,2.28,114.3659
2017-04-25,1281.16,2388.61,6025.49,10.76,2.35,114.5111
2017-04-26,1298.44,2387.45,6025.23,10.85,2.32,114.9479
2017-04-27,1349.26,2388.77,6048.94,10.36,2.3,114.9946
2017-04-28,1353.34,2384.2,6047.61,10.82,2.29,114.7877
2017-04-29,1365.43,NA,NA,NA,NA,NA
2017-04-30,1384.55,NA,NA,NA,NA,NA
2017-05-01,1436.5,2388.33,6091.6,10.11,2.33,114.5921
2017-05-02,1471.99,2391.17,6095.37,10.59,2.29,114.6792
2017-05-03,1533,2388.13,6072.55,10.68,2.33,114.6637
2017-05-04,1563.39,2389.52,6075.34,10.46,2.36,114.9076
2017-05-05,1551.3,2399.29,6100.76,10.57,2.36,114.7725
2017-05-06,1585.39,NA,NA,NA,NA,NA
2017-05-07,1609.57,NA,NA,NA,NA,NA
2017-05-08,1713,2399.38,6102.66,9.77,2.39,115.0895
2017-05-09,1720.43,2396.92,6120.59,9.96,2.42,115.3933
2017-05-10,1794.99,2399.63,6129.14,10.21,2.41,115.1145
2017-05-11,1837.93,2394.44,6115.96,10.6,2.39,115.0669
2017-05-12,1695.61,2390.9,6121.23,10.4,2.33,114.7479
2017-05-13,1792.73,NA,NA,NA,NA,NA
2017-05-14,1799.99,NA,NA,NA,NA,NA
2017-05-15,1747.81,2402.32,6149.67,10.42,2.34,114.3504
2017-05-16,1777.48,2400.67,6169.87,10.65,2.33,113.9923
2017-05-17,1813.23,2357.03,6011.24,15.59,2.22,113.7506
2017-05-18,1899.16,2365.72,6055.13,14.66,2.23,114.2683
2017-05-19,1976.23,2381.73,6083.7,12.04,2.23,113.7001
2017-05-20,2058.91,NA,NA,NA,NA,NA
2017-05-21,2057,NA,NA,NA,NA,NA
2017-05-22,2123.29,2394.02,6133.62,10.93,2.25,113.5442
2017-05-23,2272.75,2398.42,6138.71,10.72,2.29,113.6862
2017-05-24,2432.97,2404.39,6163.02,10.02,2.26,113.675
2017-05-25,2355,2415.07,6205.26,9.99,2.25,113.3719
2017-05-26,2272.7,2415.82,6210.19,9.81,2.25,113.4839
2017-05-27,2099.99,NA,NA,NA,NA,NA
2017-05-28,2232.78,NA,NA,NA,NA,NA
2017-05-29,2279.48,NA,NA,NA,NA,NA
2017-05-30,2191.58,2412.91,6203.19,10.38,2.21,113.5552
2017-05-31,2303.29,2411.8,6198.52,10.41,2.21,113.2956
2017-06-01,2419.99,2430.06,6246.83,9.89,2.21,113.3017
2017-06-02,2478.99,2439.07,6305.8,9.75,2.15,113.1908
2017-06-03,2548.05,NA,NA,NA,NA,NA
2017-06-04,2521.36,NA,NA,NA,NA,NA
2017-06-05,2698,2436.1,6295.68,10.07,2.18,112.9755
2017-06-06,2871.29,2429.33,6275.06,10.45,2.14,112.7095
2017-06-07,2685.64,2433.14,6297.38,10.39,2.18,112.8191
2017-06-08,2799.73,2433.79,6321.76,10.16,2.19,112.8351
2017-06-09,2811.39,2431.77,6207.92,10.7,2.21,112.9562
2017-06-10,2931.15,NA,NA,NA,NA,NA
2017-06-11,2998.98,NA,NA,NA,NA,NA
2017-06-12,2655.71,2429.39,6175.46,11.46,2.21,112.9837
2017-06-13,2709.01,2440.35,6220.37,10.42,2.21,112.6271
2017-06-14,2432.21,2437.92,6194.89,10.64,2.15,112.0734
2017-06-15,2409.98,2432.46,6165.5,10.9,2.16,112.8708
2017-06-16,2480.43,2433.15,6151.76,10.38,2.16,112.6155
2017-06-17,2634.94,NA,NA,NA,NA,NA
2017-06-18,2515.25,NA,NA,NA,NA,NA
2017-06-19,2596.98,2453.46,6239.01,10.37,2.19,112.7576
2017-06-20,2725.08,2437.03,6188.03,10.86,2.16,113.2698
2017-06-21,2643.35,2435.61,6233.95,10.75,2.16,113.3327
2017-06-22,2679.99,2434.5,6236.69,10.48,2.15,113.1654
2017-06-23,2690.76,2438.3,6265.25,10.02,2.15,112.8665
2017-06-24,2574.84,NA,NA,NA,NA,NA
2017-06-25,2505.61,NA,NA,NA,NA,NA
2017-06-26,2407.91,2439.07,6247.15,9.9,2.14,112.7633
2017-06-27,2575.75,2419.38,6146.62,11.06,2.21,112.55
2017-06-28,2553.12,2440.69,6234.41,10.03,2.22,112.07470000000001
2017-06-29,2530,2419.7,6144.35,11.44,2.27,111.998
2017-06-30,2455.19,2423.41,6140.42,11.18,2.31,111.9896
2017-07-01,2423.63,NA,NA,NA,NA,NA
2017-07-02,2516.66,NA,NA,NA,NA,NA
2017-07-03,2542.41,2429.01,6110.06,11.22,2.35,112.4268
2017-07-04,2602,NA,NA,NA,NA,NA
2017-07-05,2616.96,2432.54,6150.86,11.07,2.33,112.6534
2017-07-06,2604.84,2409.75,6089.46,12.54,2.37,112.4199
2017-07-07,2501.15,2425.18,6153.08,11.19,2.39,112.3137
2017-07-08,2561.11,NA,NA,NA,NA,NA
2017-07-09,2508.99,NA,NA,NA,NA,NA
2017-07-10,2331.05,2427.43,6176.39,11.11,2.38,112.1587
2017-07-11,2310.01,2425.53,6193.3,10.89,2.37,112.1434
2017-07-12,2383.42,2443.25,6261.17,10.3,2.33,111.5904
2017-07-13,2340,2447.83,6274.44,9.9,2.35,111.5365
2017-07-14,2217.24,2459.27,6312.47,9.51,2.33,110.9075
2017-07-15,1964.31,NA,NA,NA,NA,NA
2017-07-16,1911.78,NA,NA,NA,NA,NA
2017-07-17,2235.19,2459.14,6314.43,9.82,2.31,110.9304
2017-07-18,2308.15,2460.61,6344.31,9.89,2.27,110.4356
2017-07-19,2258.99,2473.83,6385.04,9.79,2.27,110.4339
2017-07-20,2873.48,2473.45,6390,9.58,2.27,110.2512
2017-07-21,2657.45,2472.54,6387.75,9.36,2.24,110.191
2017-07-22,2825.27,NA,NA,NA,NA,NA
2017-07-23,2754.28,NA,NA,NA,NA,NA
2017-07-24,2762.26,2469.91,6410.81,9.43,2.26,110.2004
2017-07-25,2564,2477.13,6412.17,9.43,2.33,110.2835
2017-07-26,2525.99,2477.83,6422.75,9.6,2.29,110.3811
2017-07-27,2664.99,2475.42,6382.19,10.11,2.32,110.216
2017-07-28,2786.07,2472.1,6374.68,10.29,2.3,109.92
2017-07-29,2700.21,NA,NA,NA,NA,NA
2017-07-30,2723.99,NA,NA,NA,NA,NA
2017-07-31,2856.88,2470.3,6348.12,10.26,2.3,109.8177
2017-08-01,2732.59,2476.35,6362.94,10.09,2.26,109.8495
2017-08-02,2699.9,2477.57,6362.65,10.28,2.27,109.7503
2017-08-03,2787.02,2472.16,6340.34,10.44,2.24,109.8332
2017-08-04,2857.34,2476.83,6351.56,10.03,2.27,110.2808
2017-08-05,3243.49,NA,NA,NA,NA,NA
2017-08-06,3222.22,NA,NA,NA,NA,NA
2017-08-07,3398.23,2480.91,6383.77,9.93,2.26,110.373
2017-08-08,3422.43,2474.92,6370.46,10.96,2.29,110.396
2017-08-09,3342.8,2474.02,6352.33,11.11,2.24,110.3671
2017-08-10,3444.98,2438.21,6216.87,16.04,2.2,110.1886
2017-08-11,3656.15,2441.32,6256.56,15.51,2.19,110.0422
2017-08-12,3874,NA,NA,NA,NA,NA
2017-08-13,4060.47,NA,NA,NA,NA,NA
2017-08-14,4320.6,2465.84,6340.23,12.33,2.22,110.095
2017-08-15,4159.93,2464.61,6333.01,12.04,2.27,110.4846
2017-08-16,4370.01,2468.11,6345.11,11.74,2.23,110.4394
2017-08-17,4280.01,2430.01,6221.91,15.55,2.19,110.1673
2017-08-18,4101.72,2425.55,6216.53,14.26,2.19,110.041
2017-08-19,4157.41,NA,NA,NA,NA,NA
2017-08-20,4050.99,NA,NA,NA,NA,NA
2017-08-21,4002,2428.37,6213.13,13.19,2.18,109.7349
2017-08-22,4092,2452.51,6297.48,11.35,2.22,109.8386
2017-08-23,4143.49,2444.04,6278.41,12.25,2.17,109.8095
2017-08-24,4312.03,2438.97,6271.33,12.23,2.19,109.7524
2017-08-25,4360,2443.05,6265.64,11.28,2.17,109.3415
2017-08-26,4344.32,NA,NA,NA,NA,NA
2017-08-27,4340.11,NA,NA,NA,NA,NA
2017-08-28,4384.99,2444.24,6283.02,11.32,2.16,109.1815
2017-08-29,4599,2446.3,6301.89,11.7,2.13,109.0946
2017-08-30,4581.98,2457.59,6368.31,11.22,2.15,109.4052
2017-08-31,4743.94,2471.65,6428.66,10.59,2.12,109.3686
2017-09-01,4947.99,2476.55,6435.33,10.13,2.16,109.0504
2017-09-02,4649.99,NA,NA,NA,NA,NA
2017-09-03,4626.05,NA,NA,NA,NA,NA
2017-09-04,4498.25,NA,NA,NA,NA,NA
2017-09-05,4432.51,2457.85,6375.57,12.23,2.07,108.8664
2017-09-06,4616.18,2465.54,6393.31,11.63,2.1,108.4897
2017-09-07,4624.18,2465.1,6397.87,11.55,2.05,107.9224
2017-09-08,4350,2461.43,6360.19,12.12,2.06,107.808
2017-09-09,4334.36,NA,NA,NA,NA,NA
2017-09-10,4251.36,NA,NA,NA,NA,NA
2017-09-11,4210.72,2488.11,6432.26,10.73,2.14,108.153
2017-09-12,4164.52,2496.48,6454.28,10.58,2.17,108.3239
2017-09-13,3855.32,2498.37,6460.19,10.5,2.2,108.6628
2017-09-14,3250.4,2495.62,6429.08,10.44,2.2,108.618
2017-09-15,3740.02,2500.23,6448.47,10.17,2.2,108.3147
2017-09-16,3726.51,NA,NA,NA,NA,NA
2017-09-17,3719.97,NA,NA,NA,NA,NA
2017-09-18,4100,2503.87,6454.64,10.15,2.23,108.6401
2017-09-19,3910.11,2506.65,6461.32,10.18,2.24,108.6142
2017-09-20,3872.06,2508.24,6456.04,9.78,2.28,108.4329
2017-09-21,3617.47,2500.6,6422.69,9.67,2.27,108.9267
2017-09-22,3619.01,2502.22,6426.92,9.59,2.26,108.7542
2017-09-23,3787.33,NA,NA,NA,NA,NA
2017-09-24,3669.01,NA,NA,NA,NA,NA
2017-09-25,3919.78,2496.66,6370.59,10.21,2.22,109.3302
2017-09-26,3885.09,2496.84,6380.16,10.17,2.24,109.7769
2017-09-27,4200,2507.04,6453.26,9.87,2.31,110.0722
2017-09-28,4189.42,2510.06,6453.45,9.55,2.31,110.2415
2017-09-29,4156.99,2519.36,6495.96,9.51,2.33,110.0867
2017-09-30,4339,NA,NA,NA,NA,NA
2017-10-01,4394.81,NA,NA,NA,NA,NA
2017-10-02,4392.71,2529.12,6516.72,9.45,2.34,110.3686
2017-10-03,4307.99,2534.58,6531.71,9.51,2.33,110.3281
2017-10-04,4214.84,2537.74,6534.63,9.63,2.33,110.2425
2017-10-05,4320.04,2552.07,6585.36,9.19,2.35,110.5823
2017-10-06,4362.99,2549.33,6590.18,9.65,2.37,110.7841
2017-10-07,4425,NA,NA,NA,NA,NA
2017-10-08,4603.49,NA,NA,NA,NA,NA
2017-10-09,4769.55,2544.73,6579.73,10.33,NA,NA
2017-10-10,4750,2550.64,6587.25,10.08,2.35,110.3034
2017-10-11,4814.99,2555.24,6603.55,9.85,2.35,110.3037
2017-10-12,5440,2550.93,6591.51,9.91,2.33,110.3152
2017-10-13,5624.8,2553.17,6605.8,9.61,2.28,110.2669
2017-10-14,5819.13,NA,NA,NA,NA,NA
2017-10-15,5693.7,NA,NA,NA,NA,NA
2017-10-16,5754.9,2557.64,6624,9.91,2.3,110.5432
2017-10-17,5594,2559.36,6623.66,10.31,2.3,110.9141
2017-10-18,5574.44,2561.26,6624.22,10.07,2.34,110.7214
2017-10-19,5704.01,2562.1,6605.07,10.05,2.33,110.4577
2017-10-20,5989.1,2575.21,6629.05,9.97,2.39,111.0375
2017-10-21,6024.86,NA,NA,NA,NA,NA
2017-10-22,6005.05,NA,NA,NA,NA,NA
2017-10-23,5905.99,2564.98,6586.83,11.07,2.38,111.2134
2017-10-24,5525.43,2569.13,6598.43,11.16,2.42,111.4027
2017-10-25,5739.97,2557.15,6563.89,11.23,2.44,111.3904
2017-10-26,5891.61,2560.4,6556.77,11.3,2.46,111.6418
2017-10-27,5780,2581.07,6701.26,9.8,2.42,112.1495
2017-10-28,5752.01,NA,NA,NA,NA,NA
2017-10-29,6140.01,NA,NA,NA,NA,NA
2017-10-30,6124.16,2572.83,6698.96,10.5,2.37,111.901
2017-10-31,6445.01,2575.26,6727.67,10.18,2.38,111.8052
2017-11-01,6783.69,2579.36,6716.53,10.2,2.37,111.7942
2017-11-02,7039.98,2579.85,6714.94,9.93,2.35,111.5474
2017-11-03,7170.01,2587.84,6764.44,9.14,2.34,111.9383
2017-11-04,7412.55,NA,NA,NA,NA,NA
2017-11-05,7392,NA,NA,NA,NA,NA
2017-11-06,6969.76,2591.13,6786.44,9.4,2.32,111.7197
2017-11-07,7126.63,2590.64,6767.78,9.89,2.32,111.9446
2017-11-08,7467.96,2594.38,6789.12,9.78,2.32,111.6935
2017-11-09,7156,2584.62,6750.05,10.5,2.33,111.5626
2017-11-10,6577.62,2582.3,6750.94,11.29,2.4,NA
2017-11-11,6346.7,NA,NA,NA,NA,NA
2017-11-12,5886.35,NA,NA,NA,NA,NA
2017-11-13,6535.87,2584.84,6757.6,11.5,2.4,111.7833
2017-11-14,6605,2578.87,6737.87,11.59,2.38,111.5097
2017-11-15,7294,2564.62,6706.21,13.13,2.33,111.4809
2017-11-16,7838.53,2585.64,6793.29,11.76,2.37,111.2568
2017-11-17,7714.71,2578.85,6782.79,11.43,2.35,111.0016
2017-11-18,7777.01,NA,NA,NA,NA,NA
2017-11-19,8031.82,NA,NA,NA,NA,NA
2017-11-20,8256.01,2582.14,6790.71,10.65,2.37,111.2599
2017-11-21,8109,2599.03,6862.48,9.73,2.36,110.9828
2017-11-22,8250,2597.08,6867.36,9.88,2.32,110.5632
2017-11-23,8031.16,NA,NA,NA,NA,NA
2017-11-24,8215.01,2602.42,6889.16,9.67,2.34,110.0253
2017-11-25,8795.5,NA,NA,NA,NA,NA
2017-11-26,9401.11,NA,NA,NA,NA,NA
2017-11-27,9768.71,2601.42,6878.52,9.87,2.32,110.1136
2017-11-28,9949,2627.04,6912.36,10.03,2.34,110.3018
2017-11-29,9935.98,2626.07,6824.34,10.7,2.37,110.3265
2017-11-30,9903,2647.58,6873.97,11.28,2.42,110.4648
2017-12-01,10869.84,2642.22,6847.59,11.43,2.37,110.1413
2017-12-02,10930.24,NA,NA,NA,NA,NA
2017-12-03,11290,NA,NA,NA,NA,NA
2017-12-04,11643.98,2639.44,6775.37,11.68,2.37,110.397
2017-12-05,11718.35,2629.57,6762.21,11.33,2.36,110.4905
2017-12-06,14090,2629.27,6776.38,11.02,2.33,110.8711
2017-12-07,17390.01,2636.98,6812.84,10.16,2.37,111.0178
2017-12-08,16367.03,2651.5,6840.08,9.58,2.38,111.2273
2017-12-09,15309.98,NA,NA,NA,NA,NA
2017-12-10,15290.01,NA,NA,NA,NA,NA
2017-12-11,16885.76,2659.99,6875.08,9.34,2.39,111.0827
2017-12-12,17730.12,2664.11,6862.32,9.92,2.4,111.5214
2017-12-13,16689.61,2662.85,6875.8,10.18,2.36,111.2759
2017-12-14,16749.78,2652.01,6856.53,10.49,2.35,111.0893
2017-12-15,17738.67,2675.81,6936.58,9.42,2.35,111.1286
2017-12-16,19650.01,NA,NA,NA,NA,NA
2017-12-17,19378.99,NA,NA,NA,NA,NA
2017-12-18,19039.01,2690.16,6994.76,9.53,2.39,110.9086
2017-12-19,17838.73,2681.47,6963.85,10.03,2.46,111.1255
2017-12-20,16496.89,2679.25,6960.96,9.72,2.49,110.8361
2017-12-21,15758.8,2684.57,6965.36,9.62,2.48,110.8786
2017-12-22,14210.57,2683.34,6959.96,9.9,2.48,111.0997
2017-12-23,15075.89,NA,NA,NA,NA,NA
2017-12-24,14221.94,NA,NA,NA,NA,NA
2017-12-25,14171.98,NA,NA,NA,NA,NA
2017-12-26,15790.88,2680.5,6936.25,10.25,2.47,110.9758
2017-12-27,15367.08,2682.62,6939.34,10.47,2.42,110.8553
2017-12-28,14450.01,2687.54,6950.16,10.18,2.43,110.5154
2017-12-29,14565.05,2673.61,6903.39,11.04,2.4,110.0783
2017-12-30,12839.99,NA,NA,NA,NA,NA
2017-12-31,13863.13,NA,NA,NA,NA,NA
2018-01-01,13480.01,NA,NA,NA,NA,NA
2018-01-02,14781.51,2695.81,7006.9,9.77,2.46,109.6445
2018-01-03,15098.14,2713.06,7065.53,9.15,2.44,109.6751
2018-01-04,15144.99,2723.99,7077.91,9.22,2.46,109.4777
2018-01-05,16960.01,2743.15,7136.56,9.22,2.47,109.3496
2018-01-06,17098.99,NA,NA,NA,NA,NA
2018-01-07,16174.22,NA,NA,NA,NA,NA
2018-01-08,14993.74,2747.71,7157.39,9.52,2.49,109.5681
2018-01-09,14480.99,2751.29,7163.58,10.08,2.55,109.9025
2018-01-10,14875.18,2748.23,7153.57,9.82,2.55,109.628
2018-01-11,13308.06,2767.56,7211.78,9.88,2.54,109.4888
2018-01-12,13820,2786.24,7261.06,10.16,2.55,108.901
2018-01-13,14187.95,NA,NA,NA,NA,NA
2018-01-14,13656.23,NA,NA,NA,NA,NA
2018-01-15,13590,NA,NA,NA,NA,NA
2018-01-16,11570.01,2776.42,7223.69,11.66,2.54,108.3218
2018-01-17,11200.01,2802.56,7298.28,11.91,2.57,108.1526
2018-01-18,11305.53,2798.03,7296.05,12.22,2.62,108.0655
2018-01-19,11498.99,2810.3,7336.38,11.27,2.64,107.9455
2018-01-20,12762.8,NA,NA,NA,NA,NA
2018-01-21,11518.17,NA,NA,NA,NA,NA
2018-01-22,10766.7,2832.97,7408.03,11.03,2.66,108.107
2018-01-23,10824.94,2839.13,7460.29,11.1,2.63,107.9979
2018-01-24,11356.79,2837.54,7415.06,11.47,2.65,107.0802
2018-01-25,11118,2839.25,7411.16,11.58,2.63,106.5052
2018-01-26,11086.89,2872.87,7505.77,11.08,2.66,106.6911
2018-01-27,11319,NA,NA,NA,NA,NA
2018-01-28,11536,NA,NA,NA,NA,NA
2018-01-29,11123.01,2853.53,7466.51,13.84,2.7,107.1142
2018-01-30,9995,2822.43,7402.48,14.79,2.73,107.1064
2018-01-31,10099.99,2823.81,7411.48,13.54,2.72,106.7696
2018-02-01,9014.23,2821.98,7385.86,13.47,2.78,106.4877
2018-02-02,8787.52,2762.13,7240.95,17.31,2.84,107.1151
2018-02-03,9240,NA,NA,NA,NA,NA
2018-02-04,8167.91,NA,NA,NA,NA,NA
2018-02-05,6905.19,2648.94,6967.53,37.32,2.77,107.33
2018-02-06,7688.46,2695.14,7115.88,29.98,2.79,107.5204
2018-02-07,7575.75,2681.66,7051.98,27.73,2.84,107.7175
2018-02-08,8218.1,2581,6777.16,33.46,2.85,108.3025
2018-02-09,8671.01,2619.55,6874.49,29.06,2.83,108.2582
2018-02-10,8547.49,NA,NA,NA,NA,NA
2018-02-11,8072.99,NA,NA,NA,NA,NA
2018-02-12,8872.28,2656,6981.96,25.61,2.86,108.0332
2018-02-13,8520.01,2662.94,7013.51,24.97,2.83,107.7574
2018-02-14,9472.98,2698.63,7143.62,19.26,2.91,107.4691
2018-02-15,10031.23,2731.2,7256.43,19.13,2.9,106.9867
2018-02-16,10167.49,2732.22,7239.47,19.46,2.87,107.0359
2018-02-17,11121.5,NA,NA,NA,NA,NA
2018-02-18,10380.04,NA,NA,NA,NA,NA
2018-02-19,11140,NA,NA,NA,NA,NA
2018-02-20,11235.57,2716.26,7234.31,20.6,2.88,107.6249
2018-02-21,10454.27,2701.33,7218.23,20.02,2.94,107.8679
2018-02-22,9830,2703.96,7210.09,18.72,2.92,107.8668
2018-02-23,10144.99,2747.3,7337.39,16.49,2.88,107.6804
2018-02-24,9688.62,NA,NA,NA,NA,NA
2018-02-25,9597.99,NA,NA,NA,NA,NA
2018-02-26,10300,2779.6,7421.46,15.8,2.86,107.7347
2018-02-27,10566.57,2744.28,7330.35,18.59,2.9,108.1731
2018-02-28,10307.27,2713.83,7273.01,19.85,2.87,108.3903
2018-03-01,10895.92,2677.67,7180.56,22.47,2.81,108.5358
2018-03-02,11000,2691.25,7257.87,19.59,2.86,NA
2018-03-03,11432.5,NA,NA,NA,NA,NA
2018-03-04,11469.9,NA,NA,NA,NA,NA
2018-03-05,11377.54,2720.94,7330.7,18.73,2.88,108.3614
2018-03-06,10700,2728.12,7372.01,18.36,2.88,107.7969
2018-03-07,9920,2726.8,7396.65,17.76,2.89,108.0911
2018-03-08,9304.9,2738.97,7427.95,16.54,2.86,108.2671
2018-03-09,9255,2786.57,7560.81,14.64,2.9,107.923
2018-03-10,8795.44,NA,NA,NA,NA,NA
2018-03-11,9533.88,NA,NA,NA,NA,NA
2018-03-12,9120,2783.02,7588.32,15.78,2.87,107.9438
2018-03-13,9145.41,2765.31,7511.01,16.35,2.84,107.7384
2018-03-14,8207.03,2749.48,7496.81,17.23,2.81,107.8623
2018-03-15,8259.99,2747.33,7481.74,16.59,2.82,108.2032
2018-03-16,8275,2752.01,7481.99,15.8,2.85,108.4332
2018-03-17,7865.02,NA,NA,NA,NA,NA
2018-03-18,8192,NA,NA,NA,NA,NA
2018-03-19,8589,2712.92,7344.24,19.02,2.85,108.3145
2018-03-20,8900,2716.94,7364.3,18.2,2.89,108.4953
2018-03-21,8891.81,2711.93,7345.29,17.86,2.89,NA
2018-03-22,8715.09,2643.69,7166.68,23.34,2.83,107.9935
2018-03-23,8927.1,2588.26,6992.67,24.87,2.82,107.7495
2018-03-24,8531.34,NA,NA,NA,NA,NA
2018-03-25,8453,NA,NA,NA,NA,NA
2018-03-26,8145,2658.55,7220.54,21.03,2.85,107.1819
2018-03-27,7793.61,2612.62,7008.81,22.5,2.78,107.3359
2018-03-28,7942.72,2605,6949.23,22.87,2.77,107.5733
2018-03-29,7079.99,2640.87,7063.44,19.97,2.74,107.665
2018-03-30,6848.01,NA,NA,NA,NA,107.4784
2018-03-31,6928.5,NA,NA,NA,NA,NA
2018-04-01,6816.01,NA,NA,NA,NA,NA
2018-04-02,7045.01,2581.88,6870.12,23.62,2.73,107.7033
2018-04-03,7424.9,2614.45,6941.28,21.1,2.79,107.5624
2018-04-04,6791.68,2644.69,7042.11,20.06,2.79,107.6361
2018-04-05,6785.85,2662.84,7076.55,18.94,2.83,107.7281
2018-04-06,6619.01,2604.47,6915.11,21.49,2.77,107.7886
2018-04-07,6894.01,NA,NA,NA,NA,NA
2018-04-08,7020.01,NA,NA,NA,NA,NA
2018-04-09,6771.13,2613.16,6950.34,21.77,2.78,107.5316
2018-04-10,6824.99,2656.87,7094.3,20.47,2.8,107.3659
2018-04-11,6942.99,2642.19,7069.03,20.24,2.79,107.1224
2018-04-12,7916,2663.99,7140.25,18.49,2.83,107.2905
2018-04-13,7893.19,2656.3,7106.65,17.41,2.82,107.2368
2018-04-14,8003.11,NA,NA,NA,NA,NA
2018-04-15,8355.25,NA,NA,NA,NA,NA
2018-04-16,8048.93,2677.84,7156.28,16.56,2.83,107.0595
2018-04-17,7892.1,2706.39,7281.1,15.25,2.82,107.0344
2018-04-18,8152.05,2708.64,7295.24,15.6,2.87,107.1096
2018-04-19,8274,2693.13,7238.06,15.96,2.92,107.5197
2018-04-20,8866.27,2670.14,7146.13,16.88,2.96,108.1787
2018-04-21,8915.42,NA,NA,NA,NA,NA
2018-04-22,8795.01,NA,NA,NA,NA,NA
2018-04-23,8931.3,2670.29,7128.6,16.34,2.98,108.9332
2018-04-24,9650,2634.56,7007.35,18.02,3,108.7906
2018-04-25,8865.98,2639.4,7003.74,17.84,3.03,109.3447
2018-04-26,9272.11,2666.94,7118.68,16.24,3,109.3646
2018-04-27,8922.55,2669.91,7119.8,15.41,2.96,109.1735
2018-04-28,9329.99,NA,NA,NA,NA,NA
2018-04-29,9389.01,NA,NA,NA,NA,NA
2018-04-30,9243.82,2648.05,7066.27,15.93,2.95,109.3363
2018-05-01,9072.29,2654.8,7130.7,15.49,2.97,109.7445
2018-05-02,9190.48,2635.67,7100.9,15.97,2.97,110.1625
2018-05-03,9725.74,2629.73,7088.15,15.9,2.94,110.1803
2018-05-04,9685,2663.42,7209.62,14.77,2.95,110.25
2018-05-05,9800,NA,NA,NA,NA,NA
2018-05-06,9600,NA,NA,NA,NA,NA
2018-05-07,9356.25,2672.63,7265.21,14.75,2.95,110.5721
2018-05-08,9177.81,2671.92,7266.9,14.71,2.97,111.063
2018-05-09,9300.08,2697.79,7339.91,13.42,3,110.8818
2018-05-10,9010.51,2723.07,7404.97,13.23,2.97,110.405
2018-05-11,8403.33,2727.72,7402.88,12.65,2.97,110.2847
2018-05-12,8475,NA,NA,NA,NA,NA
2018-05-13,8686.1,NA,NA,NA,NA,NA
2018-05-14,8670,2730.13,7411.32,12.93,3,110.408
2018-05-15,8477.46,2711.45,7351.63,14.63,3.08,111.2292
2018-05-16,8344,2722.46,7398.3,13.42,3.09,111.3068
2018-05-17,8059,2720.13,7382.47,13.43,3.11,111.3547
2018-05-18,8238.51,2712.97,7354.34,13.42,3.06,111.7171
2018-05-19,8235.6,NA,NA,NA,NA,NA
2018-05-20,8516.86,NA,NA,NA,NA,NA
2018-05-21,8393.44,2733.01,7394.04,13.08,3.06,111.6394
2018-05-22,7987.7,2724.44,7378.46,13.22,3.06,111.1945
2018-05-23,7505,2733.29,7425.96,12.58,3.01,111.6933
2018-05-24,7584.15,2727.76,7424.43,12.53,2.98,111.4885
2018-05-25,7459.11,2721.33,7433.85,13.22,2.93,111.5843
2018-05-26,7337.95,NA,NA,NA,NA,NA
2018-05-27,7346.64,NA,NA,NA,NA,NA
2018-05-28,7107.94,NA,NA,NA,NA,NA
2018-05-29,7460,2689.86,7396.59,17.02,2.77,112.2127
2018-05-30,7380.01,2724.01,7462.45,14.94,2.84,111.6731
2018-05-31,7485,2705.27,7442.12,15.43,2.83,111.9894
2018-06-01,7514.32,2734.62,7554.33,13.46,2.89,111.8265
2018-06-02,7636.42,NA,NA,NA,NA,NA
2018-06-03,7706.37,NA,NA,NA,NA,NA
2018-06-04,7487.37,2746.87,7606.46,12.74,2.94,111.82470000000001
2018-06-05,7612.51,2748.8,7637.86,12.4,2.92,112.264
2018-06-06,7655,2772.35,7689.24,11.64,2.97,111.7525
2018-06-07,7684.93,2770.37,7635.07,12.13,2.93,112.0725
2018-06-08,7618.83,2779.03,7645.51,12.18,2.93,112.1066
2018-06-09,7496.4,NA,NA,NA,NA,NA
2018-06-10,6770.31,NA,NA,NA,NA,NA
2018-06-11,6881,2782,7659.93,12.35,2.96,112.1106
2018-06-12,6544.99,2786.85,7703.79,12.34,2.96,112.2138
2018-06-13,6302.32,2775.63,7695.7,12.94,2.98,112.2577
2018-06-14,6638.49,2782.49,7761.04,12.12,2.94,112.8593
2018-06-15,6391.22,2779.66,7746.38,11.98,2.93,113.3379
2018-06-16,6484.29,NA,NA,NA,NA,NA
2018-06-17,6447.16,NA,NA,NA,NA,NA
2018-06-18,6709.02,2773.75,7747.03,12.31,2.92,113.4899
2018-06-19,6736.41,2762.59,7725.59,13.35,2.89,113.639
2018-06-20,6756.1,2767.32,7781.51,12.79,2.93,113.4784
2018-06-21,6719.01,2749.76,7712.95,14.64,2.9,113.6109
2018-06-22,6059.82,2754.88,7692.82,13.77,2.9,113.3047
2018-06-23,6178.29,NA,NA,NA,NA,NA
2018-06-24,6149.99,NA,NA,NA,NA,NA
2018-06-25,6246.01,2717.07,7532.01,17.33,2.87,113.286
2018-06-26,6074,2723.06,7561.63,15.92,2.88,113.3016
2018-06-27,6132.17,2699.63,7445.08,17.91,2.83,113.8971
2018-06-28,5851.66,2716.31,7503.68,16.85,2.84,113.8405
2018-06-29,6202.36,2718.37,7510.3,16.09,2.85,113.2586
2018-06-30,6383.19,NA,NA,NA,NA,NA
2018-07-01,6349.5,NA,NA,NA,NA,NA
2018-07-02,6611.79,2726.71,7567.69,15.6,2.87,114.1673
2018-07-03,6502.62,2713.22,7502.67,16.14,2.83,113.3222
2018-07-04,6587.47,NA,NA,NA,NA,NA
2018-07-05,6532.95,2736.61,7586.43,14.97,2.84,112.9759
2018-07-06,6600,2759.82,7688.39,13.37,2.82,112.6428
2018-07-07,6753.28,NA,NA,NA,NA,NA
2018-07-08,6701.97,NA,NA,NA,NA,NA
2018-07-09,6664.01,2784.17,7756.2,12.69,2.86,112.6425
2018-07-10,6303.7,2793.84,7759.2,12.64,2.87,112.5794
2018-07-11,6390.04,2774.02,7716.61,13.63,2.85,112.8582
2018-07-12,6249.75,2798.29,7823.92,12.58,2.85,112.779
2018-07-13,6216.29,2801.31,7825.98,12.18,2.83,113.0705
2018-07-14,6248.65,NA,NA,NA,NA,NA
2018-07-15,6348.73,NA,NA,NA,NA,NA
2018-07-16,6728.81,2798.43,7805.72,12.83,2.85,112.8437
2018-07-17,7315.01,2809.55,7855.12,12.06,2.86,113.1504
2018-07-18,7378.99,2815.62,7854.44,12.1,2.88,113.3348
2018-07-19,7470.01,2804.49,7825.3,12.87,2.84,113.9463
2018-07-20,7334.46,2801.83,7820.2,12.86,2.89,113.3213
2018-07-21,7408,NA,NA,NA,NA,NA
2018-07-22,7397.8,NA,NA,NA,NA,NA
2018-07-23,7720.09,2806.98,7841.87,12.62,2.96,113.4246
2018-07-24,8385.5,2820.4,7840.77,12.41,2.95,113.2045
2018-07-25,8157.15,2846.07,7932.24,12.29,2.94,112.9221
2018-07-26,7931.99,2837.44,7852.18,12.14,2.98,112.9179
2018-07-27,8184.21,2818.82,7737.42,13.03,2.96,112.8125
2018-07-28,8228.9,NA,NA,NA,NA,NA
2018-07-29,8216.34,NA,NA,NA,NA,NA
2018-07-30,8170.01,2802.6,7630,14.26,2.98,112.6044
2018-07-31,7727.27,2816.29,7671.79,12.83,2.96,112.7299
2018-08-01,7603.99,2813.36,7707.29,13.15,3,112.8899
2018-08-02,7533.92,2827.22,7802.69,12.19,2.98,113.1679
2018-08-03,7414.08,2840.35,7812.01,11.64,2.95,113.012
2018-08-04,7005,NA,NA,NA,NA,NA
2018-08-05,7030.01,NA,NA,NA,NA,NA
2018-08-06,6938,2850.4,7859.68,11.27,2.94,113.229
2018-08-07,6718.22,2858.45,7883.66,10.93,2.98,112.9759
2018-08-08,6282.5,2857.7,7888.33,10.85,2.96,113.1411
2018-08-09,6546.45,2853.58,7891.78,11.27,2.93,113.3806
2018-08-10,6146.01,2833.28,7839.11,13.16,2.87,114.3005
2018-08-11,6235.56,NA,NA,NA,NA,NA
2018-08-12,6316.01,NA,NA,NA,NA,NA
2018-08-13,6253.67,2821.93,7819.71,14.78,2.88,114.851
2018-08-14,6195.01,2839.96,7870.89,13.31,2.89,114.658
2018-08-15,6269.01,2818.37,7774.12,14.64,2.86,115.1526
2018-08-16,6315.9,2840.69,7806.52,13.45,2.87,114.6416
2018-08-17,6585.49,2850.13,7816.33,12.64,2.87,114.5339
2018-08-18,6396.64,NA,NA,NA,NA,NA
2018-08-19,6489.53,NA,NA,NA,NA,NA
2018-08-20,6258.74,2857.05,7821.01,12.49,2.82,114.3504
2018-08-21,6475.89,2862.96,7859.17,12.86,2.85,113.8604
2018-08-22,6359.99,2861.82,7889.1,12.25,2.82,113.663
2018-08-23,6526.36,2856.98,7878.46,12.41,2.82,114.0932
2018-08-24,6690.88,2874.69,7945.98,11.99,2.82,113.5985
2018-08-25,6737.52,NA,NA,NA,NA,NA
2018-08-26,6709.98,NA,NA,NA,NA,NA
2018-08-27,6911.9,2896.74,8017.9,12.16,2.85,113.2721
2018-08-28,7071.01,2897.52,8030.04,12.5,2.88,113.3444
2018-08-29,7030.9,2914.04,8109.69,12.25,2.89,113.6461
2018-08-30,6983,2901.13,8088.36,13.53,2.86,114.0899
2018-08-31,7015.01,2901.52,8109.54,12.86,2.86,114.2755
2018-09-01,7191.08,NA,NA,NA,NA,NA
2018-09-02,7295,NA,NA,NA,NA,NA
2018-09-03,7256.98,NA,NA,NA,NA,NA
2018-09-04,7360,2896.72,8091.25,13.16,2.9,114.8584
2018-09-05,6687.96,2888.6,7995.17,13.91,2.9,114.7477
2018-09-06,6495,2878.05,7922.73,14.65,2.88,114.6479
2018-09-07,6395.01,2871.68,7902.54,14.88,2.94,114.5816
2018-09-08,6188,NA,NA,NA,NA,NA
2018-09-09,6235.01,NA,NA,NA,NA,NA
2018-09-10,6300,2877.13,7924.16,14.16,2.94,114.6802
2018-09-11,6282.53,2887.89,7972.47,13.22,2.98,114.7051
2018-09-12,6326,2888.92,7954.23,13.14,2.97,114.2192
2018-09-13,6485.99,2904.18,8013.71,12.37,2.97,113.9268
2018-09-14,6478.04,2904.98,8010.04,12.07,2.99,114.0657
2018-09-15,6518.68,NA,NA,NA,NA,NA
2018-09-16,6498,NA,NA,NA,NA,NA
2018-09-17,6250.7,2888.8,7895.79,13.68,2.99,113.9158
2018-09-18,6335.7,2904.31,7956.11,12.79,3.05,113.7739
2018-09-19,6386.94,2907.95,7950.04,11.75,3.08,113.6532
2018-09-20,6493.11,2930.75,8028.23,11.8,3.07,113.4989
2018-09-21,6750,2929.67,7986.96,11.68,3.07,113.5099
2018-09-22,6707.33,NA,NA,NA,NA,NA
2018-09-23,6696.99,NA,NA,NA,NA,NA
2018-09-24,6582.09,2919.37,7993.25,12.2,3.08,113.5301
2018-09-25,6436.89,2915.56,8007.47,12.42,3.1,113.7202
2018-09-26,6455.66,2905.97,7990.37,12.89,3.06,113.6739
2018-09-27,6680.01,2914,8041.97,12.41,3.06,113.9784
2018-09-28,6620.01,2913.98,8046.35,12.12,3.05,113.8077
2018-09-29,6581,NA,NA,NA,NA,NA
2018-09-30,6605,NA,NA,NA,NA,NA
2018-10-01,6572.83,2924.59,8037.3,12,3.09,113.8235
2018-10-02,6498.46,2923.43,7999.55,12.05,3.05,113.8954
2018-10-03,6466.03,2925.51,8025.09,11.61,3.15,114.1569
2018-10-04,6547.45,2901.61,7879.51,14.22,3.19,114.6867
2018-10-05,6593.94,2885.57,7788.45,14.82,3.23,114.561
2018-10-06,6552.43,NA,NA,NA,NA,NA
2018-10-07,6570,NA,NA,NA,NA,NA
2018-10-08,6608.07,2884.43,7735.95,15.69,NA,NA
2018-10-09,6589.48,2880.34,7738.02,15.95,3.21,114.6583
2018-10-10,6524.56,2785.68,7422.05,22.96,3.22,114.6072
2018-10-11,6154.69,2728.37,7329.06,24.98,3.14,114.4074
2018-10-12,6188.01,2767.13,7496.89,21.31,3.15,114.3691
2018-10-13,6196,NA,NA,NA,NA,NA
2018-10-14,6183.49,NA,NA,NA,NA,NA
2018-10-15,6440.42,2750.79,7430.74,21.3,3.16,114.045
2018-10-16,6457.11,2809.92,7645.49,17.62,3.16,113.8963
2018-10-17,6443.7,2809.21,7642.7,17.4,3.19,114.1755
2018-10-18,6394.96,2768.78,7485.14,20.06,3.17,114.8164
2018-10-19,6382.99,2767.78,7449.03,19.89,3.2,114.8567
2018-10-20,6414,NA,NA,NA,NA,NA
2018-10-21,6415.88,NA,NA,NA,NA,NA
2018-10-22,6407.65,2755.88,7468.63,19.64,3.2,115.1782
2018-10-23,6395.14,2740.69,7437.54,20.71,3.17,115.1651
2018-10-24,6415.98,2656.1,7108.4,25.23,3.1,115.3755
2018-10-25,6395.58,2705.57,7318.34,24.22,3.14,115.4831
2018-10-26,6404.87,2658.69,7167.21,24.16,3.08,115.473
2018-10-27,6409.12,NA,NA,NA,NA,NA
2018-10-28,6403.62,NA,NA,NA,NA,NA
2018-10-29,6266,2641.25,7050.29,24.7,3.08,115.8936
2018-10-30,6267.63,2682.63,7161.65,23.35,3.12,116.2357
2018-10-31,6304.18,2711.74,7305.9,21.23,3.15,116.5281
2018-11-01,6344,2740.37,7434.06,19.34,3.14,115.8657
2018-11-02,6349.8,2723.06,7356.99,19.51,3.22,115.643
2018-11-03,6331.96,NA,NA,NA,NA,NA
2018-11-04,6423.28,NA,NA,NA,NA,NA
2018-11-05,6404,2738.31,7328.85,19.96,3.2,115.703
2018-11-06,6448.5,2755.45,7375.96,19.91,3.22,115.5622
2018-11-07,6503.12,2813.89,7570.75,16.36,3.22,115.2519
2018-11-08,6406.24,2806.83,7530.88,16.72,3.24,115.6478
2018-11-09,6334.89,2781.01,7406.9,17.36,3.19,116.4778
2018-11-10,6347.42,NA,NA,NA,NA,NA
2018-11-11,6357.6,NA,NA,NA,NA,NA
2018-11-12,6327.87,2726.22,7200.87,20.45,NA,NA
2018-11-13,6259.34,2722.18,7200.87,20.02,3.14,116.6694
2018-11-14,5605.46,2701.58,7136.39,21.25,3.12,116.498
2018-11-15,5579.52,2730.2,7259.03,19.98,3.11,116.3861
2018-11-16,5512.24,2736.27,7247.87,18.14,3.08,115.9258
2018-11-17,5504.17,NA,NA,NA,NA,NA
2018-11-18,5560,NA,NA,NA,NA,NA
2018-11-19,4733.5,2690.73,7028.48,20.1,3.06,115.9859
2018-11-20,4349.23,2641.89,6908.82,22.48,3.06,116.2367
2018-11-21,4545.11,2649.93,6972.25,20.8,3.06,116.092
2018-11-22,4265.36,NA,NA,NA,NA,NA
2018-11-23,4283.8,2632.56,6938.98,21.52,3.05,116.4713
2018-11-24,3774.99,NA,NA,NA,NA,NA
2018-11-25,3936.69,NA,NA,NA,NA,NA
2018-11-26,3731.32,2673.45,7081.85,18.9,3.07,116.6208
2018-11-27,3775,2682.17,7082.7,19.02,3.06,116.9001
2018-11-28,4225.03,2743.79,7291.59,18.49,3.06,116.8343
2018-11-29,4248,2737.76,7273.08,18.79,3.03,116.1961
2018-11-30,3976,2760.17,7330.54,18.07,3.01,116.413
2018-12-01,4142.01,NA,NA,NA,NA,NA
2018-12-02,4103.19,NA,NA,NA,NA,NA
2018-12-03,3833.47,2790.37,7441.51,16.44,2.98,115.9057
2018-12-04,3901.84,2700.06,7158.43,20.74,2.91,116.0028
2018-12-05,3694.39,NA,NA,NA,NA,NA
2018-12-06,3433.26,2695.95,7188.26,21.19,2.87,116.3991
2018-12-07,3380.01,2633.08,6969.25,23.23,2.85,116.0847
2018-12-08,3401,NA,NA,NA,NA,NA
2018-12-09,3531.18,NA,NA,NA,NA,NA
2018-12-10,3410.15,2637.72,7020.52,22.64,2.85,116.6746
2018-12-11,3349.36,2636.78,7031.83,21.76,2.89,116.7564
2018-12-12,3430.24,2651.07,7098.31,21.46,2.91,116.2214
2018-12-13,3265,2650.54,7070.33,20.65,2.91,116.3974
2018-12-14,3195.71,2599.95,6910.66,21.63,2.89,116.79
2018-12-15,3183,NA,NA,NA,NA,NA
2018-12-16,3195,NA,NA,NA,NA,NA
2018-12-17,3496.82,2545.94,6753.73,24.52,2.86,116.4532
2018-12-18,3667.77,2546.16,6783.91,25.58,2.82,116.4127
2018-12-19,3682.51,2506.96,6636.83,25.58,2.77,116.0676
2018-12-20,4075.34,2467.42,6528.41,28.38,2.79,116.0183
2018-12-21,3839.06,2416.62,6332.99,30.11,2.79,116.2227
2018-12-22,3980.46,NA,NA,NA,NA,NA
2018-12-23,3944.93,NA,NA,NA,NA,NA
2018-12-24,4034,2351.1,6192.92,36.07,2.74,116.2182
2018-12-25,3780,NA,NA,NA,NA,NA
2018-12-26,3809.88,2467.7,6554.36,30.41,2.81,116.1162
2018-12-27,3589.89,2488.83,6579.49,29.96,2.77,115.9927
2018-12-28,3888.06,2485.74,6584.52,28.34,2.72,115.7232
2018-12-29,3729.31,NA,NA,NA,NA,NA
2018-12-30,3829,NA,NA,NA,NA,NA
2018-12-31,3691.86,2506.85,6635.28,25.42,2.69,115.5674
2019-01-01,3826.1,NA,NA,NA,NA,NA
2019-01-02,3890.79,2510.03,6665.94,23.22,2.66,115.7689
2019-01-03,3787.57,2447.89,6463.5,25.45,2.56,115.4622
2019-01-04,3820.25,2531.94,6738.86,21.38,2.67,114.9821
2019-01-05,3798.62,NA,NA,NA,NA,NA
2019-01-06,4040.99,NA,NA,NA,NA,NA
2019-01-07,4006.01,2549.69,6823.47,21.4,2.7,114.5628
2019-01-08,3993.86,2574.41,6897,20.47,2.73,114.7281
2019-01-09,4004.12,2584.96,6957.08,19.98,2.74,114.1406
2019-01-10,3626.12,2596.64,6986.07,19.5,2.74,114.0496
2019-01-11,3635.69,2596.26,6971.48,18.19,2.71,114.0404
2019-01-12,3619.41,NA,NA,NA,NA,NA
2019-01-13,3514.24,NA,NA,NA,NA,NA
2019-01-14,3664.19,2582.61,6905.92,19.07,2.71,NA
2019-01-15,3580.76,2610.3,7023.83,18.6,2.72,114.3402
2019-01-16,3609.71,2616.1,7034.69,19.04,2.73,114.137
2019-01-17,3640.65,2635.96,7084.46,18.06,2.75,114.4115
2019-01-18,3607.85,2670.71,7157.23,17.8,2.79,114.558
2019-01-19,3682.65,NA,NA,NA,NA,NA
2019-01-20,3536.19,NA,NA,NA,NA,NA
2019-01-21,3531.76,NA,NA,NA,NA,NA
2019-01-22,3577.03,2632.9,7020.36,20.8,2.74,114.7541
2019-01-23,3553.01,2638.7,7025.77,19.52,2.76,114.5759
2019-01-24,3568.97,2642.33,7073.46,18.89,2.72,114.617
2019-01-25,3562.17,2664.76,7164.86,17.42,2.76,114.0197
2019-01-26,3556.07,NA,NA,NA,NA,NA
2019-01-27,3531.02,NA,NA,NA,NA,NA
2019-01-28,3429.95,2643.85,7085.68,18.87,2.75,114.0522
2019-01-29,3397.42,2640,7028.29,19.13,2.72,114.026
2019-01-30,3437.55,2681.05,7183.08,17.66,2.7,114.0731
2019-01-31,3411.5,2704.1,7281.74,16.57,2.63,113.5504
2019-02-01,3437.5,2706.53,7263.87,16.14,2.7,113.7548
2019-02-02,3468.43,NA,NA,NA,NA,NA
2019-02-03,3414.78,NA,NA,NA,NA,NA
2019-02-04,3409.57,2724.87,7347.54,15.73,2.73,113.8766
2019-02-05,3428.4,2737.7,7402.08,15.57,2.71,114.0431
2019-02-06,3367.36,2731.61,7375.28,15.38,2.7,114.2305
2019-02-07,3359,2706.05,7288.35,16.37,2.65,114.4339
2019-02-08,3621.99,2707.88,7298.2,15.72,2.63,114.5003
2019-02-09,3623.73,NA,NA,NA,NA,NA
2019-02-10,3648.84,NA,NA,NA,NA,NA
2019-02-11,3590.36,2709.8,7307.9,15.97,2.65,115.031
2019-02-12,3588.06,2744.73,7414.62,15.43,2.68,114.7297
2019-02-13,3576.68,2753.03,7420.38,15.65,2.71,114.9407
2019-02-14,3561.5,2745.73,7426.95,16.22,2.66,115.1007
2019-02-15,3566.59,2775.6,7472.41,14.91,2.66,114.9923
2019-02-16,3582.37,NA,NA,NA,NA,NA
2019-02-17,3625.08,NA,NA,NA,NA,NA
2019-02-18,3867,NA,NA,NA,NA,NA
2019-02-19,3888.01,2779.76,7486.77,14.88,2.65,114.57
2019-02-20,3938.99,2784.7,7489.07,14.02,2.65,NA
2019-02-21,3897.71,2774.88,7459.71,14.46,2.69,114.5091
2019-02-22,3942.02,2792.67,7527.54,13.51,2.65,114.2716
2019-02-23,4110,NA,NA,NA,NA,NA
2019-02-24,3734.22,NA,NA,NA,NA,NA
2019-02-25,3818.79,2796.11,7554.46,14.85,2.67,114.1457
2019-02-26,3799.48,2793.9,7549.3,15.17,2.64,114.0687
2019-02-27,3799.91,2792.38,7554.51,14.7,2.69,114.0363
2019-02-28,3792.14,2784.49,7532.53,14.78,2.73,114.1991
2019-03-01,3806.17,2803.69,7595.35,13.57,2.76,114.537
2019-03-02,3809.7,NA,NA,NA,NA,NA
2019-03-03,3786.93,NA,NA,NA,NA,NA
2019-03-04,3700.72,2792.81,7577.57,14.63,2.72,114.6925
2019-03-05,3844.59,2789.65,7576.36,14.74,2.72,114.804
2019-03-06,3851.89,2771.45,7505.92,15.74,2.69,114.9714
2019-03-07,3857.05,2748.93,7421.46,16.59,2.64,115.4919
2019-03-08,3843.12,2743.07,7408.14,16.05,2.62,115.3599
2019-03-09,3917,NA,NA,NA,NA,NA
2019-03-10,3900.93,NA,NA,NA,NA,NA
2019-03-11,3849.68,2783.3,7558.06,14.33,2.64,115.2967
2019-03-12,3860,2791.52,7591.03,13.77,2.61,114.939
2019-03-13,3851.02,2810.92,7643.41,13.41,2.61,114.7372
2019-03-14,3853.95,2808.48,7630.91,13.5,2.63,114.79
2019-03-15,3902.8,2822.48,7688.53,12.88,2.59,114.5815
2019-03-16,3990,NA,NA,NA,NA,NA
2019-03-17,3967.01,NA,NA,NA,NA,NA
2019-03-18,3970.5,2832.94,7714.48,13.1,2.6,114.4375
2019-03-19,4000.85,2832.57,7723.95,13.56,2.61,114.2324
2019-03-20,4031.85,2824.23,7728.97,13.91,2.54,114.1509
2019-03-21,3972.76,2854.88,7838.96,13.63,2.54,114.1684
2019-03-22,3983.78,2800.71,7642.67,16.48,2.44,114.6856
2019-03-23,3983.43,NA,NA,NA,NA,NA
2019-03-24,3969.52,NA,NA,NA,NA,NA
2019-03-25,3907.53,2798.36,7637.54,16.33,2.43,114.4171
2019-03-26,3921.45,2818.46,7691.52,14.68,2.41,114.6414
2019-03-27,4026.53,2805.37,7643.38,15.15,2.39,115.1243
2019-03-28,4011.17,2815.44,7669.17,14.43,2.39,115.2581
2019-03-29,4091.01,2834.4,7729.32,13.71,2.41,115.1371
2019-03-30,4094.14,NA,NA,NA,NA,NA
2019-03-31,4094.99,NA,NA,NA,NA,NA
2019-04-01,4137,2867.19,7828.91,13.4,2.49,114.9362
2019-04-02,4901.93,2867.24,7848.69,13.36,2.48,115.1173
2019-04-03,4975.97,2873.4,7895.55,13.74,2.52,114.7211
2019-04-04,4906.49,2879.39,7891.78,13.58,2.51,114.9697
2019-04-05,5040.66,2892.74,7938.69,12.82,2.5,114.9726
2019-04-06,5049.22,NA,NA,NA,NA,NA
2019-04-07,5194.79,NA,NA,NA,NA,NA
2019-04-08,5285.54,2895.77,7953.88,13.18,2.52,114.6893
2019-04-09,5187.21,2878.2,7909.28,14.28,2.51,114.5321
2019-04-10,5318.58,2888.21,7964.24,13.3,2.48,114.4269
2019-04-11,5041.3,2888.32,7947.36,13.02,2.51,114.6303
2019-04-12,5078.19,2907.41,7984.16,12.01,2.56,114.3531
2019-04-13,5066.22,NA,NA,NA,NA,NA
2019-04-14,5164.27,NA,NA,NA,NA,NA
2019-04-15,5029.99,2905.58,7976.01,12.32,2.55,114.495
2019-04-16,5202.9,2907.06,8000.23,12.18,2.6,114.6756
2019-04-17,5227,2900.45,7996.08,12.6,2.59,114.5141
2019-04-18,5280.49,2905.03,7998.06,12.09,2.57,114.7073
2019-04-19,5290.36,NA,7998.063,NA,NA,114.6977
2019-04-20,5319.89,NA,NA,NA,NA,NA
2019-04-21,5297.64,NA,NA,NA,NA,NA
2019-04-22,5387.6,2907.97,8015.27,12.42,2.59,114.7694
2019-04-23,5532.75,2933.68,8120.82,12.28,2.57,115.1578
2019-04-24,5441.9,2927.25,8102.01,13.14,2.53,115.4187
2019-04-25,5134.81,2926.17,8106.29,13.25,2.54,115.7709
2019-04-26,5159.51,2939.88,8133.96,12.73,2.51,115.4767
2019-04-27,5170.6,NA,NA,NA,NA,NA
2019-04-28,5155,NA,NA,NA,NA,NA
2019-04-29,5148.25,2943.03,8149.39,13.11,2.54,115.5227
2019-04-30,5270.69,2945.83,8095.39,13.12,2.51,115.3281
2019-05-01,5321.15,2923.73,8049.64,14.8,2.52,115.0022
2019-05-02,5390.01,2917.52,8036.77,14.42,2.55,115.5617
2019-05-03,5657.4,2945.64,8164,12.87,2.54,115.2646
2019-05-04,5770.01,NA,NA,NA,NA,NA
2019-05-05,5715.86,NA,NA,NA,NA,NA
2019-05-06,5687.9,2932.47,8123.29,15.44,2.51,115.3811
2019-05-07,5748.45,2884.05,7963.76,19.32,2.45,115.6116
2019-05-08,5948.41,2879.42,7943.32,19.4,2.49,115.5171
2019-05-09,6153.09,2870.72,7910.59,19.1,2.45,115.8421
2019-05-10,6343.14,2881.4,7916.94,16.04,2.47,115.5334
2019-05-11,7219.95,NA,NA,NA,NA,NA
2019-05-12,6979.76,NA,NA,NA,NA,NA
2019-05-13,7824.93,2811.87,7647.02,20.55,2.4,115.915
2019-05-14,7990.92,2834.41,7734.49,18.06,2.42,115.9425
2019-05-15,8203.32,2850.96,7822.15,16.44,2.37,115.8565
2019-05-16,7878.96,2876.32,7898.05,15.29,2.4,116.0346
2019-05-17,7363.69,2859.53,7816.28,15.96,2.39,116.448
2019-05-18,7262.4,NA,NA,NA,NA,NA
2019-05-19,8200,NA,NA,NA,NA,NA
2019-05-20,7999.54,2840.23,7702.38,16.31,2.41,116.3119
2019-05-21,7951.7,2864.36,7785.72,14.95,2.43,116.2844
2019-05-22,7626.48,2856.27,7750.84,14.75,2.39,116.2412
2019-05-23,7881.98,2822.24,7628.28,16.92,2.31,116.2368
2019-05-24,7994.88,2826.06,7637.01,15.85,2.32,116.0806
2019-05-25,8067.41,NA,NA,NA,NA,NA
2019-05-26,8760.03,NA,NA,NA,NA,NA
2019-05-27,8783.25,NA,NA,NA,NA,NA
2019-05-28,8686.5,2802.39,7607.35,17.5,2.26,116.3174
2019-05-29,8660.5,2783.02,7547.31,17.9,2.25,116.5535
2019-05-30,8273.57,2788.86,7567.72,17.3,2.22,116.3989
2019-05-31,8550.18,2752.06,7453.15,18.71,2.14,116.7273
2019-06-01,8558.01,NA,NA,NA,NA,NA
2019-06-02,8741.17,NA,NA,NA,NA,NA
2019-06-03,8015.01,2744.45,7333.02,18.86,2.07,116.4764
2019-06-04,7688.26,2803.27,7527.12,16.97,2.12,116.091
2019-06-05,7766.91,2826.15,7575.48,16.09,2.12,116.03
2019-06-06,7812.15,2843.49,7615.55,15.93,2.12,115.9771
2019-06-07,7992.17,2873.34,7742.1,16.3,2.09,115.7368
2019-06-08,7938.64,NA,NA,NA,NA,NA
2019-06-09,7623.84,NA,NA,NA,NA,NA
2019-06-10,8046.13,2886.73,7823.17,15.94,2.15,115.5001
2019-06-11,7918.2,2885.72,7822.57,15.99,2.15,115.3794
2019-06-12,8169.01,2879.84,7792.72,15.91,2.13,115.438
2019-06-13,8256,2891.64,7837.13,15.82,2.1,115.6275
2019-06-14,8693.98,2886.98,7796.66,15.28,2.09,115.9057
2019-06-15,8861.33,NA,NA,NA,NA,NA
2019-06-16,8996.95,NA,NA,NA,NA,NA
2019-06-17,9346.47,2889.67,7845.02,15.35,2.09,115.9684
2019-06-18,9089.99,2917.75,7953.88,15.15,2.06,115.8797
2019-06-19,9283.99,2926.46,7987.32,14.33,2.03,115.7889
2019-06-20,9542.6,2954.18,8051.34,14.75,2.01,114.8046
2019-06-21,10175.88,2950.46,8031.71,15.4,2.07,114.8377
2019-06-22,10658.3,NA,NA,NA,NA,NA
2019-06-23,10808.53,NA,NA,NA,NA,NA
2019-06-24,11040.03,2945.35,8005.7,15.26,2.02,114.6559
2019-06-25,11736.99,2917.38,7884.72,16.28,2,114.6363
2019-06-26,12902.52,2913.78,7909.97,16.21,2.05,114.5608
2019-06-27,11127.4,2924.92,7967.76,15.82,2.01,114.665
2019-06-28,12317.73,2941.76,8006.24,15.08,2,114.5821
2019-06-29,11913.73,NA,NA,NA,NA,NA
2019-06-30,10778.74,NA,NA,NA,NA,NA
2019-07-01,10570.62,2964.33,8091.16,14.06,2.03,114.7239
2019-07-02,10885.01,2973.01,8109.09,12.93,1.98,114.8258
2019-07-03,12022.61,2995.82,8170.23,12.57,1.96,114.8135
2019-07-04,11130.95,NA,NA,NA,NA,NA
2019-07-05,11038.61,2990.41,8161.79,13.28,2.04,115.1132
2019-07-06,11187.8,NA,NA,NA,NA,NA
2019-07-07,11478.9,NA,NA,NA,NA,NA
2019-07-08,12298.31,2975.95,8098.38,13.96,2.05,115.0254
2019-07-09,12559.46,2979.63,8141.73,14.09,2.07,115.1017
2019-07-10,12083.13,2993.07,8202.53,13.03,2.07,115.0879
2019-07-11,11323.95,2999.91,8196.04,12.93,2.13,114.8361
2019-07-12,11811.99,3013.77,8244.14,12.39,2.12,114.7685
2019-07-13,11408.1,NA,NA,NA,NA,NA
2019-07-14,10190.36,NA,NA,NA,NA,NA
2019-07-15,10855.56,3014.3,8258.19,12.68,2.09,114.6819
2019-07-16,9436,3004.04,8222.8,12.86,2.13,115.0111
2019-07-17,9708.55,2984.42,8185.21,13.97,2.06,114.8819
2019-07-18,10654.25,2995.11,8207.24,13.53,2.04,114.8744
2019-07-19,10548.04,2976.61,8146.49,14.45,2.05,114.8695
2019-07-20,10754.92,NA,NA,NA,NA,NA
2019-07-21,10633.54,NA,NA,NA,NA,NA
2019-07-22,10304.64,2985.03,8204.14,13.53,2.05,115.0018
2019-07-23,9833.19,3005.47,8251.4,12.61,2.08,115.2995
2019-07-24,9751.24,3019.56,8321.5,12.07,2.05,115.2436
2019-07-25,9880.67,3003.67,8238.54,12.74,2.08,115.2982
2019-07-26,9841.96,3025.86,8330.21,12.16,2.08,115.5449
2019-07-27,9468.92,NA,NA,NA,NA,NA
2019-07-28,9549.7,NA,NA,NA,NA,NA
2019-07-29,9503.32,3020.97,8293.33,12.83,2.06,115.5885
2019-07-30,9580,3013.18,8273.61,13.94,2.06,115.6211
2019-07-31,10099,2980.38,8175.42,16.12,2.02,115.4946
2019-08-01,10417.24,2953.56,8111.12,17.87,1.9,116.0499
2019-08-02,10533.07,2932.05,8004.07,17.61,1.86,116.1864
2019-08-03,10820.75,NA,NA,NA,NA,NA
2019-08-04,10997.82,NA,NA,NA,NA,NA
2019-08-05,11775.14,2844.74,7726.04,24.59,1.75,116.5851
2019-08-06,11440.08,2881.77,7833.27,20.17,1.73,116.6904
2019-08-07,12014.41,2883.98,7862.83,19.49,1.71,116.7987
2019-08-08,12017.89,2938.09,8039.16,16.91,1.72,116.474
2019-08-09,11889,2918.65,7959.14,17.97,1.74,116.4419
2019-08-10,11283.82,NA,NA,NA,NA,NA
2019-08-11,11531.95,NA,NA,NA,NA,NA
2019-08-12,11387.38,2883.75,7863.41,21.09,1.65,116.7548
2019-08-13,10855.58,2926.32,8016.36,17.52,1.68,116.7267
2019-08-14,10105.34,2840.6,7773.94,22.1,1.59,117.0913
2019-08-15,10280.96,2847.6,7766.62,21.18,1.52,117.2239
2019-08-16,10368.83,2888.68,7895.99,18.47,1.55,117.0786
2019-08-17,10218.37,NA,NA,NA,NA,NA
2019-08-18,10309.04,NA,NA,NA,NA,NA
2019-08-19,10935.67,2923.65,8002.81,16.88,1.6,117.3886
2019-08-20,10770.99,2900.51,7948.56,17.5,1.55,117.3726
2019-08-21,10137.75,2924.43,8020.21,15.8,1.59,117.1764
2019-08-22,10088.89,2922.95,7991.39,16.68,1.62,117.3558
2019-08-23,10415.01,2847.11,7751.77,19.87,1.52,117.3009
2019-08-24,10156,NA,NA,NA,NA,NA
2019-08-25,10148.5,NA,NA,NA,NA,NA
2019-08-26,10373.75,2878.38,7853.74,19.32,1.54,117.6658
2019-08-27,10170.16,2869.16,7826.95,20.31,1.49,117.75
2019-08-28,9710.38,2887.94,7856.88,19.35,1.47,117.8767
2019-08-29,9525,2924.58,7973.39,17.88,1.5,118.0625
2019-08-30,9580.6,2926.46,7962.88,18.98,1.5,118.1575
2019-08-31,9593.95,NA,NA,NA,NA,NA
2019-09-01,9769.64,NA,NA,NA,NA,NA
2019-09-02,10405.05,NA,NA,NA,NA,NA
2019-09-03,10628.46,2906.27,7874.16,19.66,1.47,118.3113
2019-09-04,10585.67,2937.78,7976.88,17.33,1.47,117.6729
2019-09-05,10574.27,2976,8116.83,16.27,1.57,117.4776
2019-09-06,10318.8,2978.71,8103.07,15,1.55,117.1292
2019-09-07,10484.87,NA,NA,NA,NA,NA
2019-09-08,10395.17,NA,NA,NA,NA,NA
2019-09-09,10310.01,2978.43,8087.44,15.27,1.63,117.0601
2019-09-10,10090.01,2979.39,8084.16,15.2,1.72,117.0887
2019-09-11,10169.49,3000.93,8169.68,14.61,1.75,117.3125
2019-09-12,10437.19,3009.57,8194.47,14.22,1.79,116.8375
2019-09-13,10381.91,3007.39,8176.71,13.74,1.9,116.7677
2019-09-14,10360.2,NA,NA,NA,NA,NA
2019-09-15,10306.65,NA,NA,NA,NA,NA
2019-09-16,10268.77,2997.96,8153.54,14.67,1.84,117.0251
2019-09-17,10185.14,3005.7,8186.02,14.44,1.81,116.9826
2019-09-18,10155.26,3006.73,8177.39,13.95,1.8,116.9766
2019-09-19,10304.94,3006.79,8182.88,14.05,1.79,117.0861
2019-09-20,10168.44,2992.07,8117.67,15.32,1.74,117.1819
2019-09-21,9982.39,NA,NA,NA,NA,NA
2019-09-22,10035,NA,NA,NA,NA,NA
2019-09-23,9683.89,2991.78,8112.46,14.91,1.72,117.2986
2019-09-24,8556.43,2966.6,7993.63,17.05,1.64,117.2227
2019-09-25,8446.57,2984.87,8077.38,15.96,1.73,117.6527
2019-09-26,8063,2977.62,8030.66,16.07,1.7,117.7267
2019-09-27,8193.98,2961.79,7939.63,17.22,1.69,117.7218
2019-09-28,8228.22,NA,NA,NA,NA,NA
2019-09-29,8063.06,NA,NA,NA,NA,NA
2019-09-30,8305.14,2976.74,7999.33,16.24,1.68,117.9461
2019-10-01,8323.43,2940.25,7908.67,18.56,1.65,117.9595
2019-10-02,8396,2887.61,7785.23,20.56,1.6,117.9671
2019-10-03,8241.25,2910.63,7872.25,19.12,1.54,117.6608
2019-10-04,8159.71,2952.01,7982.46,17.04,1.52,117.5288
2019-10-05,8152.99,NA,NA,NA,NA,NA
2019-10-06,7862.67,NA,NA,NA,NA,NA
2019-10-07,8224.82,2938.79,7956.28,17.86,1.56,117.5533
2019-10-08,8186.73,2893.06,7823.76,20.28,1.54,117.7407
2019-10-09,8600,2919.4,7903.73,18.64,1.59,117.6835
2019-10-10,8589.01,2938.13,7950.77,17.57,1.67,117.2801
2019-10-11,8263.64,2970.27,8057.04,15.58,1.76,116.8239
2019-10-12,8304.1,NA,NA,NA,NA,NA
2019-10-13,8280.01,NA,NA,NA,NA,NA
2019-10-14,8363,2966.15,8048.65,14.57,NA,NA
2019-10-15,8156.52,2995.68,8148.71,13.54,1.77,116.8111
2019-10-16,7993,2989.69,8124.18,13.68,1.75,116.6425
2019-10-17,8077,2997.95,8156.85,13.79,1.76,116.2615
2019-10-18,7954.16,2986.2,8089.54,14.25,1.76,116.1344
2019-10-19,7965.27,NA,NA,NA,NA,NA
2019-10-20,8235.44,NA,NA,NA,NA,NA
2019-10-21,8214.58,3006.72,8162.99,14,1.8,116.0436
2019-10-22,8008.04,2995.99,8104.3,14.46,1.78,115.9851
2019-10-23,7473.42,3004.52,8119.79,14.01,1.77,116.0586
2019-10-24,7439.29,3010.29,8185.8,13.71,1.77,116.1278
2019-10-25,8704.85,3022.55,8243.12,12.65,1.8,116.0774
2019-10-26,9281.27,NA,NA,NA,NA,NA
2019-10-27,9570.58,NA,NA,NA,NA,NA
2019-10-28,9221.96,3039.42,8325.99,13.11,1.85,116.0222
2019-10-29,9431.27,3036.89,8276.85,13.2,1.84,115.9797
2019-10-30,9175.77,3046.77,8303.98,12.33,1.78,116.1636
2019-10-31,9146.75,3037.56,8292.36,13.22,1.69,115.9125
2019-11-01,9268,3066.91,8386.4,12.3,1.73,115.7312
2019-11-02,9320,NA,NA,NA,NA,NA
2019-11-03,9215.01,NA,NA,NA,NA,NA
2019-11-04,9414,3078.27,8433.2,12.83,1.79,115.8624
2019-11-05,9314.99,3074.62,8434.68,13.1,1.86,116.1138
2019-11-06,9343.11,3076.78,8410.63,12.62,1.81,116.1004
2019-11-07,9196.71,3085.18,8434.52,12.73,1.92,116.1172
2019-11-08,8758.69,3093.08,8475.31,12.07,1.94,116.3436
2019-11-09,8798.38,NA,NA,NA,NA,NA
2019-11-10,9036.82,NA,NA,NA,NA,NA
2019-11-11,8720.61,3087.01,8464.28,12.69,NA,NA
2019-11-12,8823.65,3091.84,8486.09,12.68,1.92,116.5837
2019-11-13,8765.61,3094.04,8482.1,13,1.88,116.8397
2019-11-14,8630.01,3096.63,8479.02,13.05,1.82,116.8022
2019-11-15,8460,3120.46,8540.83,12.05,1.84,116.4401
2019-11-16,8488,NA,NA,NA,NA,NA
2019-11-17,8500.01,NA,NA,NA,NA,NA
2019-11-18,8160.73,3122.03,8549.94,12.46,1.81,116.3625
2019-11-19,8123.36,3120.18,8570.66,12.86,1.79,116.5391
2019-11-20,8082.96,3108.46,8526.73,12.78,1.73,116.828
2019-11-21,7618.76,3103.54,8506.21,13.13,1.77,116.7435
2019-11-22,7296.45,3110.29,8519.88,12.34,1.77,116.9137
2019-11-23,7338.92,NA,NA,NA,NA,NA
2019-11-24,6906.25,NA,NA,NA,NA,NA
2019-11-25,7125,3133.64,8632.49,11.87,1.76,117.0098
2019-11-26,7155,3140.52,8647.93,11.54,1.74,117.0513
2019-11-27,7539.4,3153.63,8705.18,11.75,1.77,117.1273
2019-11-28,7413.05,NA,NA,NA,NA,NA
2019-11-29,7751.29,3140.98,8665.47,12.62,1.78,117.1204
2019-11-30,7551.7,NA,NA,NA,NA,NA
2019-12-01,7413.84,NA,NA,NA,NA,NA
2019-12-02,7315.09,3113.87,8567.99,14.91,1.83,116.9647
2019-12-03,7296,3093.2,8520.64,15.96,1.72,116.8898
2019-12-04,7185.57,3112.76,8566.67,14.8,1.77,116.692
2019-12-05,7388.75,3117.43,8570.7,14.52,1.8,116.3838
2019-12-06,7560.76,3145.91,8656.53,13.62,1.84,116.5381
2019-12-07,7502.2,NA,NA,NA,NA,NA
2019-12-08,7520,NA,NA,NA,NA,NA
2019-12-09,7332.69,3135.96,8621.83,15.86,1.83,116.3283
2019-12-10,7215.69,3132.52,8616.18,15.68,1.85,116.2542
2019-12-11,7275.17,3141.63,8654.05,14.99,1.79,116.1478
2019-12-12,7194.19,3168.57,8717.32,13.94,1.9,115.8741
2019-12-13,7249.25,3168.8,8734.88,12.63,1.82,115.6967
2019-12-14,7059.55,NA,NA,NA,NA,NA
2019-12-15,7111,NA,NA,NA,NA,NA
2019-12-16,6877.04,3191.45,8814.23,12.14,1.89,115.555
2019-12-17,6618.62,3192.52,8823.36,12.29,1.89,115.5553
2019-12-18,7309.12,3191.14,8827.73,12.58,1.92,115.6618
2019-12-19,7153.99,3205.37,8887.22,12.5,1.92,115.5988
2019-12-20,7189.87,3221.22,8924.96,12.51,1.92,115.7598
2019-12-21,7143.01,NA,NA,NA,NA,NA
2019-12-22,7550,NA,NA,NA,NA,NA
2019-12-23,7318.18,3224.01,8945.65,12.61,1.93,115.8059
2019-12-24,7259.87,3223.38,8952.88,12.67,1.9,NA
2019-12-25,7194.76,NA,NA,NA,NA,NA
2019-12-26,7195,3239.91,9022.39,12.65,1.9,115.634
2019-12-27,7247.35,3240.02,9006.62,13.43,1.88,115.22
2019-12-28,7303.7,NA,NA,NA,NA,NA
2019-12-29,7378.53,NA,NA,NA,NA,NA
2019-12-30,7191,3221.29,8945.99,14.82,1.9,114.9631
2019-12-31,7158.01,3230.78,8972.6,13.78,1.92,114.669
2020-01-01,7174.32,NA,NA,NA,NA,NA
2020-01-02,6945.01,3257.85,9092.19,12.47,1.88,114.9745
2020-01-03,7335.54,3234.85,9020.77,14.02,1.8,114.9867
2020-01-04,7353.5,NA,NA,NA,NA,NA
2020-01-05,7348.69,NA,NA,NA,NA,NA
2020-01-06,7773.48,3246.28,9071.46,13.85,1.81,114.9557
2020-01-07,8169.95,3237.18,9068.58,13.79,1.83,115.1477
2020-01-08,8035.08,3253.05,9129.24,13.45,1.87,115.1328
2020-01-09,7813.78,3274.7,9203.43,12.54,1.85,115.2331
2020-01-10,8183.89,3265.35,9178.86,12.56,1.83,115.0677
2020-01-11,8002.89,NA,NA,NA,NA,NA
2020-01-12,8192.66,NA,NA,NA,NA,NA
2020-01-13,8109.62,3288.13,9273.93,12.32,1.85,115.0342
2020-01-14,8757.18,3283.15,9251.33,12.39,1.82,115.0239
2020-01-15,8831.86,3289.29,9258.7,12.42,1.79,114.9528
2020-01-16,8727.22,3316.81,9357.13,12.32,1.81,115.0006
2020-01-17,8875.81,3329.62,9388.94,12.1,1.84,115.0656
2020-01-18,8901,NA,NA,NA,NA,NA
2020-01-19,8710.41,NA,NA,NA,NA,NA
2020-01-20,8633.67,NA,NA,NA,NA,NA
2020-01-21,8730,3320.79,9370.81,12.85,1.78,115.1876
2020-01-22,8665,3321.75,9383.77,12.91,1.77,115.2273
2020-01-23,8386.63,3325.54,9402.48,12.98,1.74,115.5545
2020-01-24,8424.96,3295.47,9314.91,14.56,1.7,115.5556
2020-01-25,8304.04,NA,NA,NA,NA,NA
2020-01-26,8632.92,NA,NA,NA,NA,NA
2020-01-27,8903.24,3243.63,9139.31,18.23,1.61,115.8004
2020-01-28,9417.64,3276.24,9269.68,16.28,1.65,115.7239
2020-01-29,9270,3273.4,9275.16,16.39,1.6,115.7003
2020-01-30,9493.61,3283.66,9298.93,15.49,1.57,115.8077
2020-01-31,9343.28,3225.52,9150.94,18.84,1.51,115.7345
2020-02-01,9375.06,NA,NA,NA,NA,NA
2020-02-02,9314.06,NA,NA,NA,NA,NA
2020-02-03,9282.29,3248.92,9273.4,17.97,1.54,116.1172
2020-02-04,9158.57,3297.59,9467.97,16.05,1.61,115.9291
2020-02-05,9623.44,3334.69,9508.68,15.15,1.66,116.009
2020-02-06,9765.96,3345.78,9572.15,14.96,1.65,116.1518
2020-02-07,9804.98,3327.71,9520.51,15.47,1.59,116.5086
2020-02-08,9911.13,NA,NA,NA,NA,NA
2020-02-09,10174.81,NA,NA,NA,NA,NA
2020-02-10,9854.5,3352.09,9628.39,15.04,1.56,116.5711
2020-02-11,10279.99,3357.75,9638.94,15.18,1.59,116.3585
2020-02-12,10344.01,3379.45,9725.96,13.74,1.62,116.2794
2020-02-13,10239.57,3373.94,9711.97,14.15,1.61,116.3999
2020-02-14,10380,3380.16,9731.18,13.68,1.59,116.4223
2020-02-15,9901.34,NA,NA,NA,NA,NA
2020-02-16,9915.04,NA,NA,NA,NA,NA
2020-02-17,9711.95,NA,NA,NA,NA,NA
2020-02-18,10191.51,3370.29,9732.74,14.83,1.55,116.6039
2020-02-19,9591.54,3386.15,9817.18,14.38,1.56,116.7829
2020-02-20,9610.05,3373.23,9750.96,15.56,1.52,117.2454
2020-02-21,9697.01,3337.75,9576.59,17.08,1.46,117.0473
2020-02-22,9668.26,NA,NA,NA,NA,NA
2020-02-23,9964.16,NA,NA,NA,NA,NA
2020-02-24,9668.08,3225.89,9221.28,25.03,1.38,117.4018
2020-02-25,9301.01,3128.21,8965.61,27.85,1.33,117.2425
2020-02-26,8776.01,3116.39,8980.77,27.56,1.33,117.405
2020-02-27,8816.71,2978.76,8566.48,39.16,1.3,117.3678
2020-02-28,8713.16,2954.22,8567.37,40.11,1.13,117.6568
2020-02-29,8552.08,NA,NA,NA,NA,NA
2020-03-01,8490.3,NA,NA,NA,NA,NA
2020-03-02,8923.52,3090.23,8952.16,33.42,1.1,116.8144
2020-03-03,8769.67,3003.37,8684.09,36.82,1.02,116.4958
2020-03-04,8765,3130.12,9018.09,31.99,1.02,116.7802
2020-03-05,9053.56,3023.94,8738.6,39.62,0.92,116.7901
2020-03-06,9162.98,2972.37,8575.62,41.94,0.74,116.7106
2020-03-07,8885.68,NA,NA,NA,NA,NA
2020-03-08,8068,NA,NA,NA,NA,NA
2020-03-09,7945.03,2746.56,7950.68,54.46,0.54,117.1871
2020-03-10,7887.01,2882.23,8344.25,47.3,0.76,117.9027
2020-03-11,7957.02,2741.38,7952.05,53.9,0.82,118.2505
2020-03-12,4980,2480.64,7201.8,75.47,0.88,120.4883
2020-03-13,5592.77,2711.02,7874.88,57.83,0.94,120.4388
2020-03-14,5182.62,NA,NA,NA,NA,NA
2020-03-15,5327.12,NA,NA,NA,NA,NA
2020-03-16,5074.2,2386.13,6904.59,82.69,0.73,120.9352
2020-03-17,5361.77,2529.19,7334.78,75.91,1.02,122.4816
2020-03-18,5426.71,2398.1,6989.84,76.45,1.18,124.1623
2020-03-19,6219.99,2409.39,7150.58,72,1.12,125.0587
2020-03-20,6215.4,2304.92,6879.52,66.04,0.92,124.9362
2020-03-21,6168.72,NA,NA,NA,NA,NA
2020-03-22,5791.69,NA,NA,NA,NA,NA
2020-03-23,6583.38,2237.4,6860.67,61.59,0.76,126.1262
2020-03-24,6742.21,2447.33,7417.86,61.67,0.84,125.5001
2020-03-25,6752.83,2475.56,7384.3,63.95,0.88,124.7916
2020-03-26,6772.2,2630.07,7797.54,61,0.83,122.4308
2020-03-27,6320.46,2541.47,7502.38,65.54,0.72,122.4007
2020-03-28,6269.81,NA,NA,NA,NA,NA
2020-03-29,5897.55,NA,NA,NA,NA,NA
2020-03-30,6401.26,2626.65,7774.15,57.08,0.7,123.2883
2020-03-31,6434.73,2584.59,7700.1,53.54,0.7,122.5301
2020-04-01,6719.39,2470.5,7360.58,57.06,0.62,123.7933
2020-04-02,6789.84,2526.9,7487.31,50.91,0.63,123.5916
2020-04-03,6727.99,2488.65,7373.08,46.8,0.62,124.4152
2020-04-04,6896.6,NA,NA,NA,NA,NA
2020-04-05,6779.75,NA,NA,NA,NA,NA
2020-04-06,7320.07,2663.68,7913.24,45.24,0.67,124.16
2020-04-07,7204.58,2659.41,7887.26,46.7,0.75,123.0956
2020-04-08,7343.65,2749.98,8090.9,43.35,0.77,123.2216
2020-04-09,7294.69,2789.82,8153.58,41.67,0.73,122.476
2020-04-10,6892.54,NA,NA,NA,NA,122.1592
2020-04-11,6891.43,NA,NA,NA,NA,NA
2020-04-12,6860.97,NA,NA,NA,NA,NA
2020-04-13,6871,2761.63,8192.42,41.17,0.76,122.5203
2020-04-14,6865.72,2846.06,8515.74,37.76,0.76,122.1121
2020-04-15,6576.76,2783.36,8393.18,40.84,0.63,123.0752
2020-04-16,7123.29,2799.55,8532.36,40.11,0.61,123.4615
2020-04-17,7055.22,2874.56,8650.14,38.15,0.65,122.871
2020-04-18,7271.53,NA,NA,NA,NA,NA
2020-04-19,7125.31,NA,NA,NA,NA,NA
2020-04-20,6832.57,2823.16,8560.73,43.83,0.63,123.1033
2020-04-21,6845,2736.56,8263.23,45.41,0.58,123.9116
2020-04-22,7143.99,2799.31,8495.38,41.98,0.63,123.9256
2020-04-23,7479.06,2797.8,8494.75,41.38,0.61,123.7542
2020-04-24,7514.64,2836.74,8634.52,35.93,0.6,124.1615
2020-04-25,7535.69,NA,NA,NA,NA,NA
2020-04-26,7765.79,NA,NA,NA,NA,NA
2020-04-27,7773,2878.48,8730.16,33.29,0.67,123.8843
2020-04-28,7774.39,2863.39,8607.73,33.57,0.62,123.3693
2020-04-29,8789.1,2939.51,8914.71,31.23,0.63,122.7782
2020-04-30,8652.3,2912.43,8889.55,34.15,0.64,122.327
2020-05-01,8813.9,2830.71,8604.95,37.19,0.64,123.1492
2020-05-02,8992,NA,NA,NA,NA,NA
2020-05-03,8917.63,NA,NA,NA,NA,NA
2020-05-04,8900.29,2842.74,8710.71,35.97,0.64,123.2117
2020-05-05,9037.69,2868.44,8809.12,33.61,0.66,122.803
2020-05-06,9132.24,2848.42,8854.39,34.12,0.72,123.609
2020-05-07,10007.56,2881.19,8979.66,31.44,0.63,123.1249
2020-05-08,9790.23,2929.8,9121.32,27.98,0.69,122.5379
2020-05-09,9554.91,NA,NA,NA,NA,NA
2020-05-10,8773.89,NA,NA,NA,NA,NA
2020-05-11,8557.37,2930.32,9192.34,27.57,0.73,123.2333
2020-05-12,8809.14,2870.12,9002.55,33.04,0.69,123.0592
2020-05-13,9335.84,2820,8863.17,35.28,0.64,123.5408
2020-05-14,9815.22,2852.5,8943.72,32.61,0.63,123.6429
2020-05-15,9331.18,2863.7,9014.56,31.89,0.64,123.5991
2020-05-16,9353.26,NA,NA,NA,NA,NA
2020-05-17,9700.33,NA,NA,NA,NA,NA
2020-05-18,9733.21,2953.91,9234.83,29.3,0.73,122.7968
2020-05-19,9783.91,2922.94,9185.1,30.53,0.7,122.5655
2020-05-20,9497.76,2971.61,9375.78,27.99,0.68,122.1007
2020-05-21,9039.12,2948.51,9284.88,29.53,0.68,122.0914
2020-05-22,9173.23,2955.45,9324.59,28.16,0.66,122.3211
2020-05-23,9166.02,NA,NA,NA,NA,NA
2020-05-24,8673.64,NA,NA,NA,NA,NA
2020-05-25,8892.39,NA,NA,NA,NA,NA
2020-05-26,8836.77,2991.77,9340.22,28.01,0.69,121.3864
2020-05-27,9200,3036.13,9412.36,27.62,0.68,121.5677
2020-05-28,9593.72,3029.73,9368.99,28.59,0.7,121.0138
2020-05-29,9426.87,3044.31,9489.87,27.51,0.65,120.9458
2020-05-30,9684.6,NA,NA,NA,NA,NA
2020-05-31,9435.8,NA,NA,NA,NA,NA
2020-06-01,10212.38,3055.73,9552.05,28.23,0.66,120.2686
2020-06-02,9509.35,3080.82,9608.37,26.84,0.68,119.6854
2020-06-03,9672.67,3122.87,9682.91,25.66,0.77,119.2556
2020-06-04,9799.57,3112.35,9615.81,25.81,0.82,119.3014
2020-06-05,9568.95,3193.93,9814.08,24.52,0.91,118.8138
2020-06-06,9665.36,NA,NA,NA,NA,NA
2020-06-07,9764,NA,NA,NA,NA,NA
2020-06-08,9833.94,3232.39,9924.74,25.81,0.88,118.6621
2020-06-09,9778.6,3207.18,9953.75,27.57,0.84,118.5893
2020-06-10,9899.18,3190.14,10020.35,27.57,0.75,118.5231
2020-06-11,9258.7,3002.1,9492.73,40.79,0.66,119.2347
2020-06-12,9466.77,3041.31,9588.81,36.09,0.71,119.6645
2020-06-13,9477.17,NA,NA,NA,NA,NA
2020-06-14,9315.71,NA,NA,NA,NA,NA
2020-06-15,9437.23,3066.59,9726.02,34.4,0.71,119.9539
2020-06-16,9534.8,3124.74,9895.87,33.67,0.75,119.567
2020-06-17,9460.53,3113.49,9910.53,33.47,0.74,119.9105
2020-06-18,9368.15,3115.34,9943.05,32.94,0.71,120.2173
2020-06-19,9285.54,3097.74,9946.12,35.12,0.7,120.2186
2020-06-20,9361.81,NA,NA,NA,NA,NA
2020-06-21,9279.68,NA,NA,NA,NA,NA
2020-06-22,9700.91,3117.86,10056.47,31.77,0.71,119.7532
2020-06-23,9623.74,3131.29,10131.37,31.37,0.72,119.3285
2020-06-24,9284.1,3050.33,9909.17,33.84,0.69,119.9744
2020-06-25,9232.84,3083.76,10017,32.22,0.68,120.2997
2020-06-26,9157.22,3009.05,9757.22,34.73,0.64,120.533
2020-06-27,9001.24,NA,NA,NA,NA,NA
2020-06-28,9122.56,NA,NA,NA,NA,NA
2020-06-29,9191.05,3053.24,9874.15,31.78,0.64,120.6658
2020-06-30,9129.47,3100.29,10058.77,30.43,0.66,120.4649
2020-07-01,9239.09,3115.86,10154.63,28.62,0.69,120.0808
2020-07-02,9088.54,3130.01,10207.63,27.68,0.68,119.8555
2020-07-03,9050.05,NA,NA,NA,NA,NA
2020-07-04,9138.22,NA,NA,NA,NA,NA
2020-07-05,9088.52,NA,NA,NA,NA,NA
2020-07-06,9331.69,3179.72,10433.65,27.94,0.69,119.2852
2020-07-07,9263.56,3145.32,10343.89,29.43,0.65,119.5717
2020-07-08,9436.01,3169.94,10492.5,28.08,0.67,119.5525
2020-07-09,9230.48,3152.05,10547.75,29.26,0.62,119.5129
2020-07-10,9298.16,3185.04,10617.44,27.29,0.65,119.3509
2020-07-11,9235,NA,NA,NA,NA,NA
2020-07-12,9313.77,NA,NA,NA,NA,NA
2020-07-13,9230.14,3155.22,10390.84,32.19,0.64,119.1891
2020-07-14,9258.34,3197.52,10488.58,29.52,0.63,119.3901
2020-07-15,9194.51,3226.56,10550.49,27.76,0.64,119.0331
2020-07-16,9130.91,3215.57,10473.83,28,0.62,118.9275
2020-07-17,9147.65,3224.73,10503.19,25.68,0.64,119.124
2020-07-18,9174.6,NA,NA,NA,NA,NA
2020-07-19,9221.71,NA,NA,NA,NA,NA
2020-07-20,9161.13,3251.84,10767.09,24.46,0.62,119.0483
2020-07-21,9396.65,3257.3,10680.36,24.84,0.61,118.4042
2020-07-22,9546.31,3276.02,10706.13,24.32,0.6,118.1337
2020-07-23,9612.05,3235.66,10461.42,26.08,0.59,118.0613
2020-07-24,9553.41,3215.63,10363.18,25.84,0.59,118.1329
2020-07-25,9709.02,NA,NA,NA,NA,NA
2020-07-26,9944.58,NA,NA,NA,NA,NA
2020-07-27,11108.44,3239.41,10536.27,24.74,0.62,117.3869
2020-07-28,10952.85,3218.44,10402.09,25.44,0.59,117.3189
2020-07-29,11100.39,3258.44,10542.94,24.1,0.58,117.2126
2020-07-30,11139.67,3246.22,10587.81,24.76,0.55,117.4008
2020-07-31,11372.76,3271.12,10745.27,24.46,0.55,117.2082
2020-08-01,11805.82,NA,NA,NA,NA,NA
2020-08-02,11050.03,NA,NA,NA,NA,NA
2020-08-03,11235.44,3294.61,10902.8,24.28,0.56,117.8074
2020-08-04,11198.04,3306.51,10941.17,23.76,0.52,117.7833
2020-08-05,11737.59,3327.77,10998.4,22.99,0.55,116.8736
2020-08-06,11766.62,3349.16,11108.07,22.65,0.55,117.0422
2020-08-07,11598.96,3351.28,11010.98,22.21,0.57,117.6239
2020-08-08,11780.14,NA,NA,NA,NA,NA
2020-08-09,11692.76,NA,NA,NA,NA,NA
2020-08-10,11896.19,3360.47,10968.36,22.13,0.59,117.5821
2020-08-11,11387.01,3333.69,10782.82,24.03,0.64,117.3781
2020-08-12,11563.16,3380.35,11012.24,22.28,0.69,117.2559
2020-08-13,11824.99,3373.43,11042.5,22.13,0.71,117.1193
2020-08-14,11785.29,3372.85,11019.3,22.05,0.71,116.9395
2020-08-15,11854.27,NA,NA,NA,NA,NA
2020-08-16,11924,NA,NA,NA,NA,NA
2020-08-17,12325.1,3381.99,11129.73,21.35,0.69,116.749
2020-08-18,11983.52,3389.78,11210.84,21.51,0.67,116.5593
2020-08-19,11764.8,3374.85,11146.46,22.54,0.68,116.567
2020-08-20,11856.24,3385.51,11264.95,22.72,0.65,116.8126
2020-08-21,11526.32,3397.16,11311.8,22.54,0.64,117.0572
2020-08-22,11675.78,NA,NA,NA,NA,NA
2020-08-23,11650.03,NA,NA,NA,NA,NA
2020-08-24,11762.34,3431.28,11379.72,22.37,0.65,116.912
2020-08-25,11324.86,3443.62,11466.47,22.03,0.69,116.8206
2020-08-26,11460.01,3478.73,11665.06,23.27,0.69,116.6243
2020-08-27,11341.73,3484.55,11625.34,24.47,0.74,116.649
2020-08-28,11540,3508.01,11695.63,22.96,0.74,115.9374
2020-08-29,11468.56,NA,NA,NA,NA,NA
2020-08-30,11724.99,NA,NA,NA,NA,NA
2020-08-31,11665.93,3500.31,11775.46,26.41,0.72,115.7586
2020-09-01,11911.74,3526.65,11939.67,26.12,0.68,115.5687
2020-09-02,11390.12,3580.84,12056.44,26.57,0.66,116.0304
2020-09-03,10225.82,3455.06,11458.1,33.6,0.63,116.0685
2020-09-04,NA,3426.96,11313.13,30.75,0.72,116.0347
2020-09-05,10152.97,NA,NA,NA,NA,NA
2020-09-06,10255.2,NA,NA,NA,NA,NA
2020-09-07,10389.85,NA,NA,NA,NA,NA
2020-09-08,10123.21,3331.84,10847.69,31.46,0.69,116.4618
2020-09-09,10235,3398.96,11141.56,28.81,0.71,116.1291
2020-09-10,10345.95,3339.19,10919.59,29.71,0.68,115.8806
2020-09-11,10399.99,3340.97,10853.55,26.87,0.67,116.0866
2020-09-12,10444.01,NA,NA,NA,NA,NA
2020-09-13,10336.28,NA,NA,NA,NA,NA
2020-09-14,10679.33,3383.54,11056.65,25.85,0.68,115.6428
2020-09-15,10789.8,3401.2,11190.32,25.59,0.68,115.5908
2020-09-16,10953.38,3385.49,11050.47,26.04,0.69,115.3537
2020-09-17,10947.83,3357.01,10910.28,26.46,0.69,115.4392
2020-09-18,10942.2,3319.47,10793.28,25.83,0.7,115.2395
2020-09-19,11075.33,NA,NA,NA,NA,NA
2020-09-20,10911.59,NA,NA,NA,NA,NA
2020-09-21,10425.85,3281.06,10778.94,27.78,0.68,116.378
2020-09-22,10529.01,3315.57,10963.77,26.86,0.68,116.5438
2020-09-23,10230.11,3236.92,10633.15,28.58,0.68,117.2526
2020-09-24,10741,3246.59,10672.43,28.51,0.67,117.5473
2020-09-25,10693.3,3298.46,10913.73,26.38,0.66,117.8679
2020-09-26,10730.23,NA,NA,NA,NA,NA
2020-09-27,10792.18,NA,NA,NA,NA,NA
2020-09-28,10681.01,3351.6,11117.7,26.19,0.67,117.6178
2020-09-29,10845.9,3335.47,11085.42,26.27,0.66,117.526
2020-09-30,10783.24,3363,11167.68,26.37,0.69,116.946
2020-10-01,10598.64,3380.8,11326.61,26.7,0.68,116.7227
2020-10-02,10577.92,3348.44,11075.11,27.63,0.7,116.7321
2020-10-03,10545.21,NA,NA,NA,NA,NA
2020-10-04,10662.36,NA,NA,NA,NA,NA
2020-10-05,10800,3408.63,11332.58,27.96,0.78,116.1767
2020-10-06,10594.15,3360.95,11154.7,29.48,0.76,116.2681
2020-10-07,10671.23,3419.45,11364.7,28.06,0.81,116.3447
2020-10-08,10926.71,3446.83,11421.08,26.36,0.78,116.1657
2020-10-09,11059.3,3477.13,11580.05,25,0.79,115.2757
2020-10-10,11303.56,NA,NA,NA,NA,NA
2020-10-11,11370.45,NA,NA,NA,NA,NA
2020-10-12,11534.83,3534.22,11876.36,25.07,NA,NA
2020-10-13,11434.36,3511.93,11864,26.07,0.74,115.9107
2020-10-14,11426.87,3488.67,11768.83,26.4,0.73,115.6872
2020-10-15,11509.25,3483.34,11713.97,26.97,0.74,116.0964
2020-10-16,11329.33,3483.81,11671.66,27.41,0.76,115.7679
2020-10-17,11365.96,NA,NA,NA,NA,NA
2020-10-18,11516.56,NA,NA,NA,NA,NA
2020-10-19,11765.09,3426.92,11478.98,29.18,0.78,115.4031
2020-10-20,11917.34,3443.12,11516.49,29.35,0.81,115.2485
2020-10-21,12836.37,3435.56,11484.69,28.65,0.83,114.9108
2020-10-22,12977.02,3453.49,11506.01,28.11,0.87,115.1158
2020-10-23,12943.03,3465.39,11548.28,27.55,0.85,115.0126
2020-10-24,13120.87,NA,NA,NA,NA,NA
2020-10-25,13050.32,NA,NA,NA,NA,NA
2020-10-26,13072.95,3400.97,11358.94,32.46,0.81,115.2797
2020-10-27,13698.18,3390.68,11431.35,33.35,0.79,115.0131
2020-10-28,13280,3271.03,11004.87,40.28,0.79,115.8023
2020-10-29,13460,3310.11,11185.59,37.59,0.85,116.3069
2020-10-30,13582.97,3269.96,10911.59,38.02,0.88,116.1354
2020-10-31,13745.02,NA,NA,NA,NA,NA
2020-11-01,13784.52,NA,NA,NA,NA,NA
2020-11-02,13573.93,3310.24,10957.61,37.13,0.87,116.2361
2020-11-03,14050.59,3369.16,11160.57,35.55,0.9,115.4802
2020-11-04,14160,3443.44,11590.78,29.57,0.78,115.1677
2020-11-05,15636.6,3510.45,11890.93,27.58,0.79,114.4556
2020-11-06,15596.33,3509.44,11895.23,24.86,0.83,113.9919
2020-11-07,14814.62,NA,NA,NA,NA,NA
2020-11-08,15487.88,NA,NA,NA,NA,NA
2020-11-09,15334.37,3550.5,11713.78,25.75,0.96,114.0895
2020-11-10,15325.25,3545.53,11553.86,24.8,0.98,114.0757
2020-11-11,15723.81,3572.66,11786.43,23.45,NA,NA
2020-11-12,16319.72,3537.01,11709.59,25.35,0.88,114.2843
2020-11-13,16339.59,3585.15,11829.29,23.1,0.89,114.2397
2020-11-14,16093.3,NA,NA,NA,NA,NA
2020-11-15,15946.64,NA,NA,NA,NA,NA
2020-11-16,16714.58,3626.91,11924.13,22.45,0.91,113.8312
2020-11-17,17660.9,3609.53,11899.34,22.71,0.87,113.682
2020-11-18,17802.82,3567.79,11801.6,23.84,0.88,113.46
2020-11-19,17804.44,3581.87,11904.71,23.11,0.86,113.694
2020-11-20,18702.87,3557.54,11854.97,23.7,0.83,113.489
2020-11-21,18710.14,NA,NA,NA,NA,NA
2020-11-22,18477.48,NA,NA,NA,NA,NA
2020-11-23,18391.21,3577.59,11881.17,22.66,0.86,113.7548
2020-11-24,19185.07,3635.41,12037.33,21.64,0.88,113.4316
2020-11-25,18706.15,3629.65,12094.4,21.25,0.88,113.1823
2020-11-26,17173,NA,NA,NA,NA,NA
2020-11-27,17156.99,3638.35,12205.85,20.84,0.84,NA
2020-11-28,17718.3,NA,NA,NA,NA,NA
2020-11-29,18238.52,NA,NA,NA,NA,NA
2020-11-30,19727,3621.63,12198.74,20.57,0.84,113.2256
2020-12-01,18763.35,3662.45,12355.11,20.77,0.92,112.8063
2020-12-02,19245.61,3669.01,12349.37,21.17,0.95,112.6115
2020-12-03,19430.07,3666.72,12377.18,21.28,0.92,112.0236
2020-12-04,18692.32,3699.12,12464.23,20.79,0.97,111.7778
2020-12-05,19156.82,NA,NA,NA,NA,NA
2020-12-06,19397.08,NA,NA,NA,NA,NA
2020-12-07,19202.88,3691.96,12519.95,21.3,0.94,111.8385
2020-12-08,18311.76,3702.25,12582.77,20.68,0.92,111.8639
2020-12-09,18550.01,3672.82,12338.95,22.27,0.95,112.0305
2020-12-10,18286.8,3668.1,12405.81,22.52,0.92,111.9788
2020-12-11,18048.14,3663.46,12377.87,23.31,0.9,112.1417
2020-12-12,18826.36,NA,NA,NA,NA,NA
2020-12-13,19133.04,NA,NA,NA,NA,NA
2020-12-14,19288.43,3647.49,12440.04,24.72,0.9,112.1708
2020-12-15,19451.34,3694.62,12595.06,22.89,0.92,111.8601
2020-12-16,21384.63,3701.17,12658.19,22.5,0.92,111.7157
2020-12-17,22830.34,3722.48,12764.75,21.93,0.94,111.2226
2020-12-18,23169.26,3709.41,12755.64,21.57,0.95,111.6071
2020-12-19,23814.91,NA,NA,NA,NA,NA
2020-12-20,23451.68,NA,NA,NA,NA,NA
2020-12-21,22777.26,3694.92,12742.52,25.16,0.95,111.9415
2020-12-22,23839.99,3687.26,12807.92,24.23,0.93,112.1947
2020-12-23,23196.57,3690.01,12771.11,23.31,0.96,111.9807
2020-12-24,23740.01,3703.06,12804.73,21.53,0.94,NA
2020-12-25,24736.42,NA,NA,NA,NA,NA
2020-12-26,26519.1,NA,NA,NA,NA,NA
2020-12-27,26320.06,NA,NA,NA,NA,NA
2020-12-28,27044.14,3735.36,12899.42,21.7,0.94,111.9752
2020-12-29,27407.85,3727.04,12850.22,23.08,0.94,111.5172
2020-12-30,28934.56,3732.04,12870,22.77,0.93,111.3084
2020-12-31,29026.97,3756.07,12888.28,22.75,0.93,111.3169
2021-01-01,29391.09,NA,NA,NA,NA,NA
2021-01-02,32244.73,NA,NA,NA,NA,NA
2021-01-03,33134.1,NA,NA,NA,NA,NA
2021-01-04,32127.31,3700.65,12698.45,26.97,0.93,111.2075
2021-01-05,34131.23,3726.86,12818.96,25.34,0.96,110.9574
2021-01-06,36979.81,3748.14,12740.79,25.07,1.04,110.8502
2021-01-07,39573.39,3803.79,13067.48,22.37,1.08,111.3042
2021-01-08,40666.72,3824.68,13201.98,21.56,1.13,111.2847
2021-01-09,40346.3,NA,NA,NA,NA,NA
2021-01-10,38242.02,NA,NA,NA,NA,NA
2021-01-11,35474.31,3799.61,13036.43,24.08,1.15,111.8257
2021-01-12,33968.43,3801.19,13072.43,23.33,1.15,111.5501
2021-01-13,37520.66,3809.84,13128.95,22.21,1.1,111.3622
2021-01-14,39171.12,3795.54,13112.64,23.25,1.15,111.1567
2021-01-15,36868.39,3768.25,12998.5,24.34,1.11,111.5106
2021-01-16,35869.47,NA,NA,NA,NA,NA
2021-01-17,35931.15,NA,NA,NA,NA,NA
2021-01-18,36765.97,NA,NA,NA,NA,NA
2021-01-19,35673.03,3798.91,13197.18,23.24,1.1,111.4527
2021-01-20,35570.44,3851.85,13457.25,21.58,1.1,NA
2021-01-21,30647.26,3853.07,13530.91,21.32,1.12,111.1973
2021-01-22,32885.51,3841.47,13543.06,21.91,1.1,111.5516
2021-01-23,32021.33,NA,NA,NA,NA,NA
2021-01-24,32250.01,NA,NA,NA,NA,NA
2021-01-25,31979,3855.36,13635.99,23.19,1.05,111.8676
2021-01-26,32579.82,3849.62,13626.06,23.02,1.05,111.6572
2021-01-27,30552.06,3750.77,13270.6,37.21,1.04,112.0782
2021-01-28,33484.8,3787.38,13337.16,30.21,1.07,112.0059
2021-01-29,34330.14,3714.24,13070.69,33.09,1.11,111.9511
2021-01-30,34229.25,NA,NA,NA,NA,NA
2021-01-31,33076.09,NA,NA,NA,NA,NA
2021-02-01,33457.6,3773.86,13403.39,30.24,1.09,112.4189
2021-02-02,35511.07,3826.31,13612.78,25.56,1.12,112.2862
2021-02-03,37769.41,3830.17,13610.54,22.91,1.15,112.2567
2021-02-04,37070.87,3871.74,13777.74,21.77,1.15,112.7469
2021-02-05,38376.86,3886.83,13856.3,20.87,1.19,112.2379
2021-02-06,38995.52,NA,NA,NA,NA,NA
2021-02-07,38888.74,NA,NA,NA,NA,NA
2021-02-08,46674.44,3915.59,13987.64,21.24,1.19,112.0428
2021-02-09,46595.44,3911.23,14007.7,21.63,1.18,111.7675
2021-02-10,44887.29,3909.88,13972.53,21.99,1.15,111.5834
2021-02-11,48121,3916.38,14025.77,21.25,1.16,111.5272
2021-02-12,47524.18,3934.83,14095.47,19.97,1.2,111.4889
2021-02-13,47274.23,NA,NA,NA,NA,NA
2021-02-14,48703.26,NA,NA,NA,NA,NA
2021-02-15,47911.87,NA,NA,NA,NA,NA
2021-02-16,49257.23,3932.59,14047.5,21.46,1.3,111.7879
2021-02-17,52269.84,3931.33,13965.5,21.5,1.29,112.0204
2021-02-18,51644.16,3913.97,13865.36,22.49,1.29,112.1603
2021-02-19,56029.51,3906.71,13874.47,22.05,1.34,111.7058
2021-02-20,55960.05,NA,NA,NA,NA,NA
2021-02-21,57538.47,NA,NA,NA,NA,NA
2021-02-22,54130.33,3876.5,13533.05,23.45,1.37,111.918
2021-02-23,48972.11,3881.37,13465.2,23.11,1.37,111.8981
2021-02-24,49789.99,3925.43,13597.97,21.34,1.38,111.7212
2021-02-25,46927.73,3829.34,13119.43,28.89,1.54,111.9253
2021-02-26,46360.17,3811.15,13192.35,27.95,1.44,112.8306
2021-02-27,45973.56,NA,NA,NA,NA,NA
2021-02-28,45352.29,NA,NA,NA,NA,NA
2021-03-01,49652.19,3901.82,13588.83,23.35,1.45,112.5263
2021-03-02,48368.22,3870.29,13358.79,24.1,1.42,112.5342
2021-03-03,50164.67,3819.72,12997.75,26.67,1.47,112.7617
2021-03-04,48327.39,3768.47,12723.47,28.57,1.54,112.7037
2021-03-05,48908.09,3841.94,12920.15,24.66,1.56,113.7487
2021-03-06,48986.85,NA,NA,NA,NA,NA
2021-03-07,50858.34,NA,NA,NA,NA,NA
2021-03-08,52472.59,3821.35,12609.16,25.47,1.59,114.2678
2021-03-09,54999.99,3875.44,13073.82,24.03,1.55,113.928
2021-03-10,56046.27,3898.81,13068.83,22.56,1.53,113.5881
2021-03-11,57911.02,3939.34,13398.67,21.91,1.54,112.9214
2021-03-12,57174.89,3943.34,13319.86,20.69,1.64,113.0269
2021-03-13,61130.22,NA,NA,NA,NA,NA
2021-03-14,59192.98,NA,NA,NA,NA,NA
2021-03-15,55430.19,3968.94,13459.71,20.03,1.62,113.1928
2021-03-16,57126.52,3962.71,13471.57,19.79,1.62,112.9839
2021-03-17,59221.23,3974.12,13525.2,19.23,1.63,113.1589
2021-03-18,57562.46,3915.46,13116.17,21.58,1.71,112.7744
2021-03-19,58001.29,3913.1,13215.24,20.95,1.74,112.9756
2021-03-20,58051.01,NA,NA,NA,NA,NA
2021-03-21,57402.03,NA,NA,NA,NA,NA
2021-03-22,54230.21,3940.59,13377.54,18.88,1.69,113.0023
2021-03-23,54268.81,3910.52,13227.7,20.3,1.63,113.2916
2021-03-24,52294.65,3889.14,12961.89,21.2,1.62,113.6565
2021-03-25,51386.2,3909.52,12977.68,19.81,1.63,114.0016
2021-03-26,55314.11,3974.54,13138.72,18.86,1.67,113.7406
2021-03-27,55932.18,NA,NA,NA,NA,NA
2021-03-28,55821.59,NA,NA,NA,NA,NA
2021-03-29,57630.72,3971.09,13059.65,20.74,1.73,113.9314
2021-03-30,58800,3958.55,13045.39,19.61,1.73,114.203
2021-03-31,58837.71,3972.89,13246.87,19.4,1.74,113.8234
2021-04-01,58768.84,4019.87,13480.11,17.33,1.69,113.7389
2021-04-02,59019.55,NA,NA,NA,1.72,113.7315
2021-04-03,56731,NA,NA,NA,NA,NA
2021-04-04,58266.39,NA,NA,NA,NA,NA
2021-04-05,59200,4077.91,13705.59,17.91,1.73,113.394
2021-04-06,58018.31,4073.94,13698.38,18.12,1.67,113.1464
2021-04-07,55962.11,4079.95,13688.84,17.16,1.68,113.2436
2021-04-08,58108.65,4097.17,13829.31,16.95,1.64,113.0917
2021-04-09,58126.14,4128.8,13900.19,16.69,1.67,113.2028
2021-04-10,60039.35,NA,NA,NA,NA,NA
2021-04-11,60133.37,NA,NA,NA,NA,NA
2021-04-12,59903.04,4127.99,13850,16.91,1.69,113.1815
2021-04-13,63660.94,4141.59,13996.1,16.65,1.64,113.0391
2021-04-14,63283.43,4124.66,13857.84,16.99,1.64,112.7849
2021-04-15,63346.93,4170.42,14038.76,16.57,1.56,112.6181
2021-04-16,61486.08,4185.47,14052.34,16.25,1.59,112.4814
2021-04-17,60199.33,NA,NA,NA,NA,NA
2021-04-18,56351.2,NA,NA,NA,NA,NA
2021-04-19,55797.39,4163.26,13914.77,17.29,1.61,112.1835
2021-04-20,56514.9,4134.94,13786.27,18.68,1.58,112.2354
2021-04-21,53919.48,4173.42,13950.22,17.5,1.57,112.1771
2021-04-22,51653.27,4134.98,13818.41,18.71,1.57,112.2297
2021-04-23,51231.69,4180.17,14016.81,17.33,1.58,112.0889
2021-04-24,50167.5,NA,NA,NA,NA,NA
2021-04-25,49272.06,NA,NA,NA,NA,NA
2021-04-26,53969.71,4187.62,14138.78,17.64,1.58,111.8109
2021-04-27,55120.81,4186.72,14090.22,17.56,1.63,111.9097
2021-04-28,54964.11,4183.18,14051.03,17.28,1.63,111.7909
2021-04-29,53562.87,4211.47,14082.55,17.61,1.65,111.7464
2021-04-30,57640.17,4181.17,13962.68,18.61,1.65,112.0839
2021-05-01,57868.94,NA,NA,NA,NA,NA
2021-05-02,56631.64,NA,NA,NA,NA,NA
2021-05-03,57213.29,4192.66,13895.12,18.31,1.63,112.005
2021-05-04,53128.68,4164.66,13633.5,19.48,1.61,112.2896
2021-05-05,57518.01,4167.59,13582.42,19.15,1.59,112.1514
2021-05-06,56485.77,4201.62,13632.84,18.39,1.58,111.8401
2021-05-07,57373.88,4232.6,13752.24,16.69,1.6,111.0249
2021-05-08,59045.17,NA,NA,NA,NA,NA
2021-05-09,58410.34,NA,NA,NA,NA,NA
2021-05-10,55936.77,4188.43,13401.86,19.66,1.63,110.7905
2021-05-11,56719,4152.1,13389.43,21.84,1.64,110.8921
2021-05-12,49095.57,4063.04,13031.68,27.59,1.69,111.5636
2021-05-13,49635.45,4112.5,13124.99,23.13,1.66,111.5955
2021-05-14,49923.92,4173.85,13429.98,18.81,1.63,111.1353
2021-05-15,46984.74,NA,NA,NA,NA,NA
2021-05-16,46523.31,NA,NA,NA,NA,NA
2021-05-17,43768.74,4163.29,13379.05,19.72,1.64,111.079
2021-05-18,42989.8,4127.83,13303.64,21.34,1.64,110.8317
2021-05-19,37236.61,4115.68,13299.74,22.18,1.68,110.8807
2021-05-20,40749.78,4159.12,13535.74,20.67,1.63,110.8605
2021-05-21,37425,4155.86,13470.99,20.15,1.63,111.0576
2021-05-22,37383.34,NA,NA,NA,NA,NA
2021-05-23,34927.4,NA,NA,NA,NA,NA
2021-05-24,38725.06,4197.05,13661.17,18.4,1.61,110.9118
2021-05-25,38370,4188.13,13657.17,18.84,1.56,110.842
2021-05-26,39213.41,4195.99,13738,17.36,1.58,110.8677
2021-05-27,38368.17,4200.88,13736.28,16.74,1.61,110.8688
2021-05-28,35770,4204.11,13748.74,16.76,1.58,110.7576
2021-05-29,34621.64,NA,NA,NA,NA,NA
2021-05-30,35545.27,NA,NA,NA,NA,NA
2021-05-31,37153.71,NA,NA,NA,NA,NA
2021-06-01,36764.58,4202.04,13736.48,17.9,1.62,110.5046
2021-06-02,37501.36,4208.12,13756.33,17.48,1.59,110.5799
2021-06-03,39215.09,4192.85,13614.51,18.04,1.63,111.1782
2021-06-04,36895.48,4229.89,13814.49,16.42,1.56,110.7521
2021-06-05,35565,NA,NA,NA,NA,NA
2021-06-06,35873.42,NA,NA,NA,NA,NA
2021-06-07,33816.09,4226.52,13881.72,16.42,1.57,110.5155
2021-06-08,33432.26,4227.26,13924.91,17.07,1.53,110.649
2021-06-09,37357.02,4219.55,13911.75,17.89,1.5,110.5707
2021-06-10,36717.51,4239.18,14020.33,16.1,1.45,110.5456
2021-06-11,37282.15,4247.44,14069.42,15.65,1.47,111.0933
2021-06-12,35609.66,NA,NA,NA,NA,NA
2021-06-13,39122.03,NA,NA,NA,NA,NA
2021-06-14,40496.92,4255.15,14174.14,16.39,1.51,110.9659
2021-06-15,40093.93,4246.59,14072.86,17.02,1.51,111.3507
2021-06-16,38394.4,4223.7,14039.68,18.15,1.57,111.1165
2021-06-17,38027.63,4221.86,14161.35,17.75,1.52,112.5772
2021-06-18,35777.39,4166.45,14030.38,20.7,1.45,113.0408
2021-06-19,35498.24,NA,NA,NA,NA,NA
2021-06-20,35565.82,NA,NA,NA,NA,NA
2021-06-21,31686.69,4224.79,14141.48,17.89,1.5,112.8391
2021-06-22,32508.26,4246.44,14253.27,16.66,1.48,112.9174
2021-06-23,33688.35,4241.84,14271.73,16.32,1.5,112.3819
2021-06-24,34695.34,4266.49,14369.71,15.97,1.49,112.326
2021-06-25,31704.87,4280.7,14360.39,15.62,1.54,111.9655
2021-06-26,32265.95,NA,NA,NA,NA,NA
2021-06-27,34596.99,NA,NA,NA,NA,NA
2021-06-28,34541.8,4290.61,14500.51,15.76,1.49,112.0248
2021-06-29,35928.75,4291.8,14528.33,16.02,1.49,112.2613
2021-06-30,34995.83,4297.5,14503.95,15.83,1.45,112.5533
2021-07-01,33538.49,4319.94,14522.38,15.48,1.48,112.74
2021-07-02,33832.49,4352.34,14639.33,15.07,1.44,112.5425
2021-07-03,34633.93,NA,NA,NA,NA,NA
2021-07-04,35126.9,NA,NA,NA,NA,NA
2021-07-05,33673.22,NA,NA,NA,NA,NA
2021-07-06,34193.9,4343.54,14663.64,16.44,1.37,112.9516
2021-07-07,33791,4358.13,14665.06,16.2,1.33,113.1048
2021-07-08,32878.23,4320.82,14559.78,19,1.3,113.0776
2021-07-09,33766.87,4369.55,14701.92,16.18,1.37,112.8375
2021-07-10,33547.19,NA,NA,NA,NA,NA
2021-07-11,34236.21,NA,NA,NA,NA,NA
2021-07-12,33096.86,4384.63,14733.24,16.17,1.38,112.7611
2021-07-13,32768.54,4369.21,14677.65,17.12,1.42,113.0063
2021-07-14,32817.18,4374.3,14644.95,16.33,1.37,112.8801
2021-07-15,31891.09,4360.03,14543.13,17.01,1.31,113.0041
2021-07-16,31408.78,4327.16,14427.24,18.45,1.31,113.0428
2021-07-17,31503.78,NA,NA,NA,NA,NA
2021-07-18,31753.02,NA,NA,NA,NA,NA
2021-07-19,30849.9,4258.49,14274.98,22.5,1.19,113.5472
2021-07-20,29788.61,4323.06,14498.88,19.73,1.23,113.7502
2021-07-21,32086.04,4358.69,14631.95,17.91,1.3,113.3926
2021-07-22,32327.95,4367.48,14684.6,17.69,1.27,113.4695
2021-07-23,33700,4411.79,14836.99,17.2,1.3,113.4398
2021-07-24,34275.43,NA,NA,NA,NA,NA
2021-07-25,35368.57,NA,NA,NA,NA,NA
2021-07-26,37269.12,4422.3,14840.71,17.58,1.29,113.2238
2021-07-27,39381.82,4401.46,14660.58,19.36,1.25,113.2227
2021-07-28,40031.56,4400.64,14762.58,18.31,1.26,113.1807
2021-07-29,40024.94,4419.15,14778.26,17.7,1.28,112.4834
2021-07-30,42188.95,4395.26,14672.68,18.24,1.24,112.6714
2021-07-31,41472.42,NA,NA,NA,NA,NA
2021-08-01,39816.76,NA,NA,NA,NA,NA
2021-08-02,39146.69,4387.16,14681.07,19.46,1.2,112.6691
2021-08-03,38207.27,4423.15,14761.29,18.04,1.19,112.8228
2021-08-04,39730,4402.66,14780.53,17.97,1.19,112.8953
2021-08-05,40893.75,4429.1,14895.12,17.28,1.23,112.7674
2021-08-06,42827.76,4436.52,14835.76,16.15,1.31,113.3088
2021-08-07,44488.87,NA,NA,NA,NA,NA
2021-08-08,43933.26,NA,NA,NA,NA,NA
2021-08-09,46208.5,4432.35,14860.18,16.72,1.33,113.4521
2021-08-10,45565.76,4436.75,14788.09,16.79,1.36,113.4973
2021-08-11,45482.95,4447.7,14765.14,16.06,1.35,113.282
2021-08-12,44454.37,4460.83,14816.26,15.59,1.36,113.2691
2021-08-13,47765.41,4468,14822.9,15.45,1.29,113.0615
2021-08-14,47134.61,NA,NA,NA,NA,NA
2021-08-15,47090,NA,NA,NA,NA,NA
2021-08-16,45930.71,4479.71,14793.76,16.12,1.26,113.1698
2021-08-17,44718.51,4448.08,14656.18,17.91,1.26,113.6174
2021-08-18,44735.2,4400.27,14525.91,21.57,1.27,113.6959
2021-08-19,46736.74,4405.8,14541.79,21.67,1.24,114.1106
2021-08-20,49350.99,4441.67,14714.66,18.56,1.26,114.5009
2021-08-21,48896.95,NA,NA,NA,NA,NA
2021-08-22,49328.47,NA,NA,NA,NA,NA
2021-08-23,49464.66,4479.53,14942.65,17.15,1.25,113.9418
2021-08-24,47770.4,4486.23,15019.8,17.22,1.29,113.6795
2021-08-25,48985.05,4496.19,15041.86,16.79,1.35,113.6322
2021-08-26,46770.6,4470,14945.81,18.84,1.34,113.7883
2021-08-27,49082.04,4509.37,15129.5,16.39,1.31,113.3404
2021-08-28,48963.41,NA,NA,NA,NA,NA
2021-08-29,48770.78,NA,NA,NA,NA,NA
2021-08-30,46924.16,4528.79,15265.89,16.19,1.29,113.246
2021-08-31,47065.73,4522.68,15259.24,16.48,1.3,113.1076
2021-09-01,48889.19,4524.09,15309.38,16.11,1.31,112.8732
2021-09-02,49273.33,4536.95,15331.18,16.41,1.29,112.7863
2021-09-03,49919.31,4535.43,15363.52,16.41,1.33,112.5476
2021-09-04,49949.07,NA,NA,NA,NA,NA
2021-09-05,51782.76,NA,NA,NA,NA,NA
2021-09-06,52691.2,NA,NA,NA,NA,NA
2021-09-07,46943.82,4520.03,15374.33,18.14,1.38,112.9795
2021-09-08,46022.48,4514.07,15286.64,17.96,1.35,113.2319
2021-09-09,46414.58,4493.28,15248.25,18.8,1.3,113.043
2021-09-10,44897.75,4458.58,15115.49,20.95,1.35,112.9425
2021-09-11,45127.48,NA,NA,NA,NA,NA
2021-09-12,46010.13,NA,NA,NA,NA,NA
2021-09-13,44969.02,4468.73,15105.58,19.37,1.33,113.0341
2021-09-14,47096.48,4443.05,15037.76,19.46,1.28,113.0061
2021-09-15,48106.71,4480.7,15161.53,18.18,1.31,112.9773
2021-09-16,47772.7,4473.75,15181.92,18.69,1.34,113.3036
2021-09-17,47337.8,4432.99,15043.97,20.81,1.37,113.5989
2021-09-18,48300.04,NA,NA,NA,NA,NA
2021-09-19,47270.75,NA,NA,NA,NA,NA
2021-09-20,42991.14,4357.73,14713.9,25.71,1.31,113.9422
2021-09-21,40656.13,4354.19,14746.4,24.36,1.33,113.8179
2021-09-22,43544.09,4395.64,14896.85,20.87,1.32,113.6223
2021-09-23,44892.71,4448.98,15052.24,18.63,1.41,113.513
2021-09-24,42816.65,4455.48,15047.7,17.75,1.47,113.7597
2021-09-25,42682.26,NA,NA,NA,NA,NA
2021-09-26,43142.04,NA,NA,NA,NA,NA
2021-09-27,42214.52,4443.11,14969.97,18.76,1.48,113.7432
2021-09-28,41006.19,4352.63,14546.68,23.25,1.54,114.2469
2021-09-29,41522.49,4359.46,14512.44,22.56,1.55,114.7092
2021-09-30,43834.03,4307.54,14448.58,23.14,1.52,114.6403
2021-10-01,48145.34,4357.04,14566.7,21.15,1.48,114.3798
2021-10-02,47692.85,NA,NA,NA,NA,NA
2021-10-03,48179.83,NA,NA,NA,NA,NA
2021-10-04,49248.68,4300.46,14255.48,22.96,1.49,114.2739
2021-10-05,51441.74,4345.72,14433.83,21.3,1.54,114.3654
2021-10-06,55278.64,4363.55,14501.91,21,1.53,114.7185
2021-10-07,53844.74,4399.76,14654.02,19.54,1.58,114.5044
2021-10-08,53983.21,4391.34,14579.54,18.77,1.61,114.5986
2021-10-09,54951.3,NA,NA,NA,NA,NA
2021-10-10,54655.3,NA,NA,NA,NA,NA
2021-10-11,57440.05,4361.19,14486.2,20,NA,NA
2021-10-12,56019.29,4350.65,14465.92,19.85,1.59,114.7542
2021-10-13,57372.59,4363.8,14571.64,18.64,1.56,114.4705
2021-10-14,57327.09,4438.26,14823.43,16.86,1.52,114.2053
2021-10-15,61682.48,4471.37,14897.34,16.3,1.59,114.0905
2021-10-16,60880.85,NA,NA,NA,NA,NA
2021-10-17,61541.01,NA,NA,NA,NA,NA
2021-10-18,62036.95,4486.46,15021.81,16.31,1.59,113.9899
2021-10-19,64353.53,4519.63,15129.09,15.7,1.65,113.647
2021-10-20,66005.17,4536.19,15121.68,15.49,1.65,113.5083
2021-10-21,62152.09,4549.78,15215.7,15.01,1.68,113.6188
2021-10-22,60671.75,4544.9,15090.2,15.43,1.66,113.67
2021-10-23,61308.09,NA,NA,NA,NA,NA
2021-10-24,60889.41,NA,NA,NA,NA,NA
2021-10-25,63102.83,4566.48,15226.71,15.24,1.64,113.605
2021-10-26,60341.21,4574.79,15235.71,15.98,1.63,113.674
2021-10-27,58517.61,4551.68,15235.84,16.98,1.54,113.6218
2021-10-28,60577.62,4596.42,15448.12,16.53,1.57,113.4389
2021-10-29,62316.4,4605.38,15498.39,16.26,1.55,114.1349
2021-10-30,62062.88,NA,NA,NA,NA,NA
2021-10-31,61333.45,NA,NA,NA,NA,NA
2021-11-01,60950,4613.67,15595.92,16.41,1.58,114.2067
2021-11-02,63357.2,4630.65,15649.6,16.03,1.56,114.2847
2021-11-03,62944.4,4660.57,15811.58,15.1,1.6,114.3593
2021-11-04,61499.24,4680.06,15940.31,15.44,1.53,114.3558
2021-11-05,61000.01,4697.53,15971.59,16.48,1.45,114.0732
2021-11-06,61539.3,NA,NA,NA,NA,NA
2021-11-07,63433.66,NA,NA,NA,NA,NA
2021-11-08,67510.06,4701.7,15982.36,17.22,1.51,113.8256
2021-11-09,66967.98,4685.25,15886.54,17.78,1.46,113.762
2021-11-10,64896.86,4646.71,15622.71,18.73,1.56,114.1484
2021-11-11,64793.69,4649.27,15704.28,17.66,NA,NA
2021-11-12,64158.51,4682.85,15860.96,16.29,1.58,114.5144
2021-11-13,64482.54,NA,NA,NA,NA,NA
2021-11-14,65714.05,NA,NA,NA,NA,NA
2021-11-15,63441.68,4682.8,15853.85,16.49,1.63,114.5876
2021-11-16,60147.32,4700.9,15973.86,16.37,1.63,115.136
2021-11-17,60314.28,4688.67,15921.57,17.11,1.6,115.0263
2021-11-18,57017.38,4704.54,15993.71,17.59,1.59,115.0678
2021-11-19,58187.85,4697.96,16057.44,17.91,1.54,115.2187
2021-11-20,59771.71,NA,NA,NA,NA,NA
2021-11-21,58742.9,NA,NA,NA,NA,NA
2021-11-22,56254.57,4682.94,15854.76,19.17,1.63,115.6481
2021-11-23,57599.99,4690.7,15775.14,19.38,1.67,116.0118
2021-11-24,57255.24,4701.46,15845.23,18.58,1.64,116.2711
2021-11-25,59022.44,NA,NA,NA,NA,NA
2021-11-26,53839.39,4594.62,15491.66,28.62,1.48,116.5103
2021-11-27,54665.93,NA,NA,NA,NA,NA
2021-11-28,57471.87,NA,NA,NA,NA,NA
2021-11-29,57828.33,4655.27,15782.83,22.96,1.52,116.581
2021-11-30,56879.47,4567,15537.69,27.19,1.43,116.2071
2021-12-01,57228.47,4513.04,15254.05,31.12,1.43,115.889
2021-12-02,56566.29,4577.1,15381.32,27.95,1.44,116.018
2021-12-03,53681.96,4538.43,15085.47,30.67,1.35,116.2377
2021-12-04,49335,NA,NA,NA,NA,NA
2021-12-05,49511.76,NA,NA,NA,NA,NA
2021-12-06,50588.91,4591.67,15225.15,27.18,1.43,116.1538
2021-12-07,50676.09,4686.75,15686.92,21.89,1.48,115.8555
2021-12-08,50531.51,4701.21,15786.99,19.9,1.52,115.4418
2021-12-09,47639.07,4667.45,15517.37,21.58,1.49,115.7784
2021-12-10,47268.48,4712.02,15630.6,18.69,1.48,115.5732
2021-12-11,49432.46,NA,NA,NA,NA,NA
2021-12-12,50065.39,NA,NA,NA,NA,NA
2021-12-13,46639.86,4668.97,15413.28,20.31,1.42,115.842
2021-12-14,48343.16,4634.09,15237.64,21.89,1.44,116.2397
2021-12-15,48885.97,4709.85,15565.58,19.29,1.47,116.4219
2021-12-16,47605.48,4668.67,15180.43,20.57,1.44,115.7146
2021-12-17,46240.15,4620.64,15169.68,21.57,1.41,115.791
2021-12-18,46813.13,NA,NA,NA,NA,NA
2021-12-19,46683.77,NA,NA,NA,NA,NA
2021-12-20,46963.71,4568.02,14980.94,22.87,1.43,116.0092
2021-12-21,48954.47,4649.23,15341.09,21.01,1.48,116.1089
2021-12-22,48646.94,4696.56,15521.89,18.63,1.46,115.7485
2021-12-23,50840.46,4725.79,15653.37,17.96,1.5,115.5337
2021-12-24,50815.7,NA,NA,NA,NA,NA
2021-12-25,50395.07,NA,NA,NA,NA,NA
2021-12-26,50841.73,NA,NA,NA,NA,NA
2021-12-27,50663.26,4791.19,15871.26,17.68,1.48,115.4684
2021-12-28,47594.55,4786.35,15781.72,17.54,1.49,115.4192
2021-12-29,46518.8,4793.06,15766.22,16.95,1.55,115.3678
2021-12-30,47097.85,4778.73,15741.56,17.33,1.52,115.283
2021-12-31,46244.63,4766.18,15644.97,17.22,1.52,NA
2022-01-01,47748.83,NA,NA,NA,NA,NA
2022-01-02,47258.52,NA,NA,NA,NA,NA
2022-01-03,46519.76,4796.56,15832.8,16.6,1.63,115.4101
2022-01-04,45889.4,4793.54,15622.72,16.91,1.66,115.3103
2022-01-05,43422.85,4700.58,15100.17,19.73,1.71,115.137
2022-01-06,43133.33,4696.05,15080.86,19.61,1.73,115.4046
2022-01-07,41656.16,4677.03,14935.9,18.76,1.76,115.0451
2022-01-08,41667.48,NA,NA,NA,NA,NA
2022-01-09,41838.78,NA,NA,NA,NA,NA
2022-01-10,41872.47,4670.29,14942.83,19.4,1.78,115.2216
2022-01-11,42771.24,4713.07,15153.45,18.41,1.75,114.8332
2022-01-12,43884.25,4726.35,15188.39,17.62,1.74,114.355
2022-01-13,42617.64,4659.03,14806.81,20.31,1.7,114.177
2022-01-14,43158.68,4662.85,14893.75,19.19,1.78,114.3825
2022-01-15,43082.34,NA,NA,NA,NA,NA
2022-01-16,43137.67,NA,NA,NA,NA,NA
2022-01-17,42285.47,NA,NA,NA,NA,NA
2022-01-18,42411.61,4577.11,14506.9,22.79,1.87,114.7373
2022-01-19,41723.49,4532.76,14340.26,23.85,1.83,114.6109
2022-01-20,40696.22,4482.73,14154.02,25.59,1.83,114.4642
2022-01-21,36513.29,4397.94,13768.92,28.85,1.75,114.6125
2022-01-22,35108.16,NA,NA,NA,NA,NA
2022-01-23,36233.04,NA,NA,NA,NA,NA
2022-01-24,36643.49,4410.13,13855.13,29.9,1.75,115.2034
2022-01-25,36976.64,4356.45,13539.29,31.16,1.78,115.1654
2022-01-26,36838.9,4349.93,13542.12,31.96,1.85,115.0922
2022-01-27,37139.68,4326.51,13352.78,30.49,1.81,115.978
2022-01-28,37677.8,4431.85,13770.57,27.66,1.78,116.0393
2022-01-29,38166.62,NA,NA,NA,NA,NA
2022-01-30,37918.6,NA,NA,NA,NA,NA
2022-01-31,38430.3,4515.55,14239.88,24.83,1.79,115.566
2022-02-01,38745.11,4546.54,14346,21.96,1.81,115.3685
2022-02-02,36905.98,4589.38,14417.55,22.09,1.78,115.1538
2022-02-03,37238.31,4477.44,13878.82,24.35,1.82,114.9065
2022-02-04,41545.39,4500.53,14098.01,23.22,1.93,115.1362
2022-02-05,41447.5,NA,NA,NA,NA,NA
2022-02-06,42496.61,NA,NA,NA,NA,NA
2022-02-07,43897.96,4483.87,14015.67,22.86,1.92,115.0098
2022-02-08,44147.59,4521.54,14194.45,21.44,1.96,115.0892
2022-02-09,44402.94,4587.18,14490.37,19.96,1.94,114.8232
2022-02-10,43477.29,4504.08,14185.64,23.91,2.03,114.5527
2022-02-11,42391.54,4418.64,13791.15,27.36,1.92,114.8413
2022-02-12,42217.48,NA,NA,NA,NA,NA
2022-02-13,42097.33,NA,NA,NA,NA,NA
2022-02-14,42572.56,4401.67,13790.92,28.33,1.98,115.1946
2022-02-15,44469.73,4471.07,14139.76,25.7,2.05,114.93
2022-02-16,43897.22,4475.01,14124.09,24.29,2.03,114.6886
2022-02-17,40553.82,4380.26,13716.72,28.11,1.97,114.6755
2022-02-18,39993.11,4348.87,13548.07,27.75,1.92,114.7982
2022-02-19,40089.18,NA,NA,NA,NA,NA
2022-02-20,38426.4,NA,NA,NA,NA,NA
2022-02-21,37075.4,NA,NA,NA,NA,NA
2022-02-22,38261.46,4304.76,13381.52,28.81,1.94,114.7002
2022-02-23,37225,4225.5,13037.49,31.02,1.99,114.6668
2022-02-24,38367.61,4288.7,13473.59,30.32,1.96,115.9419
2022-02-25,39212.8,4384.65,13694.62,27.59,1.97,115.2577
2022-02-26,39138.21,NA,NA,NA,NA,NA
2022-02-27,37700,NA,NA,NA,NA,NA
2022-02-28,43206.02,4373.94,13751.4,30.15,1.83,115.2224
2022-03-01,44412.2,4306.26,13532.46,33.32,1.72,115.7962
2022-03-02,43862.75,4386.54,13752.02,30.74,1.86,115.7623
2022-03-03,42432,4363.49,13537.94,30.48,1.86,115.9495
2022-03-04,39205.77,4328.87,13313.44,31.98,1.74,116.6503
2022-03-05,39390.89,NA,NA,NA,NA,NA
2022-03-06,38432.11,NA,NA,NA,NA,NA
2022-03-07,38004.69,4201.09,12830.96,36.45,1.78,117.3278
2022-03-08,38724.21,4170.7,12795.55,35.13,1.86,117.6176
2022-03-09,41985.86,4277.88,13255.55,32.45,1.94,116.5961
2022-03-10,39454.87,4259.52,13129.96,30.23,1.98,116.7401
2022-03-11,38670.76,4204.31,12843.81,30.75,2,117.0192
2022-03-12,38767.98,NA,NA,NA,NA,NA
2022-03-13,37780.14,NA,NA,NA,NA,NA
2022-03-14,39644.88,4173.11,12581.22,31.77,2.14,117.1506
2022-03-15,39361.36,4262.45,12948.62,29.83,2.15,117.246
2022-03-16,41109.85,4357.86,13436.55,26.67,2.19,116.8073
2022-03-17,40964.07,4411.67,13614.78,25.67,2.2,116.0467
2022-03-18,41806.03,4463.12,13893.84,23.87,2.14,116.1378
2022-03-19,42219.55,NA,NA,NA,NA,NA
2022-03-20,41271.13,NA,NA,NA,NA,NA
2022-03-21,41009.98,4461.18,13838.46,23.53,2.32,115.9398
2022-03-22,42359.88,4511.61,14108.82,22.94,2.38,116.0824
2022-03-23,42940.28,4456.24,13922.6,23.57,2.32,116.005
2022-03-24,43979.48,4520.16,14191.84,21.67,2.34,115.9599
2022-03-25,44355.11,4543.06,14169.3,20.81,2.48,115.7921
2022-03-26,44548.42,NA,NA,NA,NA,NA
2022-03-27,46819.78,NA,NA,NA,NA,NA
2022-03-28,47191.31,4575.52,14354.9,19.63,2.46,116.1911
2022-03-29,47430.74,4631.6,14619.64,18.9,2.41,115.5679
2022-03-30,47022.82,4602.45,14442.27,19.33,2.35,115.0818
2022-03-31,45475.83,4530.41,14220.52,20.56,2.32,115.2218
2022-04-01,46222.43,4545.86,14261.5,19.63,2.39,115.4814
2022-04-02,45871.46,NA,NA,NA,NA,NA
2022-04-03,46358.05,NA,NA,NA,NA,NA
2022-04-04,46568.89,4582.64,14532.55,18.57,2.42,115.4112
2022-04-05,45449.25,4525.12,14204.17,21.03,2.54,115.73
2022-04-06,43206.04,4481.15,13888.82,22.1,2.61,115.9995
2022-04-07,43432.08,4500.21,13897.3,21.55,2.66,116.3512
2022-04-08,42281.5,4488.28,13711,21.16,2.72,116.4176
2022-04-09,42773.37,NA,NA,NA,NA,NA
2022-04-10,42177.2,NA,NA,NA,NA,NA
2022-04-11,39615.2,4412.53,13411.96,24.37,2.79,116.5401
2022-04-12,40105.2,4397.45,13371.57,24.26,2.72,116.3866
2022-04-13,41101.04,4446.59,13643.59,21.82,2.7,116.2796
2022-04-14,39910.05,4392.59,13351.08,22.7,2.83,116.7558
2022-04-15,40566.6,NA,NA,NA,NA,116.7017
2022-04-16,40378.25,NA,NA,NA,NA,NA
2022-04-17,39670.73,NA,NA,NA,NA,NA
2022-04-18,40817.48,4391.69,13332.36,22.17,2.85,116.8441
2022-04-19,41480.25,4462.21,13619.66,21.37,2.93,117.1324
2022-04-20,41350.25,4459.45,13453.07,20.32,2.85,116.7306
2022-04-21,40464.52,4393.66,13174.65,22.68,2.9,117.1432
2022-04-22,39708.2,4271.78,12839.29,28.21,2.9,118.0186
2022-04-23,39468.1,NA,NA,NA,NA,NA
2022-04-24,39489.71,NA,NA,NA,NA,NA
2022-04-25,40490.41,4296.12,13004.85,27.02,2.81,118.6271
2022-04-26,38102.78,4175.2,12490.74,33.52,2.77,118.9624
2022-04-27,39188.42,4183.96,12488.93,31.6,2.82,119.4708
2022-04-28,39737.71,4287.5,12871.53,29.99,2.85,120.0675
2022-04-29,38597.17,4131.93,12334.64,33.4,2.89,119.4933
2022-04-30,37658.53,NA,NA,NA,NA,NA
2022-05-01,38496.42,NA,NA,NA,NA,NA
2022-05-02,38488.36,4155.38,12536.02,32.34,2.99,119.8825
2022-05-03,37708.41,4175.48,12563.76,29.25,2.97,119.7043
2022-05-04,39671.83,4300.17,12964.86,25.42,2.93,119.5592
2022-05-05,36516.79,4146.87,12317.69,31.2,3.05,120.0068
2022-05-06,36013.22,4123.34,12144.66,30.19,3.12,119.8577
2022-05-07,35445.54,NA,NA,NA,NA,NA
2022-05-08,34089.76,NA,NA,NA,NA,NA
2022-05-09,30176.73,3991.24,11623.25,34.75,3.05,120.4972
2022-05-10,30961.83,4001.05,11737.67,32.99,2.99,120.7742
2022-05-11,29027.82,3935.18,11364.24,32.56,2.91,120.3925
2022-05-12,28959.93,3930.08,11370.96,31.77,2.84,121.2796
2022-05-13,29292.4,4023.89,11805,28.87,2.93,120.8442
2022-05-14,30012.62,NA,NA,NA,NA,NA
2022-05-15,31258.75,NA,NA,NA,NA,NA
2022-05-16,29854.67,4008.01,11662.79,27.47,2.88,120.6881
2022-05-17,30391.04,4088.85,11984.52,26.1,2.98,119.8871
2022-05-18,28762.93,3923.68,11418.15,30.96,2.89,120.0274
2022-05-19,30258.84,3900.79,11388.5,29.35,2.84,119.4278
2022-05-20,29138.15,3901.36,11354.62,29.43,2.78,119.3677
2022-05-21,29426.6,NA,NA,NA,NA,NA
2022-05-22,30221.12,NA,NA,NA,NA,NA
2022-05-23,29095.68,3973.75,11535.27,28.48,2.86,118.7169
2022-05-24,29605.66,3941.48,11264.45,29.45,2.76,118.6245
2022-05-25,29487.83,3978.73,11434.74,28.37,2.75,118.9598
2022-05-26,29160.96,4057.84,11740.65,27.5,2.75,118.7687
2022-05-27,28608.55,4158.24,12131.13,25.72,2.74,118.2834
2022-05-28,28974.3,NA,NA,NA,NA,NA
2022-05-29,29441.17,NA,NA,NA,NA,NA
2022-05-30,31691.54,NA,NA,26.54,NA,NA
2022-05-31,31804.27,4132.15,12081.39,26.19,2.85,118.0704
2022-06-01,29779.16,4101.23,11994.46,25.69,2.94,118.6954
2022-06-02,30428.98,4176.82,12316.9,24.72,2.92,118.0658
2022-06-03,29684.67,4108.54,12012.73,24.79,2.96,118.2153
2022-06-04,29832.02,NA,NA,NA,NA,NA
2022-06-05,29893.98,NA,NA,NA,NA,NA
2022-06-06,31324.88,4121.43,12061.37,25.07,3.04,118.3081
2022-06-07,31073.76,4160.68,12175.23,24.02,2.98,118.4414
2022-06-08,30195.33,4115.77,12086.27,23.96,3.03,118.3951
2022-06-09,30070.71,4017.82,11754.23,26.09,3.04,118.9226
2022-06-10,29061.88,3900.86,11340.02,27.75,3.15,119.9981
2022-06-11,28381.45,NA,NA,NA,NA,NA
2022-06-12,26633.35,NA,NA,NA,NA,NA
2022-06-13,22333,3749.63,10809.23,34.02,3.43,121.1523
2022-06-14,22122.57,3735.48,10828.35,32.69,3.49,121.6669
2022-06-15,22544.07,3789.99,11099.15,29.62,3.33,121.6403
2022-06-16,20336.62,3666.77,10646.1,32.95,3.28,120.6714
2022-06-17,20421.22,3674.84,10798.35,31.13,3.25,121.2369
2022-06-18,18989.21,NA,NA,NA,NA,NA
2022-06-19,20520.28,NA,NA,NA,NA,NA
2022-06-20,20534.33,NA,NA,31.03,NA,NA
2022-06-21,20675.12,3764.79,11069.3,30.19,3.31,120.6427
2022-06-22,19997.23,3759.89,11053.08,28.95,3.16,120.5197
2022-06-23,21121.55,3795.73,11232.19,29.05,3.09,120.76220000000001
2022-06-24,21206.32,3911.74,11607.62,27.23,3.13,120.4853
2022-06-25,21474.76,NA,NA,NA,NA,NA
2022-06-26,21025.22,NA,NA,NA,NA,NA
2022-06-27,20718.74,3900.11,11524.55,26.95,3.2,120.1736
2022-06-28,20251.34,3821.55,11181.54,28.36,3.2,120.62
2022-06-29,20094.43,3818.83,11177.89,28.16,3.1,120.9616
2022-06-30,19837.58,3785.38,11028.74,28.71,2.98,120.9652
2022-07-01,19270.3,3825.33,11127.85,26.7,2.88,121.5058
2022-07-02,19210.52,NA,NA,NA,NA,NA
2022-07-03,19283.07,NA,NA,NA,NA,NA
2022-07-04,20205.89,NA,NA,27.53,NA,NA
2022-07-05,20171.1,3831.39,11322.24,27.54,2.82,122.6203
2022-07-06,20556.8,3845.08,11361.85,26.73,2.93,123.0073
2022-07-07,21657.39,3902.62,11621.35,26.08,3.01,122.7257
2022-07-08,21582.54,3899.38,11635.31,24.64,3.09,122.4662
2022-07-09,21573.37,NA,NA,NA,NA,NA
2022-07-10,20806.95,NA,NA,NA,NA,NA
2022-07-11,19942.91,3854.43,11372.6,26.17,2.99,123.2974
2022-07-12,19302.71,3818.8,11264.73,27.29,2.96,123.4524
2022-07-13,20206.62,3801.78,11247.58,26.82,2.91,123.2834
2022-07-14,20583.48,3790.38,11251.19,26.4,2.96,124.0622
2022-07-15,20838.39,3863.16,11452.42,24.23,2.93,123.4765
2022-07-16,21195.28,NA,NA,NA,NA,NA
2022-07-17,20762.12,NA,NA,NA,NA,NA
2022-07-18,22368.75,3830.85,11360.05,25.3,2.96,122.7727
2022-07-19,23410.92,3936.69,11713.15,24.5,3.01,122.4819
2022-07-20,23237.11,3959.9,11897.65,23.88,3.04,122.5997
2022-07-21,23140.92,3998.95,12059.61,23.11,2.91,122.9032
2022-07-22,22706.35,3961.63,11834.11,23.03,2.77,122.451
2022-07-23,22457.13,NA,NA,NA,NA,NA
2022-07-24,22592.39,NA,NA,NA,NA,NA
2022-07-25,21248.31,3966.84,11782.67,23.36,2.81,122.4594
2022-07-26,21277.3,3921.05,11562.57,24.69,2.81,122.7581
2022-07-27,22986.74,4023.61,12032.42,23.24,2.78,122.8169
2022-07-28,23875.62,4072.43,12162.59,22.33,2.68,122.1161
2022-07-29,23817.5,4130.29,12390.69,21.33,2.67,121.7678
2022-07-30,23643.31,NA,NA,NA,NA,NA
2022-07-31,23296.14,NA,NA,NA,NA,NA
2022-08-01,23250.19,4118.63,12368.98,22.84,2.6,121.4109
2022-08-02,23005.22,4091.19,12348.76,23.93,2.75,121.9486
2022-08-03,22820.48,4155.17,12668.16,21.95,2.73,122.3888
2022-08-04,22604.63,4151.94,12720.58,21.44,2.68,121.8333
2022-08-05,23285.14,4145.19,12657.55,21.15,2.83,122.321
2022-08-06,22960.16,NA,NA,NA,NA,NA
2022-08-07,23187.41,NA,NA,NA,NA,NA
2022-08-08,23824.9,4140.06,12644.46,21.29,2.77,121.8783
2022-08-09,23138.91,4122.47,12493.93,21.77,2.8,121.8614
2022-08-10,23982.75,4210.24,12854.8,19.74,2.78,120.7543
2022-08-11,23956.28,4207.27,12779.91,20.2,2.87,120.7163
2022-08-12,24398.29,4280.15,13047.19,19.53,2.84,121.018
2022-08-13,24447.08,NA,NA,NA,NA,NA
2022-08-14,24301.71,NA,NA,NA,NA,NA
2022-08-15,24092.27,4297.14,13128.05,19.95,2.79,121.4315
2022-08-16,23861.8,4305.2,13102.55,19.69,2.82,121.6807
2022-08-17,23357.89,4274.04,12938.12,19.9,2.89,122.0711
2022-08-18,23175.9,4283.74,12965.34,19.56,2.88,122.3627
2022-08-19,20850.04,4228.48,12705.22,20.6,2.98,123.0501
2022-08-20,21151.45,NA,NA,NA,NA,NA
2022-08-21,21513.86,NA,NA,NA,NA,NA
2022-08-22,21403.82,4137.99,12381.57,23.8,3.03,123.605
2022-08-23,21529.34,4128.73,12381.3,24.11,3.05,123.0547
2022-08-24,21358.67,4140.77,12431.53,22.82,3.11,123.109
2022-08-25,21518.35,4199.12,12639.27,21.78,3.03,123.0586
2022-08-26,20230.18,4057.66,12141.71,25.56,3.04,123.0656
2022-08-27,20018.43,NA,NA,NA,NA,NA
2022-08-28,19582.83,NA,NA,NA,NA,NA
2022-08-29,20291.07,4030.61,12017.67,26.21,3.12,123.4686
2022-08-30,19835.7,3986.16,11883.14,26.21,3.11,123.6848
2022-08-31,20025.48,3955,11816.2,25.87,3.15,123.535
2022-09-01,20112.51,3966.85,11785.13,25.56,3.26,124.4006
2022-09-02,19946.87,3924.26,11630.86,25.47,3.2,123.7743
2022-09-03,19840.11,NA,NA,NA,NA,NA
2022-09-04,20006.54,NA,NA,NA,NA,NA
2022-09-05,19807.74,NA,NA,25.99,NA,NA
2022-09-06,18777,3908.19,11544.91,26.91,3.33,124.767
2022-09-07,19286.23,3979.87,11791.9,24.64,3.27,124.8408
2022-09-08,19320.01,4006.18,11862.13,23.61,3.29,124.578
2022-09-09,21355.55,4067.36,12112.31,22.79,3.33,123.7874
2022-09-10,21660.39,NA,NA,NA,NA,NA
2022-09-11,21818.08,NA,NA,NA,NA,NA
2022-09-12,22412.6,4110.41,12266.41,23.87,3.37,123.3332
2022-09-13,20164.09,3932.69,11633.57,27.27,3.42,124.4242
2022-09-14,20216.63,3946.01,11719.68,26.16,3.41,124.4509
2022-09-15,19690.75,3901.35,11552.36,26.27,3.45,124.8843
2022-09-16,19784.17,3873.33,11448.4,26.3,3.45,124.8794
2022-09-17,20117.18,NA,NA,NA,NA,NA
2022-09-18,19425.05,NA,NA,NA,NA,NA
2022-09-19,19553.1,3899.89,11535.02,25.76,3.49,125.0104
2022-09-20,18869.22,3855.93,11425.05,27.16,3.57,125.1248
2022-09-21,18488.54,3789.93,11220.19,27.99,3.51,125.7399
2022-09-22,19402.35,3757.99,11066.81,27.35,3.7,126.1667
2022-09-23,19304.43,3693.23,10867.93,29.92,3.69,127.2853
2022-09-24,18944.06,NA,NA,NA,NA,NA
2022-09-25,18788.61,NA,NA,NA,NA,NA
2022-09-26,19224.81,3655.04,10802.92,32.26,3.88,128.4539
2022-09-27,19072.97,3647.29,10829.5,32.6,3.97,128.4386
2022-09-28,19407.62,3719.04,11051.64,30.18,3.72,128.0884
2022-09-29,19610.61,3640.47,10737.51,31.84,3.76,127.5437
2022-09-30,19415.8,3585.62,10575.62,31.62,3.83,127.5148
2022-10-01,19308.76,NA,NA,NA,NA,NA
2022-10-02,19072.29,NA,NA,NA,NA,NA
2022-10-03,19640.84,3678.43,10815.43,30.1,3.67,127.0813
2022-10-04,20344.37,3790.93,11176.41,29.07,3.62,126.1819
2022-10-05,20152.33,3783.28,11148.64,28.55,3.76,126.8616
2022-10-06,19962.19,3744.52,11073.31,30.52,3.83,127.2493
2022-10-07,19524.22,3639.66,10652.4,31.36,3.89,127.3111
2022-10-08,19409.72,NA,NA,NA,NA,NA
2022-10-09,19437.02,NA,NA,NA,NA,NA
2022-10-10,19104.67,3612.39,10542.1,32.45,NA,NA
2022-10-11,19069.69,3588.84,10426.19,33.63,3.93,127.6641
2022-10-12,19157.32,3577.03,10417.1,33.57,3.91,128.1481
2022-10-13,19382.53,3669.91,10649.15,31.94,3.97,127.7286
2022-10-14,19187.64,3583.07,10321.39,32.02,4,128.3325
2022-10-15,19074.41,NA,NA,NA,NA,NA
2022-10-16,19270.79,NA,NA,NA,NA,NA
2022-10-17,19565.96,3677.95,10675.8,31.37,4.02,127.6448
2022-10-18,19334.77,3719.98,10772.4,30.5,4.01,127.9153
2022-10-19,19122.17,3695.16,10680.51,30.76,4.14,128.3968
2022-10-20,19046.77,3665.78,10614.84,29.98,4.24,128.0052
2022-10-21,19172.57,3752.75,10859.72,29.69,4.21,127.6735
2022-10-22,19210.62,NA,NA,NA,NA,NA
2022-10-23,19563.5,NA,NA,NA,NA,NA
2022-10-24,19332.45,3797.34,10952.61,29.85,4.25,128.0304
2022-10-25,20113.74,3859.11,11199.12,28.46,4.1,127.3771
2022-10-26,20760.56,3830.6,10970.99,27.28,4.04,126.4723
2022-10-27,20287.17,3807.3,10792.67,27.39,3.96,126.7028
2022-10-28,20594.01,3901.06,11102.45,25.75,4.02,127.2135
2022-10-29,20831.19,NA,NA,NA,NA,NA
2022-10-30,20634.95,NA,NA,NA,NA,NA
2022-10-31,20472.79,3871.98,10988.15,25.88,4.1,127.6219
2022-11-01,20479.49,3856.1,10890.85,25.81,4.07,127.3987
2022-11-02,20148.56,3759.69,10524.8,25.86,4.1,127.3115
2022-11-03,20205.32,3719.89,10342.94,25.3,4.14,128.1743
2022-11-04,21157.96,3770.55,10475.25,24.55,4.17,127.1468
2022-11-05,21304.72,NA,NA,NA,NA,NA
2022-11-06,20912.34,NA,NA,NA,NA,NA
2022-11-07,20578.77,3806.8,10564.52,24.35,4.22,126.3062
2022-11-08,18561.6,3828.11,10616.2,25.54,4.14,125.633
2022-11-09,15850.62,3748.57,10353.17,26.09,4.12,125.9861
2022-11-10,17573.15,3956.37,11114.15,23.53,3.82,124.7044
2022-11-11,16997.14,3992.93,11323.33,22.52,NA,NA
2022-11-12,16777.73,NA,NA,NA,NA,NA
2022-11-13,16290.62,NA,NA,NA,NA,NA
2022-11-14,16576.49,3957.25,11196.22,23.73,3.88,123.4277
2022-11-15,16869.14,3991.73,11358.41,24.54,3.8,123.039
2022-11-16,16660.48,3958.79,11183.66,24.11,3.67,123.2817
2022-11-17,16677.36,3946.56,11144.96,23.93,3.77,123.977
2022-11-18,16673.07,3965.34,11146.06,23.12,3.82,123.8524
2022-11-19,16667.74,NA,NA,NA,NA,NA
2022-11-20,16261.22,NA,NA,NA,NA,NA
2022-11-21,15755.75,3949.94,11024.51,22.36,3.83,124.7009
2022-11-22,16206.32,4003.58,11174.41,21.29,3.76,124.2365
2022-11-23,16597.46,4027.26,11285.32,20.35,3.71,123.7574
2022-11-24,16579.3,NA,NA,20.42,NA,NA
2022-11-25,16508.49,4026.12,11226.36,20.5,3.68,123.3386
2022-11-26,16452.39,NA,NA,NA,NA,NA
2022-11-27,16428.77,NA,NA,NA,NA,NA
2022-11-28,16193.89,3963.94,11049.5,22.21,3.69,123.6032
2022-11-29,16441.63,3957.63,10983.78,21.89,3.75,123.6615
2022-11-30,17179.78,4080.11,11468,20.58,3.68,123.5175
2022-12-01,16980.55,4076.57,11482.45,19.84,3.53,122.0045
2022-12-02,17099.27,4071.7,11461.5,19.06,3.51,122.0102
2022-12-03,16883.68,NA,NA,NA,NA,NA
2022-12-04,17102.35,NA,NA,NA,NA,NA
2022-12-05,16970.79,3998.84,11239.94,20.75,3.6,122.6384
2022-12-06,17089.95,3941.26,11014.89,22.17,3.51,123.0191
2022-12-07,16844.05,3933.92,10958.55,22.68,3.42,122.7608
2022-12-08,17228.23,3963.51,11082,22.29,3.48,122.4152
2022-12-09,17129.01,3934.38,11004.62,22.83,3.57,122.4201
2022-12-10,17131.03,NA,NA,NA,NA,NA
2022-12-11,17087.42,NA,NA,NA,NA,NA
2022-12-12,17209.62,3990.56,11143.74,25,3.61,122.7714
2022-12-13,17763.65,4019.65,11256.81,22.55,3.51,121.8493
2022-12-14,17815.79,3995.32,11170.89,21.14,3.49,121.8226
2022-12-15,17358,3895.75,10810.53,22.83,3.44,122.5519
2022-12-16,16627.33,3852.36,10705.41,22.62,3.48,122.6505
2022-12-17,16785.87,NA,NA,NA,NA,NA
2022-12-18,16754.6,NA,NA,NA,NA,NA
2022-12-19,16453.07,3817.66,10546.03,22.42,3.57,122.5275
2022-12-20,16893.02,3821.62,10547.11,21.48,3.69,122.1357
2022-12-21,16821.03,3878.44,10709.37,20.07,3.68,122.2828
2022-12-22,16819.21,3822.39,10476.12,21.97,3.67,122.2419
2022-12-23,16776.77,3844.82,10497.86,20.87,3.75,121.9743
2022-12-24,16833.61,NA,NA,NA,NA,NA
2022-12-25,16831.17,NA,NA,NA,NA,NA
2022-12-26,16940.82,NA,NA,NA,NA,NA
2022-12-27,16693.38,3829.25,10353.23,21.65,3.84,121.7539
2022-12-28,16539.02,3783.22,10213.29,22.14,3.88,122.0075
2022-12-29,16626.11,3849.28,10478.09,21.44,3.83,121.6577
2022-12-30,16606.43,3839.5,10466.48,21.67,3.88,121.4256
2022-12-31,16531,NA,NA,NA,NA,NA
2023-01-01,16615.18,NA,NA,NA,NA,NA
2023-01-02,16660.83,NA,NA,NA,NA,NA
2023-01-03,16670.38,3824.14,10386.98,22.9,3.79,122.0905
2023-01-04,16850.4,3852.97,10458.76,22.01,3.69,121.5008
2023-01-05,16824.98,3808.1,10305.24,22.46,3.71,122.1017
2023-01-06,16950.6,3895.08,10569.29,21.13,3.55,121.0852
2023-01-07,16945.34,NA,NA,NA,NA,NA
2023-01-08,17134.34,NA,NA,NA,NA,NA
2023-01-09,17181.15,3892.09,10635.65,21.97,3.53,120.1508
2023-01-10,17444.75,3919.25,10742.63,20.58,3.61,120.2483
2023-01-11,17942.22,3969.61,10931.67,21.09,3.54,120.1614
2023-01-12,18863.74,3983.17,11001.1,18.83,3.43,119.4218
2023-01-13,19909.21,3999.09,11079.16,18.35,3.49,119.1673
2023-01-14,20970.85,NA,NA,NA,NA,NA
2023-01-15,20871.25,NA,NA,NA,NA,NA
2023-01-16,21186.93,NA,NA,19.49,NA,NA
2023-01-17,21153.37,3990.97,11095.11,19.36,3.53,119.2121
2023-01-18,20710.89,3928.86,10957.01,20.34,3.37,119.0755
2023-01-19,21088.14,3898.85,10852.27,20.52,3.39,119.6107
2023-01-20,22686.85,3972.61,11140.43,19.85,3.48,119.3486
2023-01-21,22785.59,NA,NA,NA,NA,NA
2023-01-22,22706.71,NA,NA,NA,NA,NA
2023-01-23,22915.32,4019.81,11364.41,19.81,3.52,119.1434
2023-01-24,22612.34,4016.95,11334.27,19.2,3.46,119.0958
2023-01-25,23072.42,4016.22,11313.36,19.08,3.46,118.9686
2023-01-26,23028.35,4060.43,11512.41,18.73,3.49,119.021
2023-01-27,23072.62,4070.56,11621.71,18.51,3.52,118.9223
2023-01-28,23034.71,NA,NA,NA,NA,NA
2023-01-29,23736.52,NA,NA,NA,NA,NA
2023-01-30,22832.32,4017.77,11393.81,19.94,3.55,118.8953
2023-01-31,23134.74,4076.6,11584.55,19.4,3.52,118.9802
2023-02-01,23740.02,4119.21,11816.32,17.87,3.39,118.6259
2023-02-02,23548.98,4179.76,12200.82,18.73,3.4,118.3421
2023-02-03,23426.4,4136.48,12006.95,18.33,3.53,119.5095
2023-02-04,23318.95,NA,NA,NA,NA,NA
2023-02-05,22938.03,NA,NA,NA,NA,NA
2023-02-06,22751.79,4111.08,11887.45,19.43,3.63,120.541
2023-02-07,23260.42,4164,12113.79,18.66,3.67,120.3475
2023-02-08,22973.38,4117.86,11910.52,19.63,3.63,120.1436
2023-02-09,21804.16,4081.5,11789.58,20.71,3.67,119.9781
2023-02-10,21629.58,4090.46,11718.12,20.53,3.74,120.1419
2023-02-11,21857.51,NA,NA,NA,NA,NA
2023-02-12,21784.08,NA,NA,NA,NA,NA
2023-02-13,21786.33,4137.29,11891.79,20.34,3.72,119.9828
2023-02-14,22193.69,4136.13,11960.15,18.91,3.77,119.9229
2023-02-15,24340.76,4147.6,12070.59,18.23,3.81,120.4557
2023-02-16,23468.21,4090.41,11855.83,20.17,3.86,120.4651
2023-02-17,24562.04,4079.09,11787.27,20.02,3.82,120.5526
2023-02-18,24626.23,NA,NA,NA,NA,NA
2023-02-19,24316.05,NA,NA,NA,NA,NA
2023-02-20,24835.63,NA,NA,21.23,NA,NA
2023-02-21,24447.91,3997.34,11492.3,22.87,3.95,120.6256
2023-02-22,24187.63,3991.05,11507.07,22.29,3.93,120.8389
2023-02-23,23938.48,4012.32,11590.4,21.14,3.88,121.0896
2023-02-24,23181.45,3970.04,11394.94,21.67,3.95,121.5681
2023-02-25,23157.01,NA,NA,NA,NA,NA
2023-02-26,23551.19,NA,NA,NA,NA,NA
2023-02-27,23479.61,3982.24,11466.98,20.95,3.92,121.3941
2023-02-28,23146.93,3970.15,11455.54,20.7,3.92,121.3341
2023-03-01,23634.46,3951.39,11379.48,20.58,4.01,120.6347
2023-03-02,23469.09,3981.35,11462.98,19.59,4.08,121.1302
2023-03-03,22343.55,4045.64,11689.01,18.49,3.97,120.7742
2023-03-04,22345.17,NA,NA,NA,NA,NA
2023-03-05,22429.5,NA,NA,NA,NA,NA
2023-03-06,22419.33,4048.42,11675.74,18.61,3.98,120.485
2023-03-07,22198.95,3986.37,11530.33,19.59,3.97,121.4623
2023-03-08,21712.64,3992.01,11576,19.11,3.98,121.4511
2023-03-09,20364.09,3918.32,11338.35,22.61,3.93,121.4458
2023-03-10,20227.02,3861.59,11138.89,24.8,3.7,121.2421
2023-03-11,20607.79,NA,NA,NA,NA,NA
2023-03-12,22284.36,NA,NA,NA,NA,NA
2023-03-13,24239.87,3855.76,11188.84,26.52,3.55,120.8897
2023-03-14,24786.83,3919.29,11428.15,23.73,3.64,121.0141
2023-03-15,24350.57,3891.93,11434.05,26.14,3.51,122.1079
2023-03-16,25040.11,3960.28,11717.28,22.99,3.56,121.7221
2023-03-17,27442.51,3916.64,11630.51,25.51,3.39,121.5643
2023-03-18,26991.27,NA,NA,NA,NA,NA
2023-03-19,28050.01,NA,NA,NA,NA,NA
2023-03-20,27818.07,3951.57,11675.54,24.15,3.47,121.0141
2023-03-21,28195.56,4002.87,11860.11,21.38,3.59,120.8958
2023-03-22,27324.09,3936.97,11669.96,22.26,3.48,120.6217
2023-03-23,28361.31,3948.72,11787.4,22.61,3.38,119.7587
2023-03-24,27488.93,3970.99,11823.96,21.74,3.38,120.4598
2023-03-25,27485.45,NA,NA,NA,NA,NA
2023-03-26,27987.14,NA,NA,NA,NA,NA
2023-03-27,27139.64,3977.53,11768.84,20.6,3.53,120.2541
2023-03-28,27273.12,3971.27,11716.08,19.97,3.55,119.7138
2023-03-29,28366.67,4027.81,11926.24,19.12,3.57,119.7258
2023-03-30,28036.88,4050.83,12013.47,19.02,3.55,119.4078
2023-03-31,28492.72,4109.31,12221.91,18.7,3.48,119.3602
2023-04-01,28471.82,NA,NA,NA,NA,NA
2023-04-02,28179.21,NA,NA,NA,NA,NA
2023-04-03,27807.81,4124.51,12189.45,18.55,3.43,119.3204
2023-04-04,28172.02,4100.6,12126.33,19,3.35,119.142
2023-04-05,28187.68,4090.38,11996.86,19.08,3.3,119.2953
2023-04-06,28053.47,4105.02,12087.96,18.4,3.3,119.3072
2023-04-07,27927.15,NA,NA,NA,3.39,119.3547
2023-04-08,27959.5,NA,NA,NA,NA,NA
2023-04-09,28337.04,NA,NA,NA,NA,NA
2023-04-10,29678.68,4109.11,12084.36,18.97,3.41,119.7948
2023-04-11,30243.93,4108.94,12031.88,19.1,3.43,119.5248
2023-04-12,29913.06,4091.95,11929.34,19.09,3.41,119.003
2023-04-13,30412.73,4146.22,12166.27,17.8,3.45,118.3915
2023-04-14,30493.72,4137.64,12123.47,17.07,3.52,118.8567
2023-04-15,30319.72,NA,NA,NA,NA,NA
2023-04-16,30328.02,NA,NA,NA,NA,NA
2023-04-17,29449.98,4151.32,12157.72,16.95,3.6,119.2787
2023-04-18,30382.37,4154.87,12153.41,16.83,3.58,119.1049
2023-04-19,28814.51,4154.52,12157.23,16.46,3.6,119.303
2023-04-20,28235.24,4129.79,12059.56,17.17,3.54,119.1199
2023-04-21,27259,4133.52,12072.46,16.77,3.57,119.3117
2023-04-22,27812.19,NA,NA,NA,NA,NA
2023-04-23,27582.31,NA,NA,NA,NA,NA
2023-04-24,27518.81,4137.04,12037.2,16.89,3.52,119.2039
2023-04-25,28321.6,4071.63,11799.16,18.76,3.4,119.613
2023-04-26,28406.04,4055.99,11854.35,18.84,3.43,119.3228
2023-04-27,29502.8,4135.35,12142.24,17.03,3.53,119.4298
2023-04-28,29344.36,4169.48,12226.58,15.78,3.44,119.2248
2023-04-29,29249.66,NA,NA,NA,NA,NA
2023-04-30,29271.16,NA,NA,NA,NA,NA
2023-05-01,28056.44,4167.87,12212.6,16.08,3.59,119.4435
2023-05-02,28682.78,4119.58,12080.51,17.78,3.44,119.6105
2023-05-03,29047.44,4090.75,12025.33,18.34,3.38,119.1233
2023-05-04,28861.56,4061.22,11966.4,20.09,3.37,119.0465
2023-05-05,29514.95,4136.25,12235.41,17.19,3.44,118.5548
2023-05-06,28907.66,NA,NA,NA,NA,NA
2023-05-07,28425,NA,NA,NA,NA,NA
2023-05-08,27682.7,4138.12,12256.92,16.98,3.52,118.5759
2023-05-09,27647.15,4119.17,12179.55,17.71,3.53,118.8239
2023-05-10,27620.2,4137.64,12306.44,16.94,3.43,118.5864
2023-05-11,27007.95,4130.62,12328.51,16.93,3.39,119.0303
2023-05-12,26811.54,4124.08,12284.74,17.03,3.46,119.3671
2023-05-13,26790.49,NA,NA,NA,NA,NA
2023-05-14,26931.38,NA,NA,NA,NA,NA
2023-05-15,27178.3,4136.28,12365.21,17.12,3.5,119.1608
2023-05-16,27041.08,4109.9,12343.05,17.99,3.54,119.1743
2023-05-17,27417.13,4158.77,12500.57,16.87,3.57,119.607
2023-05-18,26829.49,4198.05,12688.84,16.05,3.65,120.0886
2023-05-19,26877.99,4191.98,12657.9,16.81,3.7,119.7751
2023-05-20,27116.58,NA,NA,NA,NA,NA
2023-05-21,26749.85,NA,NA,NA,NA,NA
2023-05-22,26854.54,4192.63,12720.78,17.21,3.72,120.0875
2023-05-23,27223.75,4145.58,12560.25,18.53,3.7,120.3204
2023-05-24,26321.63,4115.24,12484.16,20.03,3.73,120.4752
2023-05-25,26488.5,4151.28,12698.09,19.14,3.83,120.8413
2023-05-26,26728.06,4205.45,12975.69,17.95,3.8,120.6304
2023-05-27,26883.76,NA,NA,NA,NA,NA
2023-05-28,28099.42,NA,NA,NA,NA,NA
2023-05-29,27755.32,NA,NA,17.46,NA,NA
2023-05-30,27696.65,4205.52,13017.43,17.46,3.69,120.5546
2023-05-31,27222.9,4179.83,12935.29,17.94,3.64,120.9662
2023-06-01,26837.1,4221.02,13100.98,15.65,3.61,120.0491
2023-06-02,27250.49,4282.37,13240.77,14.6,3.69,120.0049
2023-06-03,27073.69,NA,NA,NA,NA,NA
2023-06-04,27107.67,NA,NA,NA,NA,NA
2023-06-05,25751.24,4273.79,13229.43,14.73,3.69,120.0048
2023-06-06,27245.8,4283.85,13276.42,13.96,3.7,119.9718
2023-06-07,26347.69,4267.52,13104.89,13.94,3.79,119.859
2023-06-08,26504.81,4293.93,13238.52,13.65,3.73,119.5712
2023-06-09,26483.2,4298.86,13259.14,13.83,3.75,119.4322
2023-06-10,25831.06,NA,NA,NA,NA,NA
2023-06-11,25946.74,NA,NA,NA,NA,NA
2023-06-12,25906.91,4338.93,13461.92,15.01,3.73,119.6376
2023-06-13,25933.04,4369.01,13573.32,14.61,3.84,119.1899
2023-06-14,25103.81,4372.59,13626.48,13.88,3.83,118.776
2023-06-15,25542.36,4425.84,13782.82,14.5,3.72,118.5521
2023-06-16,26341.33,4409.59,13689.57,13.54,3.77,118.4184
2023-06-17,26511.06,NA,NA,NA,NA,NA
2023-06-18,26326.27,NA,NA,NA,NA,NA
2023-06-19,26822.19,NA,NA,14.19,NA,NA
2023-06-20,28315.01,4388.71,13667.29,13.88,3.74,118.938
2023-06-21,29998.22,4365.69,13502.2,13.2,3.72,118.727
2023-06-22,29885.29,4381.89,13630.61,12.91,3.8,118.7552
2023-06-23,30692.18,4348.33,13492.52,13.44,3.74,119.152
2023-06-24,30556.69,NA,NA,NA,NA,NA
2023-06-25,30488.37,NA,NA,NA,NA,NA
2023-06-26,30279.98,4328.82,13335.78,14.25,3.72,119.0761
2023-06-27,30702.1,4378.41,13555.67,13.74,3.77,118.8949
2023-06-28,30102.6,4376.86,13591.75,13.43,3.71,119.3382
2023-06-29,30441.4,4396.44,13591.33,13.54,3.85,119.527
2023-06-30,30475.82,4450.38,13787.92,13.59,3.81,119.3606
2023-07-01,30585,NA,NA,NA,NA,NA
2023-07-02,30616.01,NA,NA,NA,NA,NA
2023-07-03,31163.19,4455.59,13816.77,13.57,3.86,119.2119
2023-07-04,30766.91,NA,NA,13.7,NA,NA
2023-07-05,30492.71,4446.82,13791.65,14.18,3.95,119.3483
2023-07-06,29910.89,4411.59,13679.04,15.44,4.05,119.8193
2023-07-07,30337.33,4398.95,13660.72,14.83,4.06,119.0761
2023-07-08,30301.5,NA,NA,NA,NA,NA
2023-07-09,30171.1,NA,NA,NA,NA,NA
2023-07-10,30427.52,4409.53,13685.48,15.07,4.01,118.9548
2023-07-11,30636.22,4439.26,13760.7,14.84,3.99,118.7344
2023-07-12,30379.01,4472.16,13918.96,13.54,3.86,117.6385
2023-07-13,31471.53,4510.04,14138.57,13.61,3.76,117.1831
2023-07-14,30312.82,4505.42,14113.7,13.34,3.83,117.0463
2023-07-15,30300.67,NA,NA,NA,NA,NA
2023-07-16,30236.12,NA,NA,NA,NA,NA
2023-07-17,30150.4,4522.79,14244.95,13.48,3.81,117.1267
2023-07-18,29860.85,4554.98,14353.64,13.3,3.8,117.0264
2023-07-19,29918.57,4565.72,14358.02,13.76,3.75,117.3462
2023-07-20,29807.9,4534.87,14063.31,13.99,3.85,117.5947
2023-07-21,29907.14,4536.34,14032.81,13.6,3.84,117.9418
2023-07-22,29806.09,NA,NA,NA,NA,NA
2023-07-23,30082.77,NA,NA,NA,NA,NA
2023-07-24,29171.26,4554.64,14058.87,13.91,3.86,117.8124
2023-07-25,29221.74,4567.46,14144.56,13.86,3.91,117.8565
2023-07-26,29351.49,4566.75,14127.28,13.19,3.86,117.76
2023-07-27,29213.16,4537.41,14050.11,14.41,4.01,117.8938
2023-07-28,29311.22,4582.23,14316.66,13.33,3.96,117.788
2023-07-29,29357.88,NA,NA,NA,NA,NA
2023-07-30,29277.85,NA,NA,NA,NA,NA
2023-07-31,29223.31,4588.96,14346.02,13.63,3.97,117.8241
2023-08-01,29728.88,4576.73,14283.91,13.93,4.05,118.5738
2023-08-02,29155.83,4513.39,13973.45,16.09,4.08,119.1268
2023-08-03,29168.14,4501.89,13959.72,15.92,4.2,119.3963
2023-08-04,29073.7,4478.03,13892.07,17.1,4.05,118.821
2023-08-05,29045.71,NA,NA,NA,NA,NA
2023-08-06,29040.44,NA,NA,NA,NA,NA
2023-08-07,29179.01,4518.44,13977.12,15.77,4.09,119.0809
2023-08-08,29774.42,4499.38,13867.19,15.99,4.02,119.6407
2023-08-09,29561.54,4467.71,13705.08,15.96,4,119.476
2023-08-10,29418.09,4468.83,13721.03,15.85,4.09,119.1581
2023-08-11,29400.05,4464.05,13644.85,14.84,4.16,119.6268
2023-08-12,29416.98,NA,NA,NA,NA,NA
2023-08-13,29267.56,NA,NA,NA,NA,NA
2023-08-14,29397.35,4489.72,13788.33,14.82,4.19,120.0725
2023-08-15,29165.96,4437.86,13631.05,16.46,4.21,120.2127
2023-08-16,28694.33,4404.33,13474.63,16.78,4.28,120.3551
2023-08-17,26600.98,4370.36,13316.93,17.89,4.3,120.5242
2023-08-18,26043.99,4369.71,13290.78,17.3,4.26,120.4321
2023-08-19,26081.24,NA,NA,NA,NA,NA
2023-08-20,26187.2,NA,NA,NA,NA,NA
2023-08-21,26128.18,4399.77,13497.59,17.13,4.34,120.4627
2023-08-22,26038.42,4387.55,13505.87,16.97,4.34,120.3554
2023-08-23,26429.54,4436.01,13721.03,15.98,4.19,120.0307
2023-08-24,26168.12,4376.31,13463.97,17.2,4.23,120.2354
2023-08-25,26054.38,4405.71,13590.65,15.68,4.25,120.5137
2023-08-26,26004.15,NA,NA,NA,NA,NA
2023-08-27,26089.28,NA,NA,NA,NA,NA
2023-08-28,26102.51,4433.31,13705.13,15.08,4.2,120.3155
2023-08-29,27713.68,4497.63,13943.76,14.45,4.12,120.2669
2023-08-30,27297.11,4514.87,14019.31,13.88,4.12,119.7937
2023-08-31,25922.51,4507.66,14034.97,13.57,4.09,120.225
2023-09-01,25802.02,4515.77,14031.81,13.09,4.18,120.759
2023-09-02,25871.43,NA,NA,NA,NA,NA
2023-09-03,25972.64,NA,NA,NA,NA,NA
2023-09-04,25814.79,NA,NA,13.82,NA,NA
2023-09-05,25778.03,4496.83,14020.95,14.01,4.27,121.4345
2023-09-06,25748.1,4465.48,13872.47,14.45,4.3,121.8671
2023-09-07,26267.36,4451.14,13748.83,14.4,4.27,121.9528
2023-09-08,25906.35,4457.49,13761.53,13.84,4.26,121.9475
2023-09-09,25898.48,NA,NA,NA,NA,NA
2023-09-10,25835.33,NA,NA,NA,NA,NA
2023-09-11,25161.68,4487.46,13917.91,13.8,4.29,121.3386
2023-09-12,25852.36,4461.9,13773.63,14.23,4.27,121.2913
2023-09-13,26216.13,4467.44,13813.59,13.48,4.25,121.0549
2023-09-14,26531.31,4505.1,13926.05,12.82,4.29,121.2395
2023-09-15,26620.02,4450.32,13708.33,13.79,4.33,121.199
2023-09-16,26569.87,NA,NA,NA,NA,NA
2023-09-17,26533.6,NA,NA,NA,NA,NA
2023-09-18,26767.54,4453.53,13710.24,14,4.32,121.1938
2023-09-19,27199.35,4443.95,13678.19,14.11,4.37,121.1645
2023-09-20,27119.41,4402.2,13469.13,15.14,4.35,120.9648
2023-09-21,26567.29,4330,13223.98,17.54,4.49,121.5528
2023-09-22,26582.63,4320.06,13211.81,17.2,4.44,121.5306
2023-09-23,26580.31,NA,NA,NA,NA,NA
2023-09-24,26229.29,NA,NA,NA,NA,NA
2023-09-25,26296.86,4337.44,13271.32,16.9,4.55,122.1143
2023-09-26,26200.13,4273.53,13063.61,18.94,4.56,122.4742
2023-09-27,26351.82,4274.51,13092.85,18.22,4.61,122.9895
2023-09-28,27035.82,4299.7,13201.28,17.34,4.59,122.5342
2023-09-29,26900.3,4288.05,13219.32,17.52,4.59,122.3077
2023-09-30,26959.4,NA,NA,NA,NA,NA
2023-10-01,27994.89,NA,NA,NA,NA,NA
2023-10-02,27517.12,4288.39,13307.77,17.61,4.69,123.0545
2023-10-03,27421.92,4229.45,13059.47,19.78,4.81,123.7848
2023-10-04,27782.29,4263.75,13236.01,18.58,4.73,123.5946
2023-10-05,27419.39,4258.19,13219.83,18.49,4.72,123.8993
2023-10-06,27949.12,4308.5,13431.34,17.45,4.78,123.3563
2023-10-07,27974.08,NA,NA,NA,NA,NA
2023-10-08,27937.62,NA,NA,NA,NA,NA
2023-10-09,27587.43,4335.66,13484.24,17.7,NA,NA
2023-10-10,27391.73,4358.24,13562.84,17.03,4.66,122.9282
2023-10-11,26851.85,4376.95,13659.68,16.09,4.58,122.7697
2023-10-12,26745.5,4349.61,13574.22,16.69,4.7,123.2101
2023-10-13,26859.1,4327.78,13407.23,19.32,4.63,123.5954
2023-10-14,26857.29,NA,NA,NA,NA,NA
2023-10-15,27155.34,NA,NA,NA,NA,NA
2023-10-16,28534.29,4373.63,13567.98,17.21,4.71,123.3185
2023-10-17,28408.19,4373.2,13533.75,17.88,4.83,123.1202
2023-10-18,28309.35,4314.6,13314.3,19.22,4.91,123.8148
2023-10-19,28734.51,4278,13186.18,21.4,4.98,123.798
2023-10-20,29686.66,4224.16,12983.81,21.71,4.93,123.612
2023-10-21,29929.08,NA,NA,NA,NA,NA
2023-10-22,29988.13,NA,NA,NA,NA,NA
2023-10-23,33106.86,4217.04,13018.33,20.37,4.86,123.2846
2023-10-24,33919.92,4247.68,13139.87,18.97,4.83,123.6416
2023-10-25,34489.91,4186.77,12821.22,20.19,4.95,123.7871
2023-10-26,34140,4137.23,12595.61,20.68,4.86,124.0064
2023-10-27,33905.16,4117.37,12643.01,21.27,4.84,123.62
2023-10-28,34071.32,NA,NA,NA,NA,NA
2023-10-29,34557.72,NA,NA,NA,NA,NA
2023-10-30,34485.49,4166.82,12789.48,19.75,4.88,123.4076
2023-10-31,34667.88,4193.8,12851.24,18.14,4.88,123.8364
2023-11-01,35469.43,4237.86,13061.47,16.87,4.77,123.7922
2023-11-02,34935.25,4317.78,13294.19,15.66,4.67,122.8818
2023-11-03,34735.91,4358.34,13478.28,14.91,4.57,121.7564
2023-11-04,35095,NA,NA,NA,NA,NA
2023-11-05,35015.86,NA,NA,NA,NA,NA
2023-11-06,35063.96,4365.98,13518.78,14.89,4.67,121.6484
2023-11-07,35420.95,4378.38,13639.86,14.81,4.58,122.0777
2023-11-08,35581.68,4382.78,13650.41,14.45,4.49,122.0926
2023-11-09,36669.3,4347.35,13521.45,15.29,4.62,122.1281
2023-11-10,37305.81,4415.24,13798.11,14.17,4.61,NA
2023-11-11,37156.47,NA,NA,NA,NA,NA
2023-11-12,37093.34,NA,NA,NA,NA,NA
2023-11-13,36470.45,4411.55,13767.74,14.76,4.63,122.4264
2023-11-14,35552.8,4495.7,14094.38,14.16,4.44,121.35
2023-11-15,37876.32,4502.88,14103.84,14.18,4.53,121.0749
2023-11-16,36150.03,4508.24,14113.67,14.32,4.45,121.1754
2023-11-17,36626.6,4514.02,14125.48,13.8,4.44,120.8477
2023-11-18,36595.55,NA,NA,NA,NA,NA
2023-11-19,37392.52,NA,NA,NA,NA,NA
2023-11-20,37476.08,4547.38,14284.53,13.41,4.42,120.2533
2023-11-21,35734.18,4538.19,14199.98,13.35,4.41,120.2241
2023-11-22,37443.86,4556.62,14265.86,12.85,4.42,120.6802
2023-11-23,37298,NA,NA,12.8,NA,NA
2023-11-24,37745.94,4559.34,14250.85,12.46,4.47,120.2105
2023-11-25,37801.75,NA,NA,NA,NA,NA
2023-11-26,37470.52,NA,NA,NA,NA,NA
2023-11-27,37244.39,4550.43,14241.02,12.69,4.39,120.173
2023-11-28,37840.46,4554.89,14281.76,12.69,4.34,119.5904
2023-11-29,37864.76,4550.58,14258.49,12.98,4.27,119.8159
2023-11-30,37743,4567.8,14226.22,12.92,4.37,120.2434
2023-12-01,38714,4594.63,14305.03,12.63,4.22,119.9424
2023-12-02,39467.65,NA,NA,NA,NA,NA
2023-12-03,40028.84,NA,NA,NA,NA,NA
2023-12-04,41856.31,4569.78,14185.49,13.08,4.28,120.4727
2023-12-05,44060.06,4567.18,14229.91,12.85,4.18,120.7913
2023-12-06,43778.51,4549.34,14146.71,12.97,4.12,120.5334
2023-12-07,43305.91,4585.59,14339.99,13.06,4.14,120.6013
2023-12-08,44223.94,4604.37,14403.97,12.35,4.23,120.7607
2023-12-09,43734.7,NA,NA,NA,NA,NA
2023-12-10,43773.63,NA,NA,NA,NA,NA
2023-12-11,41205.53,4622.44,14432.49,12.63,4.23,120.9279
2023-12-12,41452.65,4643.7,14533.4,12.07,4.2,120.6817
2023-12-13,42927.11,4707.09,14733.96,12.19,4.04,121.1571
2023-12-14,43031.34,4719.55,14761.56,12.48,3.92,119.5683
2023-12-15,41939.81,4719.19,14813.92,12.28,3.91,119.7382
2023-12-16,42230,NA,NA,NA,NA,NA
2023-12-17,41387.55,NA,NA,NA,NA,NA
2023-12-18,42638.28,4740.56,14905.19,12.56,3.95,119.9102
2023-12-19,42252.2,4768.37,15003.22,12.53,3.93,119.4632
2023-12-20,43647.01,4698.35,14777.94,13.67,3.86,119.5435
2023-12-21,43876.98,4746.75,14963.87,13.65,3.89,119.3168
2023-12-22,44015.6,4754.63,14992.97,13.03,3.9,119.0625
2023-12-23,43715.59,NA,NA,NA,NA,NA
2023-12-24,43006.55,NA,NA,NA,NA,NA
2023-12-25,43603.68,NA,NA,NA,NA,NA
2023-12-26,42520.26,4774.75,15074.57,12.99,3.89,118.8875
2023-12-27,43444.45,4781.58,15099.18,12.43,3.79,118.4729
2023-12-28,42613.04,4783.35,15095.14,12.47,3.84,118.4104
2023-12-29,42056.3,4769.83,15011.35,12.45,3.88,118.4208
2023-12-30,42164.76,NA,NA,NA,NA,NA
2023-12-31,42300.78,NA,NA,NA,NA,NA
2024-01-01,44229.57,NA,NA,NA,NA,NA
2024-01-02,45030.04,4742.83,14765.94,13.2,3.95,119.2686
2024-01-03,42836.3,4704.81,14592.21,14.04,3.91,119.6958
2024-01-04,44230.11,4688.68,14510.3,14.13,3.99,119.6208
2024-01-05,44174.5,4697.24,14524.07,13.35,4.05,119.388
2024-01-06,44000,NA,NA,NA,NA,NA
2024-01-07,43923.68,NA,NA,NA,NA,NA
2024-01-08,47000.31,4763.54,14843.77,13.08,4.01,119.2506
2024-01-09,46103,4756.5,14857.71,12.76,4.02,119.6666
2024-01-10,46590.34,4783.45,14969.65,12.69,4.04,119.7614
2024-01-11,46324.98,4780.24,14970.19,12.44,3.98,119.8916
2024-01-12,42797.41,4783.83,14972.76,12.7,3.96,119.534
2024-01-13,42829.8,NA,NA,NA,NA,NA
2024-01-14,41715.82,NA,NA,NA,NA,NA
2024-01-15,42500,NA,NA,13.25,NA,NA
2024-01-16,43152.59,4765.98,14944.35,13.84,4.07,120.5759
2024-01-17,42705.07,4739.21,14855.62,14.79,4.1,121.0402
2024-01-18,41234.95,4780.94,15055.65,14.13,4.14,120.8895
2024-01-19,41633.68,4839.81,15310.97,13.3,4.15,120.6442
2024-01-20,41664.79,NA,NA,NA,NA,NA
2024-01-21,41565.85,NA,NA,NA,NA,NA
2024-01-22,39547.64,4850.43,15360.29,13.19,4.11,120.6178
2024-01-23,39866.78,4864.6,15425.94,12.55,4.14,121.1001
2024-01-24,40051.8,4868.55,15481.92,13.14,4.18,120.4916
2024-01-25,39944.5,4894.16,15510.5,13.45,4.14,120.8311
2024-01-26,41792.29,4890.97,15455.36,13.26,4.15,120.6173
2024-01-27,42144.13,NA,NA,NA,NA,NA
2024-01-28,41991.74,NA,NA,NA,NA,NA
2024-01-29,43272.35,4927.93,15628.04,13.6,4.08,120.8538
2024-01-30,42985.96,4924.97,15509.9,13.31,4.06,120.6025
2024-01-31,42599.49,4845.65,15164.01,14.35,3.99,120.4331
2024-02-01,43090.14,4906.19,15361.64,13.88,3.87,120.3335
2024-02-02,43187.41,4958.61,15628.95,13.85,4.03,120.902
2024-02-03,42987.78,NA,NA,NA,NA,NA
2024-02-04,42566.63,NA,NA,NA,NA,NA
2024-02-05,42654.6,4942.81,15597.68,13.67,4.17,121.349
2024-02-06,43093.37,4954.23,15609,13.06,4.09,120.9588
2024-02-07,44393.14,4995.06,15756.64,12.83,4.09,120.9049
2024-02-08,45345.8,4997.91,15793.71,12.79,4.15,121.0798
2024-02-09,47154.45,5026.61,15990.66,12.93,4.17,121.039
2024-02-10,47798.39,NA,NA,NA,NA,NA
2024-02-11,48312.28,NA,NA,NA,NA,NA
2024-02-12,49961,5021.84,15942.55,13.93,4.17,120.9378
2024-02-13,49691.47,4953.17,15655.6,15.85,4.31,121.5202
2024-02-14,51833.46,5000.62,15859.15,14.38,4.27,121.4002
2024-02-15,51935.86,5029.73,15906.17,14.01,4.24,121.2121
2024-02-16,52181.12,5005.57,15775.65,14.24,4.3,121.1505
2024-02-17,51677.7,NA,NA,NA,NA,NA
2024-02-18,52160.7,NA,NA,NA,NA,NA
2024-02-19,51766.22,NA,NA,14.71,NA,NA
2024-02-20,52284.38,4975.51,15630.78,15.42,4.27,121.0199
2024-02-21,51833.99,4981.8,15580.87,15.34,4.32,121.0379
2024-02-22,51262.51,5087.03,16041.62,14.54,4.33,121.102
2024-02-23,50751.19,5088.8,15996.82,13.75,4.26,121.0369
2024-02-24,51553.18,NA,NA,NA,NA,NA
2024-02-25,51729.95,NA,NA,NA,NA,NA
2024-02-26,54559,5069.53,15976.25,13.74,4.28,121.0592
2024-02-27,57064.29,5078.18,16035.3,13.43,4.31,120.9647
2024-02-28,62479.39,5069.76,15947.74,13.84,4.27,121.128
2024-02-29,61240.13,5096.27,16091.92,13.4,4.25,121.1824
2024-03-01,62468.47,5137.08,16274.94,13.11,4.19,121.0111
2024-03-02,62026.06,NA,NA,NA,NA,NA
2024-03-03,63209.21,NA,NA,NA,NA,NA
2024-03-04,68277.61,5130.95,16207.51,13.49,4.22,120.872
2024-03-05,63893.71,5078.65,15939.59,14.46,4.13,120.8846
2024-03-06,66092.71,5104.76,16031.54,14.5,4.11,120.4649
2024-03-07,66914.79,5157.36,16273.38,14.44,4.09,120.1909
2024-03-08,68313.7,5123.69,16085.11,14.74,4.09,119.975
2024-03-09,68503.25,NA,NA,NA,NA,NA
2024-03-10,68997.88,NA,NA,NA,NA,NA
2024-03-11,72202.19,5117.94,16019.27,15.22,4.1,120.0394
2024-03-12,71471.62,5175.27,16265.64,13.84,4.16,120.1668
2024-03-13,73098.48,5165.31,16177.77,13.75,4.19,119.9642
2024-03-14,71456.55,5150.48,16128.53,14.4,4.29,120.241
2024-03-15,69492.42,5117.09,15973.17,14.41,4.31,120.4003
2024-03-16,65521.12,NA,NA,NA,NA,NA
2024-03-17,68360.1,NA,NA,NA,NA,NA
2024-03-18,67566.95,5149.42,16103.45,14.33,4.34,120.5752
2024-03-19,61977.96,5178.51,16166.79,13.82,4.3,120.9332
2024-03-20,67862.33,5224.62,16369.41,13.04,4.27,120.9289
2024-03-21,65505.11,5241.53,16401.84,12.92,4.27,120.8086
2024-03-22,63712.44,5234.18,16428.82,13.06,4.22,121.1842
2024-03-23,64032.45,NA,NA,NA,NA,NA
2024-03-24,67297.56,NA,NA,NA,NA,NA
2024-03-25,69914.45,5218.19,16384.47,13.19,4.25,121.0295
2024-03-26,69976.26,5203.58,16315.7,13.24,4.24,121.0742
2024-03-27,69372.26,5248.49,16399.52,12.78,4.2,121.0089
2024-03-28,70770.78,5254.35,16379.46,13.01,4.2,121.0635
2024-03-29,69933.54,NA,NA,NA,NA,121.0191
2024-03-30,69654.17,NA,NA,NA,NA,NA
2024-03-31,71213.11,NA,NA,NA,NA,NA
2024-04-01,69702.13,5243.77,16396.83,13.65,4.33,121.5151
2024-04-02,65478.7,5205.81,16240.45,14.61,4.36,121.3035
2024-04-03,65982.23,5211.49,16277.46,14.33,4.36,121.0198
2024-04-04,68415.92,5147.21,16049.08,16.35,4.31,120.7613
2024-04-05,67878.68,5204.34,16248.52,16.03,4.39,120.9646
2024-04-06,68946.12,NA,NA,NA,NA,NA
2024-04-07,69344.77,NA,NA,NA,NA,NA
2024-04-08,71607.88,5202.39,16253.96,15.19,4.42,120.7359
2024-04-09,69100.81,5209.91,16306.64,14.98,4.36,120.7048
2024-04-10,70554.77,5160.64,16170.36,15.8,4.55,121.5727
2024-04-11,70001.36,5199.06,16442.2,14.91,4.56,121.6081
2024-04-12,67107.27,5123.41,16175.09,17.31,4.5,122.2885
2024-04-13,64034,NA,NA,NA,NA,NA
2024-04-14,65643.19,NA,NA,NA,NA,NA
2024-04-15,63359.28,5061.82,15885.02,19.23,4.63,122.425
2024-04-16,63840,5051.41,15865.25,18.4,4.67,123.1234
2024-04-17,61267.8,5022.21,15683.37,18.21,4.59,123.0207
2024-04-18,63447.36,5011.12,15601.5,18,4.64,123.0017
2024-04-19,63836.5,4967.23,15282.01,18.71,4.62,123.1075
2024-04-20,64905.95,NA,NA,NA,NA,NA
2024-04-21,64950.7,NA,NA,NA,NA,NA
2024-04-22,66828.83,5010.6,15451.31,16.94,4.62,123.0609
2024-04-23,66472.3,5070.55,15696.64,15.69,4.61,122.7227
2024-04-24,64198.5,5071.63,15712.75,15.97,4.65,122.89
2024-04-25,64510.14,5048.42,15611.76,15.37,4.7,122.8384
2024-04-26,63747.32,5099.96,15927.9,15.03,4.67,122.9471
2024-04-27,63445.48,NA,NA,NA,NA,NA
2024-04-28,62991.27,NA,NA,NA,NA,NA
2024-04-29,63804.4,5116.17,15983.08,14.67,4.63,122.5449
2024-04-30,60690.8,5035.69,15657.82,15.65,4.69,122.9853
2024-05-01,58278.09,5018.39,15605.48,15.39,4.63,123.0168
2024-05-02,59071.21,5064.2,15840.96,14.68,4.58,122.4384
2024-05-03,62855.86,5127.79,16156.33,13.49,4.5,122.1375
2024-05-04,63994.27,NA,NA,NA,NA,NA
2024-05-05,64058.54,NA,NA,NA,NA,NA
2024-05-06,63145.67,5180.74,16349.25,13.49,4.49,121.8913
2024-05-07,62344.02,5187.7,16332.56,13.23,4.47,122.093
2024-05-08,61156.89,5187.67,16302.76,13,4.48,122.1926
2024-05-09,63088.62,5214.08,16346.26,12.69,4.45,122.1634
2024-05-10,60801.1,5222.68,16340.87,12.55,4.5,122.014
2024-05-11,60790.01,NA,NA,NA,NA,NA
2024-05-12,61493.64,NA,NA,NA,NA,NA
2024-05-13,62909.03,5221.42,16388.24,13.6,4.48,122.0261
2024-05-14,61558.14,5246.68,16511.18,13.42,4.45,121.9256
2024-05-15,66293.39,5308.15,16742.39,12.45,4.36,121.3543
2024-05-16,65282.62,5297.1,16698.32,12.42,4.38,121.2236
2024-05-17,66941.22,5303.27,16685.97,11.99,4.42,121.2354
2024-05-18,66982.74,NA,NA,NA,NA,NA
2024-05-19,66267.1,NA,NA,NA,NA,NA
2024-05-20,71466.21,5308.13,16794.87,12.15,4.44,121.2289
2024-05-21,70191.19,5321.41,16832.62,11.86,4.41,121.3793
2024-05-22,69145.91,5307.01,16801.54,12.29,4.43,121.5462
2024-05-23,67903.82,5267.84,16736.03,12.77,4.47,121.7477
2024-05-24,68567.61,5304.72,16920.79,11.93,4.46,121.6172
2024-05-25,69304.6,NA,NA,NA,NA,NA
2024-05-26,68474.6,NA,NA,NA,NA,NA
2024-05-27,69363.83,NA,NA,12.36,NA,NA
2024-05-28,68350.32,5306.04,17019.88,12.92,4.54,121.43
2024-05-29,67573.57,5266.95,16920.58,14.28,4.61,122.1641
2024-05-30,68356.11,5235.48,16737.08,14.47,4.55,121.9601
2024-05-31,67506.03,5277.51,16735.02,12.92,4.51,122.098
2024-06-01,67719.96,NA,NA,NA,NA,NA
2024-06-02,67721.84,NA,NA,NA,NA,NA
2024-06-03,68794.57,5283.4,16828.67,13.11,4.41,122.3509
2024-06-04,70596.56,5291.34,16857.05,13.16,4.33,122.7256
2024-06-05,71164.39,5354.03,17187.9,12.63,4.29,122.5339
2024-06-06,70770.7,5352.96,17173.12,12.58,4.28,122.3713
2024-06-07,69283.58,5346.99,17133.13,12.22,4.43,123.549
2024-06-08,69305.9,NA,NA,NA,NA,NA
2024-06-09,69654.99,NA,NA,NA,NA,NA
2024-06-10,69490.62,5360.79,17192.53,12.74,4.47,123.9125
2024-06-11,67316.44,5375.32,17343.55,12.85,4.39,124.0349
2024-06-12,68270.98,5421.03,17608.44,12.04,4.31,123.8295
2024-06-13,66764.3,5433.74,17667.56,11.94,4.24,124.0235
2024-06-14,66022.42,5431.6,17688.88,12.66,4.2,124.1694
2024-06-15,66154.97,NA,NA,NA,NA,NA
2024-06-16,66613.62,NA,NA,NA,NA,NA
2024-06-17,66517.55,5473.23,17857.02,12.75,4.28,124.239
2024-06-18,65126.6,5487.03,17862.23,12.3,4.22,123.9776
2024-06-19,64903.53,NA,NA,12.48,NA,NA
2024-06-20,64842.53,5473.17,17721.59,13.28,4.25,124.192
2024-06-21,64136.38,5464.62,17689.36,13.2,4.25,124.1086
2024-06-22,64258.23,NA,NA,NA,NA,NA
2024-06-23,63214.36,NA,NA,NA,NA,NA
2024-06-24,60236.01,5447.87,17496.82,13.33,4.25,123.7125
2024-06-25,61820.98,5469.3,17717.65,12.84,4.23,123.9417
2024-06-26,60794.33,5477.9,17805.16,12.55,4.32,124.26
2024-06-27,61622.64,5482.87,17858.68,12.24,4.29,124.3379
2024-06-28,60322.28,5460.48,17732.6,12.44,4.36,124.2103
2024-06-29,60890.24,NA,NA,NA,NA,NA
2024-06-30,62678.1,NA,NA,NA,NA,NA
2024-07-01,62870.34,5475.09,17879.3,12.22,4.48,124.4667
2024-07-02,62056.54,5509.01,18028.76,12.03,4.43,124.2917
2024-07-03,60187.34,5537.02,18188.3,12.09,4.36,123.7768
2024-07-04,57171.19,NA,NA,12.26,NA,NA
2024-07-05,56624.69,5567.19,18352.76,12.48,4.28,123.4762
2024-07-06,58219.33,NA,NA,NA,NA,NA
2024-07-07,55913.47,NA,NA,NA,NA,NA
2024-07-08,56684.73,5572.85,18403.74,12.37,4.28,123.3576
2024-07-09,57995.57,5576.98,18429.29,12.51,4.3,123.4071
2024-07-10,57653.32,5633.91,18647.45,12.85,4.28,123.1895
2024-07-11,57384.82,5584.54,18283.41,12.92,4.2,122.769
2024-07-12,57910.59,5615.35,18398.45,12.46,4.18,122.4404
2024-07-13,59251.21,NA,NA,NA,NA,NA
2024-07-14,60798.13,NA,NA,NA,NA,NA
2024-07-15,64772.57,5631.22,18472.57,13.12,4.23,122.6347
2024-07-16,65045.81,5667.2,18509.34,13.19,4.17,122.7264
2024-07-17,64157.33,5588.27,17996.92,14.48,4.16,122.518
2024-07-18,63999.59,5544.59,17871.22,15.93,4.2,122.7909
2024-07-19,66771.26,5505,17726.94,16.52,4.25,123.147
2024-07-20,67216.19,NA,NA,NA,NA,NA
2024-07-21,68239.64,NA,NA,NA,NA,NA
2024-07-22,67585.54,5564.41,18007.57,14.91,4.26,123.2172
2024-07-23,65923.74,5555.74,17997.35,14.72,4.25,123.3843
2024-07-24,65430.69,5427.13,17342.41,18.04,4.28,123.5575
2024-07-25,65816.21,5399.22,17181.72,18.46,4.27,123.5286
2024-07-26,67929.7,5459.1,17357.88,16.39,4.2,123.672
2024-07-27,67805.48,NA,NA,NA,NA,NA
2024-07-28,68274.59,NA,NA,NA,NA,NA
2024-07-29,66827.89,5463.54,17370.2,16.6,4.17,124.1392
2024-07-30,66200.81,5436.44,17147.42,17.69,4.15,124.2855
2024-07-31,64607.71,5522.3,17599.4,16.36,4.09,123.6373
2024-08-01,65342.4,5446.68,17194.15,18.59,3.99,123.8693
2024-08-02,61466.66,5346.56,16776.16,23.39,3.8,123.4681
2024-08-03,60631.11,NA,NA,NA,NA,NA
2024-08-04,58181.05,NA,NA,NA,NA,NA
2024-08-05,54025.9,5186.33,16200.08,38.57,3.78,123.5787
2024-08-06,56096.88,5240.03,16366.85,27.71,3.9,123.6532
2024-08-07,55100.98,5199.5,16195.81,27.85,3.96,123.5698
2024-08-08,61644.69,5319.31,16660.02,23.79,3.99,123.4466
2024-08-09,60818.65,5344.16,16745.3,20.37,3.94,122.9276
2024-08-10,60941.77,NA,NA,NA,NA,NA
2024-08-11,58732.95,NA,NA,NA,NA,NA
2024-08-12,59337.91,5344.39,16780.61,20.71,3.9,123.2204
2024-08-13,60596.01,5434.43,17187.61,18.12,3.85,123.0146
2024-08-14,58779.3,5455.21,17192.6,16.19,3.83,122.4297
2024-08-15,57502.3,5543.22,17594.5,15.23,3.92,122.5844
2024-08-16,58879.72,5554.25,17631.72,14.8,3.89,122.3972
2024-08-17,59477.15,NA,NA,NA,NA,NA
2024-08-18,58448.05,NA,NA,NA,NA,NA
2024-08-19,59469.51,5608.25,17876.77,14.65,3.86,121.8788
2024-08-20,59062.49,5597.12,17816.94,15.88,3.82,121.7728
2024-08-21,61193.87,5620.85,17918.99,16.27,3.79,121.8535
2024-08-22,60378.7,5570.64,17619.35,17.55,3.86,122.3626
2024-08-23,64130.87,5634.61,17877.79,15.86,3.81,121.4597
2024-08-24,64157.87,NA,NA,NA,NA,NA
2024-08-25,64286.9,NA,NA,NA,NA,NA
2024-08-26,62838.55,5616.84,17725.76,16.15,3.82,121.6943
2024-08-27,59398.77,5625.8,17754.82,15.43,3.83,121.8672
2024-08-28,59024,5592.18,17556.03,17.11,3.84,121.8943
2024-08-29,59371.27,5591.96,17516.43,15.65,3.87,122.2333
2024-08-30,59113.86,5648.4,17713.62,15,3.91,122.3262
2024-08-31,58956.52,NA,NA,NA,NA,NA
2024-09-01,57347.49,NA,NA,NA,NA,NA
2024-09-02,59140.6,NA,NA,15.55,NA,NA
2024-09-03,57474.64,5528.93,17136.3,20.72,3.84,122.7811
2024-09-04,57994.01,5520.07,17084.3,21.32,3.77,122.5144
2024-09-05,56152.01,5503.41,17127.66,19.9,3.73,122.4533
2024-09-06,53930.39,5408.42,16690.83,22.38,3.72,122.4991
2024-09-07,54178.64,NA,NA,NA,NA,NA
2024-09-08,57053.9,NA,NA,NA,NA,NA
2024-09-09,57645.59,5471.05,16884.6,19.45,3.7,122.7156
2024-09-10,57352.79,5495.52,17025.88,19.08,3.65,123.0071
2024-09-11,58137.54,5554.13,17395.53,17.69,3.65,122.7754
2024-09-12,60543.35,5595.76,17569.68,17.07,3.68,122.4423
2024-09-13,60012.35,5626.02,17683.98,16.56,3.66,121.6551
2024-09-14,59122.33,NA,NA,NA,NA,NA
2024-09-15,58208.75,NA,NA,NA,NA,NA
2024-09-16,60312.6,5633.09,17592.13,17.14,3.63,121.4976
2024-09-17,61769.18,5634.58,17628.06,17.61,3.65,121.6031
2024-09-18,62960.14,5618.26,17573.3,18.23,3.7,121.5618
2024-09-19,63210.69,5713.64,18013.98,16.33,3.73,121.3059
2024-09-20,63362.74,5702.55,17948.32,16.15,3.73,121.4052
2024-09-21,63577.66,NA,NA,NA,NA,NA
2024-09-22,63338.87,NA,NA,NA,NA,NA
2024-09-23,64272.93,5718.57,17974.27,15.89,3.75,121.4303
2024-09-24,63130.89,5732.93,18074.52,15.39,3.74,121.1291
2024-09-25,65177.21,5722.26,18082.21,15.41,3.79,121.4447
2024-09-26,65789,5745.37,18190.29,15.37,3.79,121.0785
2024-09-27,65858.99,5738.17,18119.59,16.96,3.75,121.1111
2024-09-28,65600.01,NA,NA,NA,NA,NA
2024-09-29,63301.25,NA,NA,NA,NA,NA
2024-09-30,60790,5762.48,18189.17,16.73,3.81,121.2864
2024-10-01,60631.37,5708.75,17910.36,19.26,3.74,121.6881
2024-10-02,60744.99,5709.54,17925.12,18.9,3.79,121.5724
2024-10-03,62090.71,5699.94,17918.48,20.49,3.85,122.1197
2024-10-04,62051.29,5751.07,18137.85,19.21,3.98,122.2197
2024-10-05,62810.86,NA,NA,NA,NA,NA
2024-10-06,62200.28,NA,NA,NA,NA,NA
2024-10-07,62122.02,5695.94,17923.9,22.64,4.03,122.4241
2024-10-08,60578.28,5751.13,18182.92,21.42,4.04,122.6625
2024-10-09,60279.53,5792.04,18291.62,20.86,4.06,122.8821
2024-10-10,62518.75,5780.05,18282.05,20.93,4.09,123.0951
2024-10-11,63187.47,5815.03,18342.94,20.46,4.08,122.9805
2024-10-12,62845.3,NA,NA,NA,NA,NA
2024-10-13,66065.65,NA,NA,NA,NA,NA
2024-10-14,67056.6,5859.85,18502.69,19.7,NA,NA
2024-10-15,67608.44,5815.26,18315.59,20.64,4.03,123.5124
2024-10-16,67402.33,5842.47,18367.08,19.58,4.02,123.9235
2024-10-17,68426.11,5841.47,18373.61,19.11,4.09,124.1122
2024-10-18,68363.73,5864.67,18489.55,18.03,4.08,123.9185
2024-10-19,69014.86,NA,NA,NA,NA,NA
2024-10-20,67346.15,NA,NA,NA,NA,NA
2024-10-21,67380.08,5853.98,18540,18.37,4.19,124.4757
2024-10-22,66601.11,5851.2,18573.13,18.2,4.2,124.4107
2024-10-23,68156.84,5797.42,18276.65,19.24,4.24,124.6931
2024-10-24,66564.51,5809.86,18415.49,19.08,4.21,124.5127
2024-10-25,67012.56,5808.12,18518.61,20.33,4.25,124.6105
2024-10-26,67943.19,NA,NA,NA,NA,NA
2024-10-27,69924.5,NA,NA,NA,NA,NA
2024-10-28,72724.35,5823.52,18567.19,19.8,4.28,124.8076
2024-10-29,72322.91,5832.92,18712.75,19.34,4.28,124.8612
2024-10-30,70197.83,5813.67,18607.93,20.35,4.29,124.8153
2024-10-31,69467.29,5705.45,18095.15,23.16,4.28,124.7988
2024-11-01,69358.94,5728.8,18239.92,21.88,4.37,124.8076
2024-11-02,68738.18,NA,NA,NA,NA,NA
2024-11-03,67807.48,NA,NA,NA,NA,NA
2024-11-04,69380.73,5712.69,18179.98,21.98,4.31,124.5903
2024-11-05,75646.55,5782.76,18439.17,20.49,4.26,124.5532
2024-11-06,75920,5929.04,18983.47,16.27,4.42,125.7035
2024-11-07,76566.73,5973.1,19269.46,15.2,4.31,124.775
2024-11-08,76716.06,5995.54,19286.78,14.94,4.3,125.5811
2024-11-09,80428.92,NA,NA,NA,NA,NA
2024-11-10,88770.73,NA,NA,NA,NA,NA
2024-11-11,88035.43,6001.35,19298.76,14.97,NA,NA
2024-11-12,90493.82,5983.99,19281.4,14.71,4.43,126.7762
2024-11-13,87340.4,5985.38,19230.73,14.02,4.44,126.9572
2024-11-14,91058.36,5949.17,19107.65,14.31,4.43,127.0015
2024-11-15,90636.24,5870.62,18680.12,16.14,4.43,126.8848
2024-11-16,89886.69,NA,NA,NA,NA,NA
2024-11-17,90520.3,NA,NA,NA,NA,NA
2024-11-18,92435.89,5893.62,18791.81,15.58,4.42,126.6045
2024-11-19,94393.15,5916.98,18987.47,16.35,4.39,126.3994
2024-11-20,98439.09,5917.11,18966.14,17.16,4.41,126.88
2024-11-21,99024.03,5948.71,18972.42,16.87,4.43,127.1047
2024-11-22,97778.77,5969.34,19003.65,15.24,4.41,127.4712
2024-11-23,98028.18,NA,NA,NA,NA,NA
2024-11-24,93000.01,NA,NA,NA,NA,NA
2024-11-25,91929.54,5987.37,19054.84,14.6,4.27,126.9948
2024-11-26,95951.19,6021.63,19175.58,14.1,4.3,127.4301
2024-11-27,95665.53,5998.74,19060.48,14.1,4.25,126.8205
2024-11-28,97490.56,NA,NA,13.9,NA,NA
2024-11-29,96465.42,6032.38,19218.17,13.51,4.18,126.5798
2024-11-30,97263.18,NA,NA,NA,NA,NA
2024-12-01,95862.89,NA,NA,NA,NA,NA
2024-12-02,95924.52,6047.15,19403.95,13.34,4.19,127.1272
2024-12-03,98746.24,6049.88,19480.91,13.3,4.23,126.9565
2024-12-04,97044.23,6086.49,19735.12,13.45,4.19,126.7574
2024-12-05,99891.35,6075.11,19700.72,13.54,4.17,126.4286
2024-12-06,99929.32,6090.27,19859.77,12.77,4.15,126.688
2024-12-07,101174.99,NA,NA,NA,NA,NA
2024-12-08,97324.81,NA,NA,NA,NA,NA
2024-12-09,96660.76,6052.85,19736.69,14.19,4.2,126.5981
2024-12-10,101202.11,6034.91,19687.24,14.18,4.22,126.957
2024-12-11,100030.47,6084.19,20034.89,13.58,4.26,126.8483
2024-12-12,101428.75,6051.25,19902.84,13.92,4.32,126.9556
2024-12-13,101399.99,6051.09,19926.72,13.81,4.4,127.3096
2024-12-14,104447.76,NA,NA,NA,NA,NA
2024-12-15,106099.81,NA,NA,NA,NA,NA
2024-12-16,106136.99,6074.08,20173.89,14.69,4.39,127.2687
2024-12-17,100150.73,6050.61,20109.06,15.87,4.4,127.5043
2024-12-18,97372.21,5872.16,19392.69,27.62,4.5,127.6418
2024-12-19,97765,5867.08,19372.77,24.09,4.57,128.6366
2024-12-20,97230.08,5930.85,19572.6,18.36,4.52,127.893
2024-12-21,95087.75,NA,NA,NA,NA,NA
2024-12-22,94764.56,NA,NA,NA,NA,NA
2024-12-23,98594.47,5974.07,19764.89,16.78,4.59,128.3021
2024-12-24,99346.28,6040.04,20031.13,14.27,4.59,128.3377
2024-12-25,95669.49,NA,NA,NA,NA,NA
2024-12-26,94171.89,6037.59,20020.36,14.73,4.58,128.3329
2024-12-27,95130.82,5970.84,19722.03,15.95,4.62,128.45
2024-12-28,93563.35,NA,NA,NA,NA,NA
2024-12-29,92620.71,NA,NA,NA,NA,NA
2024-12-30,93354.22,5906.94,19486.78,17.4,4.55,128.8205
2024-12-31,94383.59,5881.63,19310.79,17.35,4.58,129.2775
2025-01-01,96903.19,NA,NA,NA,NA,NA
2025-01-02,98136.51,5868.55,19280.79,17.93,4.57,129.4598
2025-01-03,98209.85,5942.47,19621.68,16.13,4.6,129.4535
2025-01-04,98345.33,NA,NA,NA,NA,NA
2025-01-05,102279.41,NA,NA,NA,NA,NA
2025-01-06,96941.98,5975.38,19864.98,16.04,4.62,128.538
2025-01-07,95036.63,5909.03,19489.68,17.82,4.67,128.613
2025-01-08,92547.44,5918.25,19478.88,17.7,4.67,129.0785
2025-01-09,94701.18,NA,NA,18.07,4.68,129.2827
2025-01-10,94565.02,5827.04,19161.63,19.54,4.77,129.8664
2025-01-11,94509.62,NA,NA,NA,NA,NA
2025-01-12,94506.45,NA,NA,NA,NA,NA
2025-01-13,96534.96,5836.22,19088.1,19.19,4.79,130.0413
2025-01-14,100510.23,5842.91,19044.39,18.71,4.78,129.3812
2025-01-15,99981.78,5949.91,19511.23,16.12,4.66,129.2092
2025-01-16,104107,5937.34,19338.29,16.6,4.61,129.436
2025-01-17,104435,5996.66,19630.2,15.97,4.61,129.4859
2025-01-18,101211.13,NA,NA,NA,NA,NA
2025-01-19,102145.43,NA,NA,NA,NA,NA
2025-01-20,106159.26,NA,NA,15.81,NA,NA
2025-01-21,103667.11,6049.24,19756.78,15.06,4.57,128.4151
2025-01-22,103926.36,6086.37,20009.34,15.1,4.6,128.3402
2025-01-23,104850.27,6118.71,20053.68,15.02,4.65,128.2162
2025-01-24,104733.56,6101.24,19954.3,14.85,4.63,127.4611
2025-01-25,102563,NA,NA,NA,NA,NA
2025-01-26,102062.42,NA,NA,NA,NA,NA
2025-01-27,101290,6012.28,19341.83,17.9,4.53,128.0912
2025-01-28,103747.25,6067.7,19733.59,16.41,4.55,128.2817
2025-01-29,104742.64,6039.31,19632.32,16.56,4.55,128.3418
2025-01-30,102411.26,6071.17,19681.75,15.84,4.52,128.1004
2025-01-31,100623.85,6040.53,19627.44,16.43,4.58,128.4828
2025-02-01,97676.52,NA,NA,NA,NA,NA
2025-02-02,101460.2,NA,NA,NA,NA,NA
2025-02-03,97795.05,5994.57,19391.96,18.62,4.54,129.109
2025-02-04,96638.33,6037.88,19654.02,17.21,4.52,128.1083
2025-02-05,96564.62,6061.48,19692.33,15.77,4.43,127.9751
2025-02-06,96537.08,6083.57,19791.99,15.5,4.45,128.2017
2025-02-07,96476.25,6025.99,19523.4,16.54,4.49,128.4292
2025-02-08,96475.82,NA,NA,NA,NA,NA
2025-02-09,97444.41,NA,NA,NA,NA,NA
2025-02-10,95774.08,6066.44,19714.27,15.81,4.51,128.6382
2025-02-11,97862.53,6068.5,19643.86,16.02,4.54,128.4322
2025-02-12,96625.29,6051.97,19649.95,15.89,4.62,128.3288
2025-02-13,97509.03,6115.07,19945.64,15.1,4.52,127.8931
2025-02-14,97596.94,6114.63,20026.77,14.77,4.47,127.1491
2025-02-15,96119.88,NA,NA,NA,NA,NA
2025-02-16,95781.8,NA,NA,NA,NA,NA
2025-02-17,95607.4,NA,NA,15.37,NA,NA
2025-02-18,96632.03,6129.58,20041.26,15.35,4.55,127.2906
2025-02-19,98347.2,6144.15,20056.25,15.27,4.53,127.7317
2025-02-20,96157.03,6117.52,19962.36,15.66,4.5,127.1126
2025-02-21,96582.12,6013.13,19524.01,18.21,4.42,127.1408
2025-02-22,96265.98,NA,NA,NA,NA,NA
2025-02-23,91510.82,NA,NA,NA,NA,NA
2025-02-24,88583.74,5983.25,19286.92,18.98,4.4,127.1921
2025-02-25,84111.78,5955.25,19026.39,19.43,4.3,127.3752
2025-02-26,84625.19,5956.06,19075.26,19.1,4.25,127.2822
2025-02-27,84297.73,5861.57,18544.42,21.13,4.29,127.9704
2025-02-28,86018.76,5954.5,18847.28,19.63,4.24,128.2805
2025-03-01,94265.48,NA,NA,NA,NA,NA
2025-03-02,86161.1,NA,NA,NA,NA,NA
2025-03-03,87249.96,5849.72,18350.19,22.78,4.16,127.75
2025-03-04,90603.73,5778.15,18285.16,23.51,4.22,127.9966
2025-03-05,89921.85,5842.63,18552.73,21.93,4.28,126.504
2025-03-06,86756.98,5738.52,18069.26,24.87,4.29,126.1099
2025-03-07,86206.69,5770.2,18196.22,23.37,4.32,125.9814
2025-03-08,80699.17,NA,NA,NA,NA,NA
2025-03-09,78544.71,NA,NA,NA,NA,NA
2025-03-10,82914.51,5614.56,17468.32,27.86,4.22,126.268
2025-03-11,83659.43,5572.07,17436.1,26.92,4.28,126.0457
2025-03-12,81073.43,5599.3,17648.45,24.23,4.32,125.8664
2025-03-13,83980.49,5521.52,17303.01,24.66,4.27,126.0031
2025-03-14,84351.46,5638.94,17754.09,21.77,4.31,125.6942
2025-03-15,82562.57,NA,NA,NA,NA,NA
2025-03-16,84011.4,NA,NA,NA,NA,NA
2025-03-17,82698.76,5675.12,17808.66,20.51,4.31,125.3688
2025-03-18,86877.96,5614.66,17504.12,21.7,4.29,125.488
2025-03-19,84183.42,5675.29,17750.79,19.9,4.25,125.8006
2025-03-20,84061.96,5662.89,17691.63,19.8,4.24,125.985
2025-03-21,83852.03,5667.56,17784.05,19.28,4.25,126.2679
2025-03-22,86092.94,NA,NA,NA,NA,NA
2025-03-23,87523.62,NA,NA,NA,NA,NA
2025-03-24,87427.88,5767.57,18188.59,17.48,4.34,126.1956
2025-03-25,86926.01,5776.65,18271.86,17.15,4.31,126.0535
2025-03-26,87217.48,5712.2,17899.01,18.33,4.35,126.2364
2025-03-27,84381.8,5693.31,17804.03,18.69,4.38,126.3626
2025-03-28,82616.83,5580.94,17322.99,21.65,4.27,126.4187
2025-03-29,82379.98,NA,NA,NA,NA,NA
2025-03-30,82534.32,NA,NA,NA,NA,NA
2025-03-31,85170.37,5611.85,17299.29,22.28,4.23,126.7075
2025-04-01,82490.08,5633.07,17449.89,21.77,4.17,126.4338
2025-04-02,83174.33,5670.97,17601.05,21.51,4.2,126.3811
2025-04-03,83860.16,5396.52,16550.61,30.02,4.06,124.7316
2025-04-04,83498.25,5074.08,15587.79,45.31,4.01,125.8129
2025-04-05,78370.75,NA,NA,NA,NA,NA
2025-04-06,79140.01,NA,NA,NA,NA,NA
2025-04-07,76251.64,5062.25,15603.26,46.98,4.15,126.8282
2025-04-08,82594.75,4982.77,15267.91,52.33,4.26,126.8668
2025-04-09,79552.34,5456.9,17124.97,33.62,4.34,126.628
2025-04-10,83380.47,5268.05,16387.31,40.72,4.4,125.089
2025-04-11,85271.01,5363.36,16724.46,37.56,4.48,124.0163
2025-04-12,83733.07,NA,NA,NA,NA,NA
2025-04-13,84590.36,NA,NA,NA,NA,NA
2025-04-14,83629.78,5405.97,16831.48,30.89,4.38,123.6598
2025-04-15,84028.72,5396.63,16823.17,30.12,4.35,123.776
2025-04-16,84961.97,5275.7,16307.16,32.64,4.29,123.2724
2025-04-17,84466.47,5282.7,16286.45,29.65,4.34,123.1298
2025-04-18,85074.99,NA,NA,NA,NA,122.9865
2025-04-19,85177.34,NA,NA,NA,NA,NA
2025-04-20,87522.07,NA,NA,NA,NA,NA
2025-04-21,93489.1,5158.2,15870.9,33.82,4.42,122.3145
2025-04-22,93740.92,5287.76,16300.42,30.57,4.41,122.4175
2025-04-23,94021.96,5375.86,16708.05,28.45,4.4,123.0252
2025-04-24,94708.79,5484.77,17166.04,26.47,4.32,122.9251
2025-04-25,94666.64,5525.21,17382.94,24.84,4.29,122.8858
2025-04-26,93780.57,NA,NA,NA,NA,NA
2025-04-27,95042.57,NA,NA,NA,NA,NA
2025-04-28,94271.09,5528.75,17366.13,25.15,4.23,122.7176
2025-04-29,94182.54,5560.83,17461.32,24.17,4.19,122.5944
2025-04-30,96524.98,5569.06,17446.34,24.7,4.17,122.5921
2025-05-01,96929.81,5604.14,17710.74,24.6,4.25,123.1405
2025-05-02,95861.33,5686.67,17977.73,22.68,4.33,122.4962
2025-05-03,94272.55,NA,NA,NA,NA,NA
2025-05-04,94733.99,NA,NA,NA,NA,NA
2025-05-05,96839.17,5650.38,17844.24,23.64,4.36,122.2613
2025-05-06,97058.32,5606.91,17689.66,24.76,4.3,122.0417
2025-05-07,103253.49,5631.28,17738.16,23.55,4.26,122.117
2025-05-08,102986.96,5663.94,17928.14,22.48,4.37,122.7568
2025-05-09,104821.19,5659.91,17928.92,21.9,4.37,122.5191
2025-05-10,104137.62,NA,NA,NA,NA,NA
2025-05-11,102800.21,NA,NA,NA,NA,NA
2025-05-12,104131.06,5844.19,18708.34,18.39,4.45,123.4863
2025-05-13,103545.38,5886.55,19010.08,18.22,4.49,122.9583
2025-05-14,103786.43,5892.58,19146.81,18.62,4.53,122.6746
2025-05-15,103500.03,5916.93,19112.32,17.83,4.45,122.8174
2025-05-16,103161.07,5958.38,19211.1,17.24,4.43,123.0737
2025-05-17,106473.46,NA,NA,NA,NA,NA
2025-05-18,105616.18,NA,NA,NA,NA,NA
2025-05-19,106883.24,5963.6,19215.46,18.14,4.46,122.4186
2025-05-20,109699.54,5940.46,19142.71,18.09,4.48,122.3199
2025-05-21,111722.53,5844.61,18872.64,20.87,4.58,121.7496
2025-05-22,107329.61,5842.01,18925.73,20.28,4.54,122.0429
2025-05-23,107794.01,5802.82,18737.21,22.29,4.51,121.3837
2025-05-24,109048.68,NA,NA,NA,NA,NA
2025-05-25,109464.32,NA,NA,NA,NA,NA
2025-05-26,108978.46,NA,NA,20.57,NA,NA
2025-05-27,107819.29,5921.54,19199.16,18.96,4.43,121.6099
2025-05-28,105572.58,5888.55,19100.94,19.31,4.47,121.9888
2025-05-29,104033.26,5912.17,19175.87,19.18,4.43,121.5617
2025-05-30,104645.87,5911.69,19113.77,18.57,4.41,121.7674
2025-05-31,105697.94,NA,NA,NA,NA,NA
2025-06-01,105904.94,NA,NA,NA,NA,NA
2025-06-02,105447.82,5935.94,19242.61,18.36,4.46,121.1881
2025-06-03,104753.38,5970.37,19398.96,17.69,4.46,121.4592
2025-06-04,101570.2,5970.81,19460.49,17.61,4.37,121.0539
2025-06-05,104397.99,5939.3,19298.45,18.48,4.4,120.9596
2025-06-06,105619.02,6000.36,19529.95,16.77,4.51,121.161
2025-06-07,105784.4,NA,NA,NA,NA,NA
2025-06-08,110301.15,NA,NA,NA,NA,NA
2025-06-09,110300.24,6005.88,19591.24,17.16,4.49,120.9103
2025-06-10,108669.37,6038.81,19714.99,16.95,4.47,121.0485
2025-06-11,105721.05,6022.24,19615.88,17.26,4.41,120.587
2025-06-12,106118.7,6045.26,19662.48,18.02,4.36,120.1723
2025-06-13,105465.42,5976.97,19406.83,20.82,4.41,120.3245
2025-06-14,105599.25,NA,NA,NA,NA,NA
2025-06-15,106853.38,NA,NA,NA,NA,NA
2025-06-16,104590.44,6033.11,19701.21,19.11,4.46,120.1565
2025-06-17,104915.6,5982.72,19521.09,21.6,4.39,120.5048
2025-06-18,104671.9,5980.87,19546.27,20.14,4.38,120.7305
2025-06-19,103317.8,NA,NA,22.17,NA,NA
2025-06-20,102160.03,5967.84,19447.41,20.62,4.38,121.0408
2025-06-21,100996.87,NA,NA,NA,NA,NA
2025-06-22,105419.39,NA,NA,NA,NA,NA
2025-06-23,106141,6025.17,19630.97,19.83,4.34,121.1694
2025-06-24,107400.22,6092.18,19912.53,17.48,4.3,120.3645
2025-06-25,107029.64,6092.16,19973.55,16.76,4.29,120.3336
2025-06-26,107113.38,6141.02,20167.91,16.59,4.26,119.6451
2025-06-27,107352.2,6173.07,20273.46,16.32,4.29,119.659
2025-06-28,108386.44,NA,NA,NA,NA,NA
2025-06-29,107173.21,NA,NA,NA,NA,NA
2025-06-30,105711.78,6204.95,20369.73,16.73,4.24,119.4088
2025-07-01,108888.32,6198.01,20202.89,16.83,4.26,119.3436
2025-07-02,109628.83,6227.42,20393.13,16.64,4.3,119.3037
2025-07-03,108028.6,6279.35,20601.1,16.38,4.35,119.2382
2025-07-04,108246.65,NA,NA,17.48,NA,NA
2025-07-05,109217.98,NA,NA,NA,NA,NA
2025-07-06,108269.84,NA,NA,NA,NA,NA
2025-07-07,108958.04,6229.98,20412.52,17.79,4.4,119.6201
2025-07-08,111282.85,6225.52,20418.46,16.81,4.42,119.8371
2025-07-09,116031.3,6263.26,20611.34,15.94,4.34,119.7311
2025-07-10,117582.16,6280.46,20630.66,15.78,4.35,119.8343
2025-07-11,117472.65,6259.75,20585.53,16.4,4.43,119.9214
2025-07-12,119130.81,NA,NA,NA,NA,NA
2025-07-13,119863.71,NA,NA,NA,NA,NA
2025-07-14,117781.64,6268.56,20640.33,17.2,4.43,120.2209
2025-07-15,118681.68,6243.76,20677.8,17.38,4.5,120.5105
2025-07-16,119273.69,6263.7,20730.49,17.16,4.46,120.4175
2025-07-17,118023.05,6297.36,20885.65,16.52,4.47,120.6384
2025-07-18,117914.17,6296.79,20895.66,16.41,4.44,120.356
2025-07-19,117312.7,NA,NA,NA,NA,NA
2025-07-20,117428.79,NA,NA,NA,NA,NA
2025-07-21,120026.42,6305.6,20974.17,16.65,4.38,119.9961
2025-07-22,118810.44,6309.62,20892.68,16.5,4.35,119.681
2025-07-23,118397.04,6358.91,21020.02,15.37,4.4,119.5697
2025-07-24,117633.27,6363.35,21057.96,15.39,4.43,119.5664
2025-07-25,117969.63,6388.64,21108.32,14.93,4.4,119.9857
2025-07-26,119465.52,NA,NA,NA,NA,NA
2025-07-27,118070.59,NA,NA,NA,NA,NA
2025-07-28,117933.39,6389.77,21178.58,15.03,4.42,120.6149
2025-07-29,117830.15,6370.86,21098.29,15.98,4.34,120.9674
2025-07-30,115761.13,6362.9,21129.67,15.48,4.38,121.4042
2025-07-31,113248.73,6339.39,21122.45,16.72,4.37,121.721
2025-08-01,112542.74,6238.01,20650.13,20.38,4.23,121.2122
2025-08-02,114215.73,NA,NA,NA,NA,NA
2025-08-03,115051.85,NA,NA,NA,NA,NA
2025-08-04,114112.95,6329.94,21053.58,17.52,4.22,120.9859
2025-08-05,115028.83,6299.19,20916.55,17.85,4.22,120.9082
2025-08-06,117515.49,6345.06,21169.42,16.77,4.22,120.5082
2025-08-07,116683.79,6340,21242.7,16.57,4.23,120.5043
2025-08-08,116492.51,6389.45,21450.02,15.15,4.27,120.3329
2025-08-09,119309.37,NA,NA,NA,NA,NA
2025-08-10,118701.84,NA,NA,NA,NA,NA
2025-08-11,120113.18,6373.45,21385.4,16.25,4.27,120.6892
2025-08-12,123365.63,6445.76,21681.9,14.73,4.29,120.2736
2025-08-13,118389.79,6466.58,21713.14,14.49,4.24,120.13
2025-08-14,117436.96,6468.54,21710.67,14.83,4.29,120.6446
2025-08-15,117455.68,6449.8,21622.98,15.09,4.33,120.3377
2025-08-16,117488.6,NA,NA,NA,NA,NA
2025-08-17,116286.76,NA,NA,NA,NA,NA
2025-08-18,112856.19,6449.15,21629.77,14.99,4.34,120.5622
2025-08-19,114276,6411.37,21314.95,15.57,4.3,120.7224
2025-08-20,112480.3,6395.78,21172.86,15.69,4.29,120.7757
2025-08-21,116908.68,6370.17,21100.31,16.6,4.33,121.0843
2025-08-22,115383.87,6466.91,21496.53,14.22,4.26,120.2774
2025-08-23,113478,NA,NA,NA,NA,NA
2025-08-24,110127.74,NA,NA,NA,NA,NA
2025-08-25,111788.01,6439.32,21449.29,14.79,4.28,120.4214
2025-08-26,111253.21,6465.94,21544.27,14.62,4.26,120.5274
2025-08-27,112574.85,6481.4,21590.14,14.85,4.24,120.7274
2025-08-28,108378.32,6501.86,21705.16,14.43,4.22,120.2595
2025-08-29,108827.93,6460.26,21455.55,15.36,4.23,120.2082
2025-08-30,108247.95,NA,NA,NA,NA,NA
2025-08-31,109240.55,NA,NA,NA,NA,NA
2025-09-01,111247.94,NA,NA,16.12,NA,NA
2025-09-02,111756.41,6415.54,21279.63,17.17,4.28,120.6837
2025-09-03,110720.79,6448.26,21497.73,16.35,4.22,120.5052
2025-09-04,110670.02,6502.08,21707.69,15.3,4.17,120.7629
2025-09-05,110212.6,6481.5,21700.39,15.18,4.1,120.1282
2025-09-06,111129.61,NA,NA,NA,NA,NA
2025-09-07,112072.57,NA,NA,NA,NA,NA
2025-09-08,111549.32,6495.15,21798.7,15.11,4.05,120.0971
2025-09-09,113983.97,6512.61,21879.49,15.04,4.08,120.1569
2025-09-10,115540,6532.04,21886.06,15.35,4.04,120.1223
2025-09-11,116106.03,6587.47,22043.07,14.71,4.01,119.9534
2025-09-12,115968.35,6584.29,22141.1,14.76,4.06,120.0611
2025-09-13,115314.13,NA,NA,NA,NA,NA
2025-09-14,115381.08,NA,NA,NA,NA,NA
2025-09-15,116832.56,6615.28,22348.75,15.69,4.05,119.5644
2025-09-16,116484.4,6606.76,22333.96,16.36,4.04,119.1348
2025-09-17,117117.99,6600.35,22261.33,15.72,4.06,119.1582
2025-09-18,115690.55,6631.96,22470.73,15.7,4.11,119.6616
2025-09-19,115752.4,6664.36,22631.48,15.45,4.14,119.7858
2025-09-20,115282.27,NA,NA,NA,NA,NA
2025-09-21,112736.59,NA,NA,NA,NA,NA
2025-09-22,112017.21,6693.75,22788.98,16.1,4.15,119.8152
2025-09-23,113348.17,6656.92,22573.47,16.64,4.12,119.6202
2025-09-24,109035.72,6637.97,22497.86,16.18,4.16,120.1707
2025-09-25,109697.29,6604.72,22384.7,16.74,4.18,120.5419
2025-09-26,109681.16,6643.7,22484.07,15.29,4.2,120.4349
2025-09-27,112197.67,NA,NA,NA,NA,NA
2025-09-28,114365.07,NA,NA,NA,NA,NA
2025-09-29,114067.71,6661.21,22591.15,16.12,4.15,120.115
2025-09-30,118659.97,6688.46,22660.01,16.28,4.16,120.1368
2025-10-01,120621.32,6711.2,22755.16,16.29,4.12,120.1502
2025-10-02,122318.4,6715.35,22844.05,16.63,4.1,120.4296
2025-10-03,122458.56,6715.79,22780.51,16.65,4.13,120.0881
2025-10-04,123520.79,NA,NA,NA,NA,NA
2025-10-05,124720.09,NA,NA,NA,NA,NA
2025-10-06,121393.95,6740.28,22941.67,16.37,4.18,120.2722
2025-10-07,123343.25,6714.59,22788.36,17.24,4.14,120.4884
2025-10-08,121714.51,6753.72,23043.38,16.3,4.13,120.7766
2025-10-09,112980.28,6735.11,23024.63,16.43,4.14,121.0902
2025-10-10,110768.89,6552.51,22204.43,21.66,4.05,121.1163
2025-10-11,115067.98,NA,NA,NA,NA,NA
2025-10-12,115274.03,NA,NA,NA,NA,NA
2025-10-13,113068,6654.72,22694.61,19.03,NA,NA
2025-10-14,110804.12,6644.31,22521.7,20.81,4.03,121.1822
2025-10-15,108198,6671.06,22670.08,20.64,4.05,120.8642
2025-10-16,106463.3,6629.07,22562.54,25.31,3.99,120.6698
2025-10-17,107208.91,6664.01,22679.97,20.78,4.02,120.7028
2025-10-18,108676.78,NA,NA,NA,NA,NA
2025-10-19,110568.06,NA,NA,NA,NA,NA
2025-10-20,108362.27,6735.13,22990.54,18.23,4,120.6209
2025-10-21,107585.98,6735.35,22953.67,17.87,3.98,120.8895
2025-10-22,110116.03,6699.4,22740.4,18.6,3.97,120.8958
2025-10-23,111042.13,6738.44,22941.8,17.3,4.01,120.9531
2025-10-24,111666.21,6791.69,23204.87,16.37,4.02,120.9345
2025-10-25,114548.09,NA,NA,NA,NA,NA
2025-10-26,114087.06,NA,NA,NA,NA,NA
2025-10-27,112906.75,6875.16,23637.46,15.79,4.01,120.7988
2025-10-28,110032.13,6890.89,23827.49,16.42,3.99,120.6361
2025-10-29,108308.18,6890.59,23958.47,16.92,4.08,120.5312
2025-10-30,109555.27,6822.34,23581.14,16.91,4.11,121.2832
2025-10-31,110052.25,6840.2,23724.96,17.44,4.11,121.3859
2025-11-01,110536.01,NA,NA,NA,NA,NA
2025-11-02,106557.98,NA,NA,NA,NA,NA
2025-11-03,101468.15,6851.97,23834.72,17.17,4.13,121.4512
2025-11-04,100291.85,6771.55,23348.64,19,4.1,121.8271
2025-11-05,103472,6796.29,23499.8,18.01,4.17,121.8482
2025-11-06,101447.93,6720.32,23053.99,19.5,4.11,121.6948
2025-11-07,102882.15,6728.8,23004.54,19.08,4.11,121.388
2025-11-08,101838.43,NA,NA,NA,NA,NA
2025-11-09,106496.49,NA,NA,NA,NA,NA
2025-11-10,106071.01,6832.43,23527.17,17.6,4.13,121.2984
2025-11-11,102734.93,6846.61,23468.3,17.28,NA,NA
2025-11-12,101945.44,6850.92,23406.46,17.51,4.08,121.0458
2025-11-13,98906.39,6737.49,22870.36,20,4.11,120.7725
2025-11-14,94829.23,6734.11,22900.59,19.83,4.14,120.9666
2025-11-15,95095.36,NA,NA,NA,NA,NA
2025-11-16,95197.96,NA,NA,NA,NA,NA
2025-11-17,91855.7,6672.41,22708.07,22.38,4.13,121.1146
2025-11-18,92184.51,6617.32,22432.85,24.69,4.12,121.2127
2025-11-19,91783.66,6642.16,22564.23,23.66,4.13,121.4978
2025-11-20,87214,6538.76,22078.05,26.42,4.1,121.6889
2025-11-21,84826,6602.99,22273.08,23.43,4.06,121.8653
2025-11-22,85133.92,NA,NA,NA,NA,NA
2025-11-23,86499.25,NA,NA,NA,NA,NA
2025-11-24,87981.12,6705.12,22872.01,20.52,4.04,121.9171
2025-11-25,87366.12,6765.88,23025.59,18.56,4.01,121.6335
2025-11-26,90635.53,6812.61,23214.69,17.19,4,121.2437
2025-11-27,91094,NA,NA,17.21,NA,NA
2025-11-28,90919.78,6849.09,23365.69,16.35,4.02,121.0527
2025-11-29,90946.75,NA,NA,NA,NA,NA
2025-11-30,87446.89,NA,NA,NA,NA,NA
2025-12-01,86628.25,6812.63,23275.92,17.24,4.09,120.9862
2025-12-02,91532.75,6829.37,23413.67,16.59,4.09,121.1467
2025-12-03,93150.03,6849.72,23454.09,16.08,4.06,120.7336
2025-12-04,92353.31,6857.12,23505.14,15.78,4.11,120.6766
2025-12-05,89347.18,6870.4,23578.13,15.41,4.14,120.6863
2025-12-06,89480.46,NA,NA,NA,NA,NA
2025-12-07,90435.42,NA,NA,NA,NA,NA
2025-12-08,90338.37,6846.51,23545.9,16.66,4.17,120.776
2025-12-09,92243.57,6840.51,23576.49,16.93,4.18,120.6832
2025-12-10,91194.97,6886.68,23654.16,15.77,4.13,120.6752
2025-12-11,91784.59,6901,23593.86,14.85,4.14,119.98
2025-12-12,90350,6827.41,23195.17,15.74,4.19,120.1442
2025-12-13,90326.01,NA,NA,NA,NA,NA
2025-12-14,88460.01,NA,NA,NA,NA,NA
2025-12-15,85950,6816.51,23057.41,16.5,4.18,119.9561
2025-12-16,87599.87,6800.26,23111.46,16.48,4.15,119.8902
2025-12-17,86064.34,6721.43,22693.32,17.62,4.16,120.155
2025-12-18,85352.25,6774.76,23006.36,16.87,4.12,120.0528
2025-12-19,88016.09,6834.5,23307.62,14.91,4.16,120.1652
2025-12-20,88322.39,NA,NA,NA,NA,NA
2025-12-21,88716,NA,NA,NA,NA,NA
2025-12-22,88837.97,6878.49,23428.83,14.08,4.17,119.9912
2025-12-23,87594.74,6909.79,23561.84,14,4.18,119.7057
2025-12-24,87516,6932.05,23613.31,13.47,4.15,119.4372
2025-12-25,87159.35,NA,NA,NA,NA,NA
2025-12-26,87280.65,6929.94,23593.1,13.6,4.14,119.4723
2025-12-27,87844.66,NA,NA,NA,NA,NA
2025-12-28,88029.48,NA,NA,NA,NA,NA
2025-12-29,87055.23,6905.74,23474.35,14.2,4.12,119.5899
2025-12-30,88185.26,6896.24,23419.08,14.33,4.14,119.4939
2025-12-31,87696,6845.5,23241.99,14.95,4.18,119.7456
2026-01-01,88642.88,NA,NA,NA,NA,NA
2026-01-02,90112.01,6858.47,23235.63,14.51,4.19,119.6059
2026-01-03,91351.98,NA,NA,NA,NA,NA
2026-01-04,92392.38,NA,NA,NA,NA,NA
2026-01-05,93891.94,6902.05,23395.82,14.9,4.17,119.6192
2026-01-06,92771.99,6944.82,23547.17,14.75,4.18,119.7807
2026-01-07,91377.92,6920.93,23584.27,15.38,4.15,119.8719
2026-01-08,91246.53,6921.46,23480.02,15.45,4.19,120.0904
2026-01-09,90476.01,6966.28,23671.35,14.49,4.18,120.2215
2026-01-10,90509.91,NA,NA,NA,NA,NA
2026-01-11,91538.05,NA,NA,NA,NA,NA
2026-01-12,91293.98,6977.27,23733.9,15.12,4.19,119.9958
2026-01-13,95222.7,6963.74,23709.87,15.98,4.18,120.1401
2026-01-14,96852.91,6926.6,23471.75,16.75,4.15,119.9537
2026-01-15,95569.99,6944.47,23530.02,15.84,4.17,119.9951
2026-01-16,95467.76,6940.01,23515.39,15.86,4.24,120.0838
2026-01-17,95015.57,NA,NA,NA,NA,NA
2026-01-18,92624.74,NA,NA,NA,NA,NA
2026-01-19,92572.21,NA,NA,18.84,NA,NA
2026-01-20,88916.02,6796.86,22954.32,20.09,4.3,119.4455
2026-01-21,89936.47,6875.62,23224.82,16.9,4.26,119.3431
2026-01-22,89522.33,6913.35,23436.02,15.64,4.26,119.1962
2026-01-23,89365.99,6915.61,23501.24,16.09,4.24,118.8976
2026-01-24,89155.13,NA,NA,NA,NA,NA
2026-01-25,86978.89,NA,NA,NA,NA,NA
2026-01-26,88136.48,6950.23,23601.36,16.15,4.22,118.0525
2026-01-27,89296,6978.6,23817.1,16.35,4.24,117.4523
2026-01-28,88963.96,6978.03,23857.45,16.35,4.26,117.5117
2026-01-29,83943.96,6969.01,23685.12,16.88,4.24,117.4396
2026-01-30,83986.02,6939.03,23461.82,17.44,4.26,117.8996
2026-01-31,78727.3,NA,NA,NA,NA,NA
2026-02-01,77831.33,NA,NA,NA,NA,NA
2026-02-02,78938.16,6976.44,23592.11,16.34,4.29,118.3609
2026-02-03,76313.98,6917.81,23255.19,18,4.28,117.9764
2026-02-04,72853.79,6882.72,22904.58,18.64,4.29,118.2602
2026-02-05,63845.99,6798.4,22540.59,21.77,4.21,118.5034
2026-02-06,69936.2,6932.3,23031.21,17.76,4.22,118.2407
2026-02-07,69199.99,NA,NA,NA,NA,NA
2026-02-08,70477.92,NA,NA,NA,NA,NA
2026-02-09,69986.8,6964.82,23238.67,17.36,4.22,117.6392
2026-02-10,69219,6941.81,23102.47,17.79,4.16,117.5216
2026-02-11,67479.13,6941.47,23066.47,17.65,4.18,117.4601
2026-02-12,66001.99,6832.76,22597.15,20.82,4.09,117.5376
2026-02-13,68970.18,6836.17,22546.67,20.6,4.04,117.5258
2026-02-14,69801.43,NA,NA,NA,NA,NA
2026-02-15,68913.72,NA,NA,NA,NA,NA
2026-02-16,68810.28,NA,NA,21.2,NA,NA
2026-02-17,67191.37,6843.22,22578.38,20.29,4.05,117.7375
2026-02-18,66533.36,6881.31,22753.63,19.62,4.09,117.8426
2026-02-19,67214.29,6861.89,22682.73,20.23,4.08,118.2354
2026-02-20,67885.32,6909.51,22886.07,19.09,4.08,117.9917
2026-02-21,67969.48,NA,NA,NA,NA,NA
2026-02-22,66238.9,NA,NA,NA,NA,NA
2026-02-23,64743.99,6837.75,22627.27,21.01,4.03,117.9395
2026-02-24,64290.01,6890.07,22863.68,19.55,4.04,117.9463
2026-02-25,68448.27,6946.13,23152.08,17.93,4.05,117.769
2026-02-26,67068.86,6908.86,22878.38,18.63,4.02,117.9042
2026-02-27,65950,6878.88,22668.21,19.86,3.97,117.8223
2026-02-28,66680.36,NA,NA,NA,NA,NA
2026-03-01,66474.29,NA,NA,NA,NA,NA
2026-03-02,69016.92,6881.62,22748.86,21.44,4.05,118.667
2026-03-03,68222.81,6816.63,22516.69,23.57,4.06,119.4341
2026-03-04,72776.66,6869.5,22807.48,21.15,4.09,119.0705
2026-03-05,70955.49,6830.71,22748.99,23.75,4.13,119.5683
2026-03-06,68350,6740.02,22387.68,29.49,4.15,119.491
2026-03-07,67193.87,NA,NA,NA,NA,NA
2026-03-08,66055.14,NA,NA,NA,NA,NA
2026-03-09,68480.54,6795.99,22695.95,25.5,4.12,119.5151
2026-03-10,69847.95,6781.48,22697.1,24.93,4.15,118.7255
2026-03-11,70210.72,6775.8,22716.13,24.23,4.21,119.2885
2026-03-12,70500.54,6672.62,22311.98,27.29,4.27,119.8227
2026-03-13,70838.78,6632.19,22105.36,27.19,4.28,120.5518
2026-03-14,71118.53,NA,NA,NA,NA,NA
2026-03-15,72953.27,NA,NA,NA,NA,NA
2026-03-16,74758.54,6699.38,22374.18,23.51,4.23,120.097
2026-03-17,73845.35,6716.09,22479.53,22.37,4.2,119.8328
2026-03-18,71204.95,6624.7,22152.42,25.09,4.26,119.9276
2026-03-19,69858.95,6606.49,22090.69,24.06,4.25,120.1802
2026-03-20,70560.99,6506.48,21647.61,26.78,4.39,120.2757
2026-03-21,68398.68,NA,NA,NA,NA,NA
2026-03-22,67977.71,NA,NA,NA,NA,NA
2026-03-23,70906,6581,21946.76,26.15,4.34,119.9371
2026-03-24,70555.44,6556.37,21761.89,26.95,4.39,120.1295
2026-03-25,71277.56,6591.9,21929.83,25.33,4.33,120.1282
2026-03-26,68762.2,6477.16,21408.08,27.44,4.42,120.389
2026-03-27,66390.02,6368.85,20948.36,31.05,4.44,120.8851
2026-03-28,66392.04,NA,NA,NA,NA,NA
2026-03-29,65862.79,NA,NA,NA,NA,NA
2026-03-30,66683.77,6343.72,20794.64,30.61,4.35,121.2851
2026-03-31,68133.96,6528.52,21590.63,25.25,4.3,121.035
2026-04-01,68100.65,6575.32,21840.95,24.54,4.33,120.1198
2026-04-02,66959.99,6582.69,21879.18,23.87,4.31,120.503
2026-04-03,66911.51,NA,NA,NA,4.35,120.6565
2026-04-04,67284.16,NA,NA,NA,NA,NA
2026-04-05,69279.05,NA,NA,NA,NA,NA
2026-04-06,68909.06,6611.83,21996.34,24.17,4.34,120.4302
2026-04-07,71872.04,6616.85,22017.85,25.78,4.33,120.32
2026-04-08,71015.98,6782.81,22635,21.04,4.29,119.0596
2026-04-09,71798.73,6824.66,22822.42,19.49,4.29,118.8998
2026-04-10,72905.26,6816.89,22902.89,19.23,4.31,118.8552
2026-04-11,72997.99,NA,NA,NA,NA,NA
2026-04-12,70661.26,NA,NA,NA,NA,NA
2026-04-13,74505.1,6886.24,23183.74,19.12,4.3,118.9916
2026-04-14,74386.01,6967.38,23639.08,18.36,4.26,118.3581
2026-04-15,74725.02,7022.95,24016.02,18.17,4.29,118.3623
2026-04-16,75124.72,7041.28,24102.7,17.94,4.32,118.3616
2026-04-17,75736.82,7126.06,24468.48,17.48,4.26,118.0795
2026-04-18,73823.14,NA,NA,NA,NA,NA
2026-04-19,74201.44,NA,NA,NA,NA,NA
2026-04-20,75854.66,7109.14,24404.39,18.87,4.26,118.2374
2026-04-21,76434.02,7064.01,24259.96,19.5,4.3,118.4331
2026-04-22,78416.36,7137.9,24657.57,18.92,4.3,118.6004
2026-04-23,78281.09,7108.4,24438.5,19.31,4.34,118.7155
2026-04-24,77490.01,7165.08,24836.6,18.71,4.31,118.7294
2026-04-25,77650.51,NA,NA,NA,NA,NA
2026-04-26,78818.4,NA,NA,NA,NA,NA
2026-04-27,77302.47,7173.91,24887.1,18.02,4.35,118.5458
2026-04-28,76361.99,7138.8,24663.8,17.83,4.36,118.7717
2026-04-29,75794.4,7135.95,24673.24,18.81,4.42,119.0975
2026-04-30,76442.08,7209.01,24892.31,16.89,4.4,118.671
2026-05-01,78285.16,7230.12,25114.44,16.99,4.39,118.3926
2026-05-02,78705.06,NA,NA,NA,NA,NA
2026-05-03,78496.31,NA,NA,NA,NA,NA
2026-05-04,79926.19,7200.75,25067.8,18.29,4.45,118.8264
2026-05-05,81028.26,7259.22,25326.13,17.38,4.43,118.6207
2026-05-06,81476.51,7365.12,25838.94,17.39,4.36,118.0982
2026-05-07,80047.2,7337.11,25806.2,17.08,4.41,118.0116
2026-05-08,80150.27,7398.93,26247.08,17.19,4.38,118.0392
2026-05-09,80645.62,NA,NA,NA,NA,NA
2026-05-10,82103.78,NA,NA,NA,NA,NA
2026-05-11,81734.25,7412.84,26274.13,18.38,4.42,118.0562
2026-05-12,80414.77,7400.96,26088.2,17.99,4.46,118.5238
2026-05-13,79371.63,7444.25,26402.34,17.87,4.46,118.4737
2026-05-14,79142.38,7501.24,26635.22,17.26,4.47,118.6696
2026-05-15,79026,7408.5,26225.14,18.43,4.59,119.2825
2026-05-16,78183.58,NA,NA,NA,NA,NA
2026-05-17,77269.08,NA,NA,NA,NA,NA
2026-05-18,76952.14,7403.05,26090.73,17.82,4.61,NA
2026-05-19,76799.23,7353.61,25870.71,18.06,4.67,NA
2026-05-20,77494.61,7432.97,26270.36,17.44,4.57,NA
2026-05-21,77451.06,7445.72,26293.1,16.76,4.57,NA
2026-05-22,75478.44,7473.47,26343.97,NA,NA,NA
2026-05-23,76627.99,NA,NA,NA,NA,NA
2026-05-24,77078.18,NA,NA,NA,NA,NA
